{
  "USDC": 0.24936066,
  "WETH": 8.3826607e-05,
  "WETH_viaUSDC": 8.3369217e-05,
  "diff_pct": 0.005471,
  "prefer": "viaUSDC",
  "pool": {
    "address_usdc": "0xca71156bFe3bBecb281B78BF8bd9C083D1db222b",
    "address_weth": "0x4F4F6a4f5A28420B57A49Fe5cc935b441BB52456",
    "krs_usdc": 2188.696828479171,
    "usdc": 487.091094,
    "krs_weth": 3276.7725496679004,
    "weth": 0.5275724218839425,
    "value_usd": 3427.95,
    "value_eth": 1.146074,
    "value_pln": 12308.11
  },
  "ETHPLN": 10739.36,
  "ETHUSD": 2991.04
}