{
  "WETH": 0.00010037,
  "USDC": 0.25098561,
  "pool": {
    "krs_usdc": 1795.595825727416,
    "usdc": 556.349163,
    "krs_weth": 773.9409627799216,
    "weth": 0.0792045223831278,
    "value_usd": 1007.1,
    "value_eth": 0.402392,
    "value_pln": 3626.36
  },
  "ETHPLN": 9011.99,
  "ETHUSD": 2502.77
}