{
  "USDC": 0.24899189,
  "WETH": 8.428699e-05,
  "WETH_viaUSDC": 8.4782822e-05,
  "diff_pct": 0.005865,
  "prefer": "viaUSDC",
  "pool": {
    "address_usdc": "0xca71156bFe3bBecb281B78BF8bd9C083D1db222b",
    "address_weth": "0x4F4F6a4f5A28420B57A49Fe5cc935b441BB52456",
    "krs_usdc": 2258.1840492434226,
    "usdc": 466.284424,
    "krs_weth": 3207.285328903649,
    "weth": 0.5322306673951371,
    "value_usd": 3390.21,
    "value_eth": 1.15438,
    "value_pln": 12143.18
  },
  "ETHPLN": 10519.22,
  "ETHUSD": 2936.82
}