{
  "USDC": 0.24100827,
  "WETH": 0.000101648073,
  "WETH_viaUSDC": 0.000100874044,
  "diff_pct": 0.007644,
  "prefer": "viaUSDC",
  "pool": {
    "address_usdc": "0xca71156bFe3bBecb281B78BF8bd9C083D1db222b",
    "address_weth": "0x4F4F6a4f5A28420B57A49Fe5cc935b441BB52456",
    "krs_usdc": 3986.3927805780936,
    "usdc": 57.388424,
    "krs_weth": 1479.0765975689778,
    "weth": 0.6974145802764031,
    "value_usd": 3040.87,
    "value_eth": 1.272759,
    "value_pln": 10952.58
  },
  "ETHPLN": 8605.39,
  "ETHUSD": 2389.2
}