{
  "USDC": 0.25412938,
  "WETH": 6.3120241e-05,
  "WETH_viaUSDC": 6.2558774e-05,
  "diff_pct": 0.008935,
  "prefer": "viaUSDC",
  "pool": {
    "address_usdc": "0xca71156bFe3bBecb281B78BF8bd9C083D1db222b",
    "address_weth": "0x4F4F6a4f5A28420B57A49Fe5cc935b441BB52456",
    "krs_usdc": 1169.8883424270762,
    "usdc": 721.138172,
    "krs_weth": 822.5432181127886,
    "weth": 0.09958437071531338,
    "value_usd": 1632.01,
    "value_eth": 0.40175,
    "value_pln": 5929.21
  },
  "ETHPLN": 14758.45,
  "ETHUSD": 4062.25
}