{
  "USDC": 0.25124783,
  "WETH": 8.0814629e-05,
  "WETH_viaUSDC": 8.1813568e-05,
  "diff_pct": 0.012285,
  "prefer": "viaUSDC",
  "pool": {
    "address_usdc": "0xca71156bFe3bBecb281B78BF8bd9C083D1db222b",
    "address_weth": "0x4F4F6a4f5A28420B57A49Fe5cc935b441BB52456",
    "krs_usdc": 1763.226926143656,
    "usdc": 575.262744,
    "krs_weth": 3702.1459766617522,
    "weth": 0.4864924448036052,
    "value_usd": 3442.43,
    "value_eth": 1.120956,
    "value_pln": 12522.94
  },
  "ETHPLN": 11171.66,
  "ETHUSD": 3070.98
}