{
  "USDC": 0.25028132,
  "WETH": 8.2716151e-05,
  "WETH_viaUSDC": 8.3113493e-05,
  "diff_pct": 0.004792,
  "prefer": "viaUSDC",
  "pool": {
    "address_usdc": "0xca71156bFe3bBecb281B78BF8bd9C083D1db222b",
    "address_weth": "0x4F4F6a4f5A28420B57A49Fe5cc935b441BB52456",
    "krs_usdc": 2009.8783339648244,
    "usdc": 537.498192,
    "krs_weth": 3455.591044182247,
    "weth": 0.5145489564355549,
    "value_usd": 3454.87,
    "value_eth": 1.147296,
    "value_pln": 12463.12
  },
  "ETHPLN": 10863.04,
  "ETHUSD": 3011.32
}