{
  "USDC": 0.25102207,
  "WETH": 8.1455912e-05,
  "WETH_viaUSDC": 8.1780799e-05,
  "diff_pct": 0.003981,
  "prefer": "viaUSDC",
  "pool": {
    "address_usdc": "0xca71156bFe3bBecb281B78BF8bd9C083D1db222b",
    "address_weth": "0x4F4F6a4f5A28420B57A49Fe5cc935b441BB52456",
    "krs_usdc": 1836.6728236492795,
    "usdc": 570.42877,
    "krs_weth": 3628.796554497792,
    "weth": 0.4969035187987496,
    "value_usd": 3467.6,
    "value_eth": 1.129715,
    "value_pln": 12474.73
  },
  "ETHPLN": 11042.37,
  "ETHUSD": 3069.45
}