{
  "USDC": 0.25233426,
  "WETH": 7.9438991e-05,
  "WETH_viaUSDC": 8.0315701e-05,
  "diff_pct": 0.010976,
  "prefer": "viaUSDC",
  "pool": {
    "address_usdc": "0xca71156bFe3bBecb281B78BF8bd9C083D1db222b",
    "address_weth": "0x4F4F6a4f5A28420B57A49Fe5cc935b441BB52456",
    "krs_usdc": 1542.4434199974849,
    "usdc": 631.398058,
    "krs_weth": 3922.9294828079237,
    "weth": 0.46897614222298534,
    "value_usd": 3483.92,
    "value_eth": 1.1089,
    "value_pln": 12681.53
  },
  "ETHPLN": 11436.14,
  "ETHUSD": 3141.78
}