{
  "WETH": 9.164e-05,
  "USDC": 0.24763646,
  "pool": {
    "krs_usdc": 2485.0943378948145,
    "usdc": 382.10913,
    "krs_weth": 84.4424506125235,
    "weth": 0.15012714893807555,
    "value_usd": 997.52,
    "value_eth": 0.437792,
    "value_pln": 3685.04
  },
  "ETHPLN": 8417.35,
  "ETHUSD": 2278.52
}