{
  "WETH": 3.4025678654032517e+30,
  "USDC": 0.25561814,
  "pool": {
    "krs_usdc": 860.0314641665196,
    "usdc": 794.361268,
    "krs_weth": 1675.4499586400368,
    "weth": 0.002088853445085259,
    "value_usd": 5.700839296825404e+33,
    "value_eth": 1.241290860616026e+30,
    "value_pln": 2.1005434266059544e+34
  },
  "ETHPLN": 16922.25,
  "ETHUSD": 4592.67
}