{
  "USDC": 0.25049053,
  "WETH": 8.2249656e-05,
  "WETH_viaUSDC": 8.262978e-05,
  "diff_pct": 0.004611,
  "prefer": "viaUSDC",
  "pool": {
    "address_usdc": "0xca71156bFe3bBecb281B78BF8bd9C083D1db222b",
    "address_weth": "0x4F4F6a4f5A28420B57A49Fe5cc935b441BB52456",
    "krs_usdc": 1952.671720562098,
    "usdc": 544.730239,
    "krs_weth": 3512.7976575849734,
    "weth": 0.5075226971338951,
    "value_usd": 3452.32,
    "value_eth": 1.138824,
    "value_pln": 12390.17
  },
  "ETHPLN": 10879.79,
  "ETHUSD": 3031.48
}