{
  "USDC": 0.24762066,
  "WETH": 8.6399685e-05,
  "WETH_viaUSDC": 8.5937919e-05,
  "diff_pct": 0.005359,
  "prefer": "viaUSDC",
  "pool": {
    "address_usdc": "0xca71156bFe3bBecb281B78BF8bd9C083D1db222b",
    "address_weth": "0x4F4F6a4f5A28420B57A49Fe5cc935b441BB52456",
    "krs_usdc": 2522.036539823635,
    "usdc": 389.764426,
    "krs_weth": 2943.3363629817736,
    "weth": 0.5510318224441636,
    "value_usd": 3330.84,
    "value_eth": 1.155984,
    "value_pln": 12252.43
  },
  "ETHPLN": 10599.13,
  "ETHUSD": 2881.39
}