{
  "WETH": 3.4025678654032517e+30,
  "USDC": 0.25561814,
  "pool": {
    "krs_usdc": 860.0314641665196,
    "usdc": 794.361268,
    "krs_weth": 1651.7757235834763,
    "weth": 1.37e-16,
    "value_usd": 5.620278997918341e+33,
    "value_eth": 1.2161920791131199e+30,
    "value_pln": 2.060776668453226e+34
  },
  "ETHPLN": 16944.5,
  "ETHUSD": 4621.21
}