{
  "WETH": 9.67e-05,
  "USDC": 0.24959382,
  "pool": {
    "krs_usdc": 2081.1287663014414,
    "usdc": 484.255259,
    "krs_weth": 488.4080222058962,
    "weth": 0.10793514447762559,
    "value_usd": 1003.74,
    "value_eth": 0.413119,
    "value_pln": 3613.93
  },
  "ETHPLN": 8747.91,
  "ETHUSD": 2429.66
}