{
  "USDC": 0.25131908,
  "WETH": 5.5995327e-05,
  "WETH_viaUSDC": 5.5956121e-05,
  "diff_pct": 0.0007,
  "prefer": "viaUSDC",
  "pool": {
    "address_usdc": "0xca71156bFe3bBecb281B78BF8bd9C083D1db222b",
    "address_weth": "0x4F4F6a4f5A28420B57A49Fe5cc935b441BB52456",
    "krs_usdc": 1732.88402699134,
    "usdc": 574.940952,
    "krs_weth": 616.5548084449737,
    "weth": 0.03962020220979464,
    "value_usd": 1343.35,
    "value_eth": 0.299096,
    "value_pln": 4877.64
  },
  "ETHPLN": 16307.93,
  "ETHUSD": 4491.36
}