{
  "USDC": 0.25343331,
  "WETH": 7.368749e-05,
  "WETH_viaUSDC": 7.3252336e-05,
  "diff_pct": 0.005923,
  "prefer": "viaUSDC",
  "pool": {
    "address_usdc": "0xca71156bFe3bBecb281B78BF8bd9C083D1db222b",
    "address_weth": "0x4F4F6a4f5A28420B57A49Fe5cc935b441BB52456",
    "krs_usdc": 1315.7262376204023,
    "usdc": 686.846338,
    "krs_weth": 371.94532291946246,
    "weth": 0.130990293871394,
    "value_usd": 1567.75,
    "value_eth": 0.453142,
    "value_pln": 5725.16
  },
  "ETHPLN": 12634.36,
  "ETHUSD": 3459.73
}