{
  "USDC": 0.24992488,
  "WETH": 8.2754823e-05,
  "WETH_viaUSDC": 8.248373e-05,
  "diff_pct": 0.003281,
  "prefer": "viaUSDC",
  "pool": {
    "address_usdc": "0xca71156bFe3bBecb281B78BF8bd9C083D1db222b",
    "address_weth": "0x4F4F6a4f5A28420B57A49Fe5cc935b441BB52456",
    "krs_usdc": 2049.5861224587684,
    "usdc": 510.617637,
    "krs_weth": 3415.883255688303,
    "weth": 0.5122737364279044,
    "value_usd": 3428.76,
    "value_eth": 1.131607,
    "value_pln": 12517.23
  },
  "ETHPLN": 11061.46,
  "ETHUSD": 3029.99
}