{
  "USDC": 0.24717379,
  "WETH": 8.7317456e-05,
  "WETH_viaUSDC": 8.6839166e-05,
  "diff_pct": 0.005493,
  "prefer": "viaUSDC",
  "pool": {
    "address_usdc": "0xca71156bFe3bBecb281B78BF8bd9C083D1db222b",
    "address_weth": "0x4F4F6a4f5A28420B57A49Fe5cc935b441BB52456",
    "krs_usdc": 2620.0949503847955,
    "usdc": 367.658269,
    "krs_weth": 2845.374427762276,
    "weth": 0.5603053597110204,
    "value_usd": 3313.4,
    "value_eth": 1.164091,
    "value_pln": 12187.0
  },
  "ETHPLN": 10469.11,
  "ETHUSD": 2846.34
}