{
  "USDC": 0.24774156,
  "WETH": 8.6175608e-05,
  "WETH_viaUSDC": 8.5855923e-05,
  "diff_pct": 0.003717,
  "prefer": "viaUSDC",
  "pool": {
    "address_usdc": "0xca71156bFe3bBecb281B78BF8bd9C083D1db222b",
    "address_weth": "0x4F4F6a4f5A28420B57A49Fe5cc935b441BB52456",
    "krs_usdc": 2496.7684514797907,
    "usdc": 396.041686,
    "krs_weth": 2968.604451325618,
    "weth": 0.548858041381608,
    "value_usd": 3333.8,
    "value_eth": 1.155343,
    "value_pln": 12246.07
  },
  "ETHPLN": 10599.51,
  "ETHUSD": 2885.55
}