{
  "USDC": 0.25447551,
  "WETH": 6.1644926e-05,
  "WETH_viaUSDC": 6.2623477e-05,
  "diff_pct": 0.015749,
  "prefer": "viaUSDC",
  "pool": {
    "address_usdc": "0xca71156bFe3bBecb281B78BF8bd9C083D1db222b",
    "address_weth": "0x4F4F6a4f5A28420B57A49Fe5cc935b441BB52456",
    "krs_usdc": 1098.6908942302944,
    "usdc": 738.452311,
    "krs_weth": 893.7406663095704,
    "weth": 0.09494662645218632,
    "value_usd": 1631.3,
    "value_eth": 0.401444,
    "value_pln": 5999.22
  },
  "ETHPLN": 14944.1,
  "ETHUSD": 4063.58
}