{
  "USDC": 0.24709288,
  "WETH": 8.744459e-05,
  "WETH_viaUSDC": 8.7806544e-05,
  "diff_pct": 0.004131,
  "prefer": "viaUSDC",
  "pool": {
    "address_usdc": "0xca71156bFe3bBecb281B78BF8bd9C083D1db222b",
    "address_weth": "0x4F4F6a4f5A28420B57A49Fe5cc935b441BB52456",
    "krs_usdc": 2635.6143096400224,
    "usdc": 363.095248,
    "krs_weth": 2829.855068507049,
    "weth": 0.5614039156978275,
    "value_usd": 3293.4,
    "value_eth": 1.170337,
    "value_pln": 12118.65
  },
  "ETHPLN": 10354.84,
  "ETHUSD": 2814.06
}