{
  "USDC": 0.25132019,
  "WETH": 5.6443306e-05,
  "WETH_viaUSDC": 5.7087734e-05,
  "diff_pct": 0.011352,
  "prefer": "viaUSDC",
  "pool": {
    "address_usdc": "0xca71156bFe3bBecb281B78BF8bd9C083D1db222b",
    "address_weth": "0x4F4F6a4f5A28420B57A49Fe5cc935b441BB52456",
    "krs_usdc": 1731.9622968957865,
    "usdc": 574.82268,
    "krs_weth": 417.4765385405273,
    "weth": 0.027921558823832078,
    "value_usd": 1237.94,
    "value_eth": 0.2812,
    "value_pln": 4496.45
  },
  "ETHPLN": 15990.23,
  "ETHUSD": 4402.35
}