{
  "USDC": 0.24901243,
  "WETH": 8.4577652e-05,
  "WETH_viaUSDC": 8.4504953e-05,
  "diff_pct": 0.00086,
  "prefer": "viaUSDC",
  "pool": {
    "address_usdc": "0xca71156bFe3bBecb281B78BF8bd9C083D1db222b",
    "address_weth": "0x4F4F6a4f5A28420B57A49Fe5cc935b441BB52456",
    "krs_usdc": 2272.9566803322095,
    "usdc": 472.12481,
    "krs_weth": 3192.5126978148623,
    "weth": 0.5366446546562708,
    "value_usd": 3414.44,
    "value_eth": 1.158724,
    "value_pln": 12198.76
  },
  "ETHPLN": 10527.75,
  "ETHUSD": 2946.72
}