{
  "USDC": 0.25377645,
  "WETH": 6.4604452e-05,
  "WETH_viaUSDC": 6.4474741e-05,
  "diff_pct": 0.00201,
  "prefer": "viaUSDC",
  "pool": {
    "address_usdc": "0xca71156bFe3bBecb281B78BF8bd9C083D1db222b",
    "address_weth": "0x4F4F6a4f5A28420B57A49Fe5cc935b441BB52456",
    "krs_usdc": 1240.797524554792,
    "usdc": 703.006079,
    "krs_weth": 751.6340359850726,
    "weth": 0.1040811910575807,
    "value_usd": 1618.31,
    "value_eth": 0.411149,
    "value_pln": 5892.16
  },
  "ETHPLN": 14330.94,
  "ETHUSD": 3936.06
}