{
  "USDC": 0.25520842,
  "WETH": 7.6454664e-05,
  "WETH_viaUSDC": 7.6442435e-05,
  "diff_pct": 0.00016,
  "prefer": "viaUSDC",
  "pool": {
    "address_usdc": "0xca71156bFe3bBecb281B78BF8bd9C083D1db222b",
    "address_weth": "0x4F4F6a4f5A28420B57A49Fe5cc935b441BB52456",
    "krs_usdc": 1004.0185135412222,
    "usdc": 789.032234,
    "krs_weth": 4461.450864605849,
    "weth": 0.43370662470355753,
    "value_usd": 3631.83,
    "value_eth": 1.087839,
    "value_pln": 13142.89
  },
  "ETHPLN": 12081.65,
  "ETHUSD": 3338.57
}