{
  "USDC": 0.24745313,
  "WETH": 8.6785327e-05,
  "WETH_viaUSDC": 8.7508842e-05,
  "diff_pct": 0.008302,
  "prefer": "viaUSDC",
  "pool": {
    "address_usdc": "0xca71156bFe3bBecb281B78BF8bd9C083D1db222b",
    "address_weth": "0x4F4F6a4f5A28420B57A49Fe5cc935b441BB52456",
    "krs_usdc": 2561.2301141309267,
    "usdc": 382.085748,
    "krs_weth": 2904.2392640161447,
    "weth": 0.5551349977903333,
    "value_usd": 3304.32,
    "value_eth": 1.168532,
    "value_pln": 12154.52
  },
  "ETHPLN": 10401.53,
  "ETHUSD": 2827.75
}