{
  "USDC": 0.25484273,
  "WETH": 7.6668329e-05,
  "WETH_viaUSDC": 7.6685253e-05,
  "diff_pct": 0.000221,
  "prefer": "viaUSDC",
  "pool": {
    "address_usdc": "0xca71156bFe3bBecb281B78BF8bd9C083D1db222b",
    "address_weth": "0x4F4F6a4f5A28420B57A49Fe5cc935b441BB52456",
    "krs_usdc": 1058.9164345986467,
    "usdc": 765.737498,
    "krs_weth": 4406.552943548425,
    "weth": 0.435004604997487,
    "value_usd": 3604.19,
    "value_eth": 1.084545,
    "value_pln": 13091.47
  },
  "ETHPLN": 12070.93,
  "ETHUSD": 3323.23
}