{
  "USDC": 0.24992608,
  "WETH": 8.2599054e-05,
  "WETH_viaUSDC": 8.3291204e-05,
  "diff_pct": 0.008345,
  "prefer": "viaUSDC",
  "pool": {
    "address_usdc": "0xca71156bFe3bBecb281B78BF8bd9C083D1db222b",
    "address_weth": "0x4F4F6a4f5A28420B57A49Fe5cc935b441BB52456",
    "krs_usdc": 2037.5459459412511,
    "usdc": 507.752949,
    "krs_weth": 3427.826956864157,
    "weth": 0.5093030662133087,
    "value_usd": 3401.92,
    "value_eth": 1.133736,
    "value_pln": 12424.59
  },
  "ETHPLN": 10958.98,
  "ETHUSD": 3000.63
}