{
  "USDC": 0.25370021,
  "WETH": 7.2327341e-05,
  "WETH_viaUSDC": 7.1518637e-05,
  "diff_pct": 0.011244,
  "prefer": "viaUSDC",
  "pool": {
    "address_usdc": "0xca71156bFe3bBecb281B78BF8bd9C083D1db222b",
    "address_weth": "0x4F4F6a4f5A28420B57A49Fe5cc935b441BB52456",
    "krs_usdc": 1262.2708561326228,
    "usdc": 700.643084,
    "krs_weth": 425.40070440724196,
    "weth": 0.12715751492001082,
    "value_usd": 1579.88,
    "value_eth": 0.44537,
    "value_pln": 5768.06
  },
  "ETHPLN": 12951.16,
  "ETHUSD": 3547.33
}