{
  "USDC": 0.245952,
  "WETH": 8.9652694e-05,
  "WETH_viaUSDC": 8.9008878e-05,
  "diff_pct": 0.007207,
  "prefer": "viaUSDC",
  "pool": {
    "address_usdc": "0xca71156bFe3bBecb281B78BF8bd9C083D1db222b",
    "address_weth": "0x4F4F6a4f5A28420B57A49Fe5cc935b441BB52456",
    "krs_usdc": 2875.4526716554255,
    "usdc": 303.647559,
    "krs_weth": 2590.016706491646,
    "weth": 0.5825236385671574,
    "value_usd": 3257.54,
    "value_eth": 1.178888,
    "value_pln": 11991.43
  },
  "ETHPLN": 10171.82,
  "ETHUSD": 2763.23
}