{
  "WETH": 0.00010577,
  "USDC": 0.25286101,
  "pool": {
    "krs_usdc": 1399.905803704297,
    "usdc": 649.491744,
    "krs_weth": 1169.6309848030419,
    "weth": 0.03824114694486178,
    "value_usd": 1003.6,
    "value_eth": 0.374185,
    "value_pln": 3752.72
  },
  "ETHPLN": 10029.06,
  "ETHUSD": 2682.09
}