{
  "WETH": 3.4025678654032517e+30,
  "USDC": 0.25561814,
  "pool": {
    "krs_usdc": 860.0314641665196,
    "usdc": 794.361268,
    "krs_weth": 1675.4499586400368,
    "weth": 0.002088853445085259,
    "value_usd": 5.700839296825404e+33,
    "value_eth": 1.2323660965093297e+30,
    "value_pln": 2.0915199796195813e+34
  },
  "ETHPLN": 16971.58,
  "ETHUSD": 4625.93
}