{
  "USDC": 0.25157888,
  "WETH": 8.0726719e-05,
  "WETH_viaUSDC": 8.1934174e-05,
  "diff_pct": 0.014846,
  "prefer": "viaUSDC",
  "pool": {
    "address_usdc": "0xca71156bFe3bBecb281B78BF8bd9C083D1db222b",
    "address_weth": "0x4F4F6a4f5A28420B57A49Fe5cc935b441BB52456",
    "krs_usdc": 1722.4606191363316,
    "usdc": 599.044229,
    "krs_weth": 3743.0087590107396,
    "weth": 0.4876141263499616,
    "value_usd": 3471.26,
    "value_eth": 1.130519,
    "value_pln": 12505.57
  },
  "ETHPLN": 11061.79,
  "ETHUSD": 3070.5
}