{
  "WETH": 9.75e-05,
  "USDC": 0.24987086,
  "pool": {
    "krs_usdc": 2021.5437700978048,
    "usdc": 497.981351,
    "krs_weth": 547.9930184095332,
    "weth": 0.10132504578982887,
    "value_usd": 1003.16,
    "value_eth": 0.411359,
    "value_pln": 3675.39
  },
  "ETHPLN": 8934.75,
  "ETHUSD": 2438.65
}