{
  "WETH": 9.87e-05,
  "USDC": 0.25032868,
  "pool": {
    "krs_usdc": 1927.648048421092,
    "usdc": 521.73857,
    "krs_weth": 641.8887400862459,
    "weth": 0.09186480368404298,
    "value_usd": 1004.35,
    "value_eth": 0.407696,
    "value_pln": 3636.23
  },
  "ETHPLN": 8918.98,
  "ETHUSD": 2463.47
}