{
  "USDC": 0.25332623,
  "WETH": 7.8738223e-05,
  "WETH_viaUSDC": 7.9069563e-05,
  "diff_pct": 0.004199,
  "prefer": "viaUSDC",
  "pool": {
    "address_usdc": "0xca71156bFe3bBecb281B78BF8bd9C083D1db222b",
    "address_weth": "0x4F4F6a4f5A28420B57A49Fe5cc935b441BB52456",
    "krs_usdc": 1384.765763044604,
    "usdc": 693.22752,
    "krs_weth": 4080.703615102467,
    "weth": 0.4635537282070085,
    "value_usd": 3562.93,
    "value_eth": 1.11208,
    "value_pln": 12959.66
  },
  "ETHPLN": 11653.53,
  "ETHUSD": 3203.84
}