{
  "WETH": 0.00010404,
  "USDC": 0.25219823,
  "pool": {
    "krs_usdc": 1532.1794781703802,
    "usdc": 614.838509,
    "krs_weth": 1037.3573103369595,
    "weth": 0.05036716321702141,
    "value_usd": 1001.36,
    "value_eth": 0.38343,
    "value_pln": 3753.24
  },
  "ETHPLN": 9788.58,
  "ETHUSD": 2611.58
}