{
  "USDC": 0.25337103,
  "WETH": 6.6504611e-05,
  "WETH_viaUSDC": 6.588904e-05,
  "diff_pct": 0.009299,
  "prefer": "viaUSDC",
  "pool": {
    "address_usdc": "0xca71156bFe3bBecb281B78BF8bd9C083D1db222b",
    "address_weth": "0x4F4F6a4f5A28420B57A49Fe5cc935b441BB52456",
    "krs_usdc": 1325.253257276707,
    "usdc": 682.877119,
    "krs_weth": 667.1783032631579,
    "weth": 0.10994623590747069,
    "value_usd": 1610.49,
    "value_eth": 0.418808,
    "value_pln": 5899.22
  },
  "ETHPLN": 14085.75,
  "ETHUSD": 3845.42
}