{
  "WETH": 9.657e-05,
  "USDC": 0.2495338,
  "pool": {
    "krs_usdc": 2092.3673652656757,
    "usdc": 480.859385,
    "krs_weth": 477.16942324166183,
    "weth": 0.10885540612080767,
    "value_usd": 1003.02,
    "value_eth": 0.413706,
    "value_pln": 3632.88
  },
  "ETHPLN": 8781.3,
  "ETHUSD": 2424.48
}