{
  "USDC": 0.252225,
  "WETH": 7.980963e-05,
  "WETH_viaUSDC": 7.9775879e-05,
  "diff_pct": 0.000423,
  "prefer": "viaUSDC",
  "pool": {
    "address_usdc": "0xca71156bFe3bBecb281B78BF8bd9C083D1db222b",
    "address_weth": "0x4F4F6a4f5A28420B57A49Fe5cc935b441BB52456",
    "krs_usdc": 1583.4920090910114,
    "usdc": 630.464938,
    "krs_weth": 3881.97736905606,
    "weth": 0.47532339508947613,
    "value_usd": 3511.81,
    "value_eth": 1.110745,
    "value_pln": 12733.22
  },
  "ETHPLN": 11463.68,
  "ETHUSD": 3161.67
}