{
  "USDC": 0.24862578,
  "WETH": 8.5310053e-05,
  "WETH_viaUSDC": 8.5181113e-05,
  "diff_pct": 0.001513,
  "prefer": "viaUSDC",
  "pool": {
    "address_usdc": "0xca71156bFe3bBecb281B78BF8bd9C083D1db222b",
    "address_weth": "0x4F4F6a4f5A28420B57A49Fe5cc935b441BB52456",
    "krs_usdc": 2355.3613258502637,
    "usdc": 452.628488,
    "krs_weth": 3110.1080522968077,
    "weth": 0.5439898735170096,
    "value_usd": 3399.28,
    "value_eth": 1.164619,
    "value_pln": 12037.53
  },
  "ETHPLN": 10336.03,
  "ETHUSD": 2918.79
}