{
  "USDC": 0.25437751,
  "WETH": 6.2156436e-05,
  "WETH_viaUSDC": 6.1450522e-05,
  "diff_pct": 0.011422,
  "prefer": "viaUSDC",
  "pool": {
    "address_usdc": "0xca71156bFe3bBecb281B78BF8bd9C083D1db222b",
    "address_weth": "0x4F4F6a4f5A28420B57A49Fe5cc935b441BB52456",
    "krs_usdc": 1121.3015062284087,
    "usdc": 734.177511,
    "krs_weth": 871.130054311456,
    "weth": 0.09671293230976484,
    "value_usd": 1641.36,
    "value_eth": 0.396506,
    "value_pln": 5993.54
  },
  "ETHPLN": 15115.91,
  "ETHUSD": 4139.55
}