{
  "WETH": 0.0001016,
  "USDC": 0.25131121,
  "pool": {
    "krs_usdc": 1715.3670629808441,
    "usdc": 569.729425,
    "krs_weth": 854.1697255264951,
    "weth": 0.06858023486747725,
    "value_usd": 1000.91,
    "value_eth": 0.389585,
    "value_pln": 3741.14
  },
  "ETHPLN": 9602.87,
  "ETHUSD": 2569.16
}