{
  "WETH": 0.00011097,
  "USDC": 0.25477333,
  "pool": {
    "krs_usdc": 1015.1822657720652,
    "usdc": 747.715877,
    "krs_weth": 1554.3545227352738,
    "weth": 0.002939914239175372,
    "value_usd": 1006.53,
    "value_eth": 0.35075,
    "value_pln": 3721.13
  },
  "ETHPLN": 10609.08,
  "ETHUSD": 2869.65
}