{
  "WETH": 9.199e-05,
  "USDC": 0.24776295,
  "pool": {
    "krs_usdc": 2458.1244281239005,
    "usdc": 388.543187,
    "krs_weth": 111.41236038343766,
    "weth": 0.14708112794945064,
    "value_usd": 997.59,
    "value_eth": 0.436932,
    "value_pln": 3705.48
  },
  "ETHPLN": 8480.67,
  "ETHUSD": 2283.16
}