{
  "WETH": 0.00010378,
  "USDC": 0.25207495,
  "pool": {
    "krs_usdc": 1554.8929112207675,
    "usdc": 607.897392,
    "krs_weth": 1014.6438772865732,
    "weth": 0.052085830333568825,
    "value_usd": 999.95,
    "value_eth": 0.380426,
    "value_pln": 3737.37
  },
  "ETHPLN": 9824.18,
  "ETHUSD": 2628.51
}