{
  "USDC": 0.24865897,
  "WETH": 8.4936221e-05,
  "WETH_viaUSDC": 8.4516651e-05,
  "diff_pct": 0.004952,
  "prefer": "viaUSDC",
  "pool": {
    "address_usdc": "0xca71156bFe3bBecb281B78BF8bd9C083D1db222b",
    "address_weth": "0x4F4F6a4f5A28420B57A49Fe5cc935b441BB52456",
    "krs_usdc": 2330.4281375658447,
    "usdc": 449.819489,
    "krs_weth": 3135.0412405812267,
    "weth": 0.5388606742003431,
    "value_usd": 3394.26,
    "value_eth": 1.153673,
    "value_pln": 12185.69
  },
  "ETHPLN": 10562.52,
  "ETHUSD": 2942.13
}