{
  "WETH": 0.00011131,
  "USDC": 0.25504049,
  "pool": {
    "krs_usdc": 975.3798794595659,
    "usdc": 764.82083,
    "krs_weth": 1593.1616019980136,
    "weth": 0.002060830787274543,
    "value_usd": 1013.76,
    "value_eth": 0.297051,
    "value_pln": 3724.69
  },
  "ETHPLN": 12538.91,
  "ETHUSD": 3412.75
}