{
  "USDC": 0.25349417,
  "WETH": 6.5887974e-05,
  "WETH_viaUSDC": 6.5411435e-05,
  "diff_pct": 0.007259,
  "prefer": "viaUSDC",
  "pool": {
    "address_usdc": "0xca71156bFe3bBecb281B78BF8bd9C083D1db222b",
    "address_weth": "0x4F4F6a4f5A28420B57A49Fe5cc935b441BB52456",
    "krs_usdc": 1298.8935258770105,
    "usdc": 688.817851,
    "krs_weth": 693.5380346628543,
    "weth": 0.10801153696687663,
    "value_usd": 1612.47,
    "value_eth": 0.416081,
    "value_pln": 5881.59
  },
  "ETHPLN": 14135.68,
  "ETHUSD": 3875.38
}