{
  "USDC": 0.24909127,
  "WETH": 8.4200983e-05,
  "WETH_viaUSDC": 8.4266044e-05,
  "diff_pct": 0.000772,
  "prefer": "viaUSDC",
  "pool": {
    "address_usdc": "0xca71156bFe3bBecb281B78BF8bd9C083D1db222b",
    "address_weth": "0x4F4F6a4f5A28420B57A49Fe5cc935b441BB52456",
    "krs_usdc": 2242.848769193192,
    "usdc": 472.741011,
    "krs_weth": 3222.62060895388,
    "weth": 0.5318333437795607,
    "value_usd": 3406.25,
    "value_eth": 1.152312,
    "value_pln": 12198.94
  },
  "ETHPLN": 10586.49,
  "ETHUSD": 2956.01
}