{
  "WETH": 0.00010681,
  "USDC": 0.25318755,
  "pool": {
    "krs_usdc": 1328.0442057918788,
    "usdc": 664.815776,
    "krs_weth": 1241.492582715462,
    "weth": 0.03039324475071586,
    "value_usd": 1001.19,
    "value_eth": 0.369706,
    "value_pln": 3772.14
  },
  "ETHPLN": 10203.09,
  "ETHUSD": 2708.08
}