{
  "USDC": 0.25470694,
  "WETH": 7.7058839e-05,
  "WETH_viaUSDC": 7.6841394e-05,
  "diff_pct": 0.002826,
  "prefer": "viaUSDC",
  "pool": {
    "address_usdc": "0xca71156bFe3bBecb281B78BF8bd9C083D1db222b",
    "address_weth": "0x4F4F6a4f5A28420B57A49Fe5cc935b441BB52456",
    "krs_usdc": 1105.7286671216864,
    "usdc": 763.713747,
    "krs_weth": 4359.740711025385,
    "weth": 0.44169805833956055,
    "value_usd": 3619.91,
    "value_eth": 1.092074,
    "value_pln": 13168.85
  },
  "ETHPLN": 12058.57,
  "ETHUSD": 3314.71
}