{
  "USDC": 0.25247509,
  "WETH": 6.2587391e-05,
  "WETH_viaUSDC": 6.287654e-05,
  "diff_pct": 0.004609,
  "prefer": "viaUSDC",
  "pool": {
    "address_usdc": "0xca71156bFe3bBecb281B78BF8bd9C083D1db222b",
    "address_weth": "0x4F4F6a4f5A28420B57A49Fe5cc935b441BB52456",
    "krs_usdc": 1501.2911242058879,
    "usdc": 635.46605,
    "krs_weth": 845.6477112304259,
    "weth": 0.0977676778560859,
    "value_usd": 1620.59,
    "value_eth": 0.403592,
    "value_pln": 5948.31
  },
  "ETHPLN": 14738.44,
  "ETHUSD": 4015.41
}