{
  "USDC": 0.25340888,
  "WETH": 6.6133523e-05,
  "WETH_viaUSDC": 6.3531697e-05,
  "diff_pct": 0.040131,
  "prefer": "viaUSDC",
  "pool": {
    "address_usdc": "0xca71156bFe3bBecb281B78BF8bd9C083D1db222b",
    "address_weth": "0x4F4F6a4f5A28420B57A49Fe5cc935b441BB52456",
    "krs_usdc": 1313.0784478286314,
    "usdc": 683.669289,
    "krs_weth": 679.3531127112333,
    "weth": 0.1085506163612127,
    "value_usd": 1621.54,
    "value_eth": 0.406535,
    "value_pln": 5948.42
  },
  "ETHPLN": 14632.02,
  "ETHUSD": 3988.7
}