{
  "USDC": 0.25500564,
  "WETH": 7.6707359e-05,
  "WETH_viaUSDC": 7.6481348e-05,
  "diff_pct": 0.002951,
  "prefer": "viaUSDC",
  "pool": {
    "address_usdc": "0xca71156bFe3bBecb281B78BF8bd9C083D1db222b",
    "address_weth": "0x4F4F6a4f5A28420B57A49Fe5cc935b441BB52456",
    "krs_usdc": 1045.9168857424654,
    "usdc": 779.003021,
    "krs_weth": 4419.552492404606,
    "weth": 0.4371133507779852,
    "value_usd": 3630.16,
    "value_eth": 1.088759,
    "value_pln": 13215.66
  },
  "ETHPLN": 12138.28,
  "ETHUSD": 3334.22
}