{
  "USDC": 0.25169557,
  "WETH": 8.0741458e-05,
  "WETH_viaUSDC": 8.0795698e-05,
  "diff_pct": 0.000672,
  "prefer": "viaUSDC",
  "pool": {
    "address_usdc": "0xca71156bFe3bBecb281B78BF8bd9C083D1db222b",
    "address_weth": "0x4F4F6a4f5A28420B57A49Fe5cc935b441BB52456",
    "krs_usdc": 1711.6991198294381,
    "usdc": 608.319496,
    "krs_weth": 3753.7702583176333,
    "weth": 0.48888752497216614,
    "value_usd": 3506.94,
    "value_eth": 1.125748,
    "value_pln": 12664.21
  },
  "ETHPLN": 11249.6,
  "ETHUSD": 3115.21
}