{
  "WETH": 9.999e-05,
  "USDC": 0.25084203,
  "pool": {
    "krs_usdc": 1825.2368389979486,
    "usdc": 548.994483,
    "krs_weth": 744.2999495093892,
    "weth": 0.08219625336705748,
    "value_usd": 1006.92,
    "value_eth": 0.399747,
    "value_pln": 3627.75
  },
  "ETHPLN": 9075.1,
  "ETHUSD": 2518.88
}