{
  "WETH": 0.00010531,
  "USDC": 0.25263244,
  "pool": {
    "krs_usdc": 1440.3046878936955,
    "usdc": 636.247987,
    "krs_weth": 1129.2321006136453,
    "weth": 0.0409119123241028,
    "value_usd": 1000.23,
    "value_eth": 0.37755,
    "value_pln": 3751.35
  },
  "ETHPLN": 9936.04,
  "ETHUSD": 2649.28
}