{
  "USDC": 0.2469393,
  "WETH": 8.7856931e-05,
  "WETH_viaUSDC": 8.7539189e-05,
  "diff_pct": 0.003623,
  "prefer": "viaUSDC",
  "pool": {
    "address_usdc": "0xca71156bFe3bBecb281B78BF8bd9C083D1db222b",
    "address_weth": "0x4F4F6a4f5A28420B57A49Fe5cc935b441BB52456",
    "krs_usdc": 2674.4276845080367,
    "usdc": 356.744585,
    "krs_weth": 2791.0416936390347,
    "weth": 0.5659376089067236,
    "value_usd": 3302.84,
    "value_eth": 1.170845,
    "value_pln": 12050.24
  },
  "ETHPLN": 10291.92,
  "ETHUSD": 2820.9
}