{
  "USDC": 0.25447217,
  "WETH": 6.1775483e-05,
  "WETH_viaUSDC": 6.1110231e-05,
  "diff_pct": 0.010827,
  "prefer": "viaUSDC",
  "pool": {
    "address_usdc": "0xca71156bFe3bBecb281B78BF8bd9C083D1db222b",
    "address_weth": "0x4F4F6a4f5A28420B57A49Fe5cc935b441BB52456",
    "krs_usdc": 1102.2980822544007,
    "usdc": 739.027003,
    "krs_weth": 890.133478285464,
    "weth": 0.09553890515536928,
    "value_usd": 1643.88,
    "value_eth": 0.394771,
    "value_pln": 5996.41
  },
  "ETHPLN": 15189.61,
  "ETHUSD": 4164.15
}