{
  "WETH": 9.836e-05,
  "USDC": 0.25009241,
  "pool": {
    "krs_usdc": 1965.042792101282,
    "usdc": 506.711774,
    "krs_weth": 604.4939964060571,
    "weth": 0.09338684751099725,
    "value_usd": 998.21,
    "value_eth": 0.403669,
    "value_pln": 3747.96
  },
  "ETHPLN": 9284.72,
  "ETHUSD": 2472.85
}