{
  "WETH": 9.963e-05,
  "USDC": 0.25056798,
  "pool": {
    "krs_usdc": 1867.2758843115846,
    "usdc": 531.287305,
    "krs_weth": 702.2609041957545,
    "weth": 0.08355145284880648,
    "value_usd": 999.24,
    "value_eth": 0.403155,
    "value_pln": 3758.45
  },
  "ETHPLN": 9322.59,
  "ETHUSD": 2478.54
}