{
  "USDC": 0.2541446,
  "WETH": 6.3023828e-05,
  "WETH_viaUSDC": 6.3962944e-05,
  "diff_pct": 0.014791,
  "prefer": "viaUSDC",
  "pool": {
    "address_usdc": "0xca71156bFe3bBecb281B78BF8bd9C083D1db222b",
    "address_weth": "0x4F4F6a4f5A28420B57A49Fe5cc935b441BB52456",
    "krs_usdc": 1166.016984135682,
    "usdc": 721.713156,
    "krs_weth": 826.414576404183,
    "weth": 0.0992371052578927,
    "value_usd": 1622.38,
    "value_eth": 0.408319,
    "value_pln": 5902.6
  },
  "ETHPLN": 14455.85,
  "ETHUSD": 3973.31
}