{
  "WETH": 0.00018413,
  "USDC": 0.24913542,
  "pool": {
    "krs_usdc": 2181.402431648528,
    "usdc": 461.905787,
    "krs_weth": 100.83062501815064,
    "weth": 0.005507689672739381,
    "value_usd": 1005.39,
    "value_eth": 0.222102,
    "value_pln": 3684.21
  },
  "ETHPLN": 16587.93,
  "ETHUSD": 4526.7
}