{
  "WETH": 9.632e-05,
  "USDC": 0.24940158,
  "pool": {
    "krs_usdc": 2116.17342236566,
    "usdc": 473.139107,
    "krs_weth": 453.3633661416782,
    "weth": 0.11057866722535177,
    "value_usd": 1000.96,
    "value_eth": 0.41835,
    "value_pln": 3707.17
  },
  "ETHPLN": 8861.41,
  "ETHUSD": 2392.64
}