{
  "USDC": 0.25160243,
  "WETH": 8.0633594e-05,
  "WETH_viaUSDC": 8.0483416e-05,
  "diff_pct": 0.001864,
  "prefer": "viaUSDC",
  "pool": {
    "address_usdc": "0xca71156bFe3bBecb281B78BF8bd9C083D1db222b",
    "address_weth": "0x4F4F6a4f5A28420B57A49Fe5cc935b441BB52456",
    "krs_usdc": 1712.6937152624096,
    "usdc": 599.000355,
    "krs_weth": 3752.775662884662,
    "weth": 0.48603818944632066,
    "value_usd": 3493.55,
    "value_eth": 1.117528,
    "value_pln": 12690.75
  },
  "ETHPLN": 11356.09,
  "ETHUSD": 3126.14
}