{
  "USDC": 0.24901172,
  "WETH": 5.7177806e-05,
  "WETH_viaUSDC": 5.7320236e-05,
  "diff_pct": 0.002488,
  "prefer": "viaUSDC",
  "pool": {
    "address_usdc": "0xca71156bFe3bBecb281B78BF8bd9C083D1db222b",
    "address_weth": "0x4F4F6a4f5A28420B57A49Fe5cc935b441BB52456",
    "krs_usdc": 2207.2131046747822,
    "usdc": 455.543515,
    "krs_weth": 402.52752408966825,
    "weth": 0.028761178791497772,
    "value_usd": 1230.34,
    "value_eth": 0.283214,
    "value_pln": 4488.28
  },
  "ETHPLN": 15847.65,
  "ETHUSD": 4344.22
}