{
  "USDC": 0.2456906,
  "WETH": 9.0152786e-05,
  "WETH_viaUSDC": 8.9428863e-05,
  "diff_pct": 0.008062,
  "prefer": "viaUSDC",
  "pool": {
    "address_usdc": "0xca71156bFe3bBecb281B78BF8bd9C083D1db222b",
    "address_weth": "0x4F4F6a4f5A28420B57A49Fe5cc935b441BB52456",
    "krs_usdc": 2929.5952285262033,
    "usdc": 289.749854,
    "krs_weth": 2535.874149620868,
    "weth": 0.5871765495574056,
    "value_usd": 3245.73,
    "value_eth": 1.181413,
    "value_pln": 11944.76
  },
  "ETHPLN": 10110.57,
  "ETHUSD": 2747.33
}