{
  "WETH": 0.00010535,
  "USDC": 0.25264446,
  "pool": {
    "krs_usdc": 1437.7238334444378,
    "usdc": 636.829389,
    "krs_weth": 1131.812955062903,
    "weth": 0.040640308974400144,
    "value_usd": 1000.18,
    "value_eth": 0.37806,
    "value_pln": 3750.34
  },
  "ETHPLN": 9919.95,
  "ETHUSD": 2645.56
}