{
  "USDC": 0.25516017,
  "WETH": 7.6506911e-05,
  "WETH_viaUSDC": 7.6406698e-05,
  "diff_pct": 0.001311,
  "prefer": "viaUSDC",
  "pool": {
    "address_usdc": "0xca71156bFe3bBecb281B78BF8bd9C083D1db222b",
    "address_weth": "0x4F4F6a4f5A28420B57A49Fe5cc935b441BB52456",
    "krs_usdc": 1013.3213763953019,
    "usdc": 786.47693,
    "krs_weth": 4452.14800175177,
    "weth": 0.43436392054505996,
    "value_usd": 3631.61,
    "value_eth": 1.08747,
    "value_pln": 13113.84
  },
  "ETHPLN": 12059.04,
  "ETHUSD": 3339.5
}