{
  "USDC": 0.25013355,
  "WETH": 8.2659245e-05,
  "WETH_viaUSDC": 8.3263778e-05,
  "diff_pct": 0.007287,
  "prefer": "viaUSDC",
  "pool": {
    "address_usdc": "0xca71156bFe3bBecb281B78BF8bd9C083D1db222b",
    "address_weth": "0x4F4F6a4f5A28420B57A49Fe5cc935b441BB52456",
    "krs_usdc": 2020.776308177775,
    "usdc": 524.966545,
    "krs_weth": 3444.6930699692966,
    "weth": 0.512228162158338,
    "value_usd": 3430.85,
    "value_eth": 1.142053,
    "value_pln": 12292.91
  },
  "ETHPLN": 10763.87,
  "ETHUSD": 3004.11
}