{
  "USDC": 0.25361043,
  "WETH": 5.8100325e-05,
  "WETH_viaUSDC": 5.740195e-05,
  "diff_pct": 0.012093,
  "prefer": "viaUSDC",
  "pool": {
    "address_usdc": "0xca71156bFe3bBecb281B78BF8bd9C083D1db222b",
    "address_weth": "0x4F4F6a4f5A28420B57A49Fe5cc935b441BB52456",
    "krs_usdc": 1269.8403938040262,
    "usdc": 693.365482,
    "krs_weth": 1077.0984416322876,
    "weth": 0.08365574459623086,
    "value_usd": 1658.18,
    "value_eth": 0.37531,
    "value_pln": 6018.26
  },
  "ETHPLN": 16035.43,
  "ETHUSD": 4418.15
}