{
  "USDC": 0.25114712,
  "WETH": 5.8250633e-05,
  "WETH_viaUSDC": 5.8255115e-05,
  "diff_pct": 7.7e-05,
  "prefer": "viaUSDC",
  "pool": {
    "address_usdc": "0xca71156bFe3bBecb281B78BF8bd9C083D1db222b",
    "address_weth": "0x4F4F6a4f5A28420B57A49Fe5cc935b441BB52456",
    "krs_usdc": 1767.7264577415935,
    "usdc": 565.990438,
    "krs_weth": 381.7123776947202,
    "weth": 0.030007271745062708,
    "value_usd": 1235.18,
    "value_eth": 0.286508,
    "value_pln": 4459.58
  },
  "ETHPLN": 15565.28,
  "ETHUSD": 4311.16
}