{
  "USDC": 0.25339594,
  "WETH": 5.8896356e-05,
  "WETH_viaUSDC": 5.8472658e-05,
  "diff_pct": 0.00722,
  "prefer": "viaUSDC",
  "pool": {
    "address_usdc": "0xca71156bFe3bBecb281B78BF8bd9C083D1db222b",
    "address_weth": "0x4F4F6a4f5A28420B57A49Fe5cc935b441BB52456",
    "krs_usdc": 1313.1330768160053,
    "usdc": 682.357626,
    "krs_weth": 1033.8057586203083,
    "weth": 0.08618063860733838,
    "value_usd": 1650.53,
    "value_eth": 0.380871,
    "value_pln": 5993.01
  },
  "ETHPLN": 15735.02,
  "ETHUSD": 4333.58
}