{
  "USDC": 0.24901428,
  "WETH": 8.4576817e-05,
  "WETH_viaUSDC": 8.5033083e-05,
  "diff_pct": 0.00538,
  "prefer": "viaUSDC",
  "pool": {
    "address_usdc": "0xca71156bFe3bBecb281B78BF8bd9C083D1db222b",
    "address_weth": "0x4F4F6a4f5A28420B57A49Fe5cc935b441BB52456",
    "krs_usdc": 2272.7163108927157,
    "usdc": 472.256142,
    "krs_weth": 3192.7530672543558,
    "weth": 0.536648566450236,
    "value_usd": 3404.78,
    "value_eth": 1.16266,
    "value_pln": 12197.86
  },
  "ETHPLN": 10491.34,
  "ETHUSD": 2928.44
}