{
  "USDC": 0.24684999,
  "WETH": 8.8685852e-05,
  "WETH_viaUSDC": 8.8278312e-05,
  "diff_pct": 0.004606,
  "prefer": "viaUSDC",
  "pool": {
    "address_usdc": "0xca71156bFe3bBecb281B78BF8bd9C083D1db222b",
    "address_weth": "0x4F4F6a4f5A28420B57A49Fe5cc935b441BB52456",
    "krs_usdc": 2728.921722912981,
    "usdc": 361.068318,
    "krs_weth": 2736.5476552340906,
    "weth": 0.5768239670419701,
    "value_usd": 3323.17,
    "value_eth": 1.188431,
    "value_pln": 11693.43
  },
  "ETHPLN": 9839.38,
  "ETHUSD": 2796.27
}