{
  "USDC": 0.24974055,
  "WETH": 8.290613e-05,
  "WETH_viaUSDC": 8.2825269e-05,
  "diff_pct": 0.000976,
  "prefer": "viaUSDC",
  "pool": {
    "address_usdc": "0xca71156bFe3bBecb281B78BF8bd9C083D1db222b",
    "address_weth": "0x4F4F6a4f5A28420B57A49Fe5cc935b441BB52456",
    "krs_usdc": 2080.076266206886,
    "usdc": 499.223798,
    "krs_weth": 3385.296636598522,
    "weth": 0.5135167780519024,
    "value_usd": 3412.54,
    "value_eth": 1.131753,
    "value_pln": 12538.62
  },
  "ETHPLN": 11078.94,
  "ETHUSD": 3015.27
}