{
  "WETH": 0.00010296,
  "USDC": 0.25177576,
  "pool": {
    "krs_usdc": 1616.16826849442,
    "usdc": 592.575119,
    "krs_weth": 953.3685200129204,
    "weth": 0.058057682083697285,
    "value_usd": 999.59,
    "value_eth": 0.385663,
    "value_pln": 3748.36
  },
  "ETHPLN": 9719.25,
  "ETHUSD": 2591.86
}