{
  "USDC": 0.24851305,
  "WETH": 8.5250471e-05,
  "WETH_viaUSDC": 8.4980029e-05,
  "diff_pct": 0.003177,
  "prefer": "viaUSDC",
  "pool": {
    "address_usdc": "0xca71156bFe3bBecb281B78BF8bd9C083D1db222b",
    "address_weth": "0x4F4F6a4f5A28420B57A49Fe5cc935b441BB52456",
    "krs_usdc": 2363.6826949494803,
    "usdc": 442.985418,
    "krs_weth": 3101.786683197591,
    "weth": 0.5421758983467231,
    "value_usd": 3386.75,
    "value_eth": 1.158112,
    "value_pln": 12125.86
  },
  "ETHPLN": 10470.37,
  "ETHUSD": 2924.37
}