{
  "USDC": 0.25137824,
  "WETH": 5.5905401e-05,
  "WETH_viaUSDC": 5.5717584e-05,
  "diff_pct": 0.003365,
  "prefer": "viaUSDC",
  "pool": {
    "address_usdc": "0xca71156bFe3bBecb281B78BF8bd9C083D1db222b",
    "address_weth": "0x4F4F6a4f5A28420B57A49Fe5cc935b441BB52456",
    "krs_usdc": 1720.4833059628636,
    "usdc": 577.912872,
    "krs_weth": 428.95552947345027,
    "weth": 0.027323110728316717,
    "value_usd": 1241.51,
    "value_eth": 0.275178,
    "value_pln": 4505.93
  },
  "ETHPLN": 16374.6,
  "ETHUSD": 4511.65
}