{
  "USDC": 0.25378222,
  "WETH": 6.4585543e-05,
  "WETH_viaUSDC": 6.4175877e-05,
  "diff_pct": 0.006363,
  "prefer": "viaUSDC",
  "pool": {
    "address_usdc": "0xca71156bFe3bBecb281B78BF8bd9C083D1db222b",
    "address_weth": "0x4F4F6a4f5A28420B57A49Fe5cc935b441BB52456",
    "krs_usdc": 1239.7725944870783,
    "usdc": 703.337261,
    "krs_weth": 752.6589660527866,
    "weth": 0.10403300252113547,
    "value_usd": 1620.38,
    "value_eth": 0.409757,
    "value_pln": 5894.74
  },
  "ETHPLN": 14385.93,
  "ETHUSD": 3954.48
}