{
  "USDC": 0.2502116,
  "WETH": 8.2369774e-05,
  "WETH_viaUSDC": 8.2729894e-05,
  "diff_pct": 0.004362,
  "prefer": "viaUSDC",
  "pool": {
    "address_usdc": "0xca71156bFe3bBecb281B78BF8bd9C083D1db222b",
    "address_weth": "0x4F4F6a4f5A28420B57A49Fe5cc935b441BB52456",
    "krs_usdc": 1990.6103334798402,
    "usdc": 525.457243,
    "krs_weth": 3474.8590446672315,
    "weth": 0.5074347480831984,
    "value_usd": 3427.69,
    "value_eth": 1.133329,
    "value_pln": 12508.38
  },
  "ETHPLN": 11036.84,
  "ETHUSD": 3024.44
}