{
  "WETH": 0.00010287,
  "USDC": 0.25183563,
  "pool": {
    "krs_usdc": 1613.491582445168,
    "usdc": 598.058269,
    "krs_weth": 956.0452060621708,
    "weth": 0.059652892478651985,
    "value_usd": 1004.49,
    "value_eth": 0.390699,
    "value_pln": 3718.68
  },
  "ETHPLN": 9518.01,
  "ETHUSD": 2571.01
}