{
  "WETH": 0.0001027,
  "USDC": 0.25184829,
  "pool": {
    "krs_usdc": 1618.767362686403,
    "usdc": 600.673395,
    "krs_weth": 950.7694258209347,
    "weth": 0.06173564870572524,
    "value_usd": 1008.45,
    "value_eth": 0.392017,
    "value_pln": 3642.12
  },
  "ETHPLN": 9290.73,
  "ETHUSD": 2572.48
}