{
  "USDC": 0.25126756,
  "WETH": 8.1304772e-05,
  "WETH_viaUSDC": 8.1494121e-05,
  "diff_pct": 0.002326,
  "prefer": "viaUSDC",
  "pool": {
    "address_usdc": "0xca71156bFe3bBecb281B78BF8bd9C083D1db222b",
    "address_weth": "0x4F4F6a4f5A28420B57A49Fe5cc935b441BB52456",
    "krs_usdc": 1799.7189508031988,
    "usdc": 586.412738,
    "krs_weth": 3665.7504273438726,
    "weth": 0.4960928964769114,
    "value_usd": 3489.29,
    "value_eth": 1.131689,
    "value_pln": 12632.08
  },
  "ETHPLN": 11162.15,
  "ETHUSD": 3083.26
}