{
  "USDC": 0.25618069,
  "WETH": 7.5130113e-05,
  "WETH_viaUSDC": 7.5625296e-05,
  "diff_pct": 0.006569,
  "prefer": "viaUSDC",
  "pool": {
    "address_usdc": "0xca71156bFe3bBecb281B78BF8bd9C083D1db222b",
    "address_weth": "0x4F4F6a4f5A28420B57A49Fe5cc935b441BB52456",
    "krs_usdc": 792.0339532496874,
    "usdc": 834.134056,
    "krs_weth": 4673.435424897384,
    "weth": 0.41481023803526845,
    "value_usd": 3639.45,
    "value_eth": 1.074377,
    "value_pln": 13147.16
  },
  "ETHPLN": 12237.01,
  "ETHUSD": 3387.5
}