{
  "WETH": 9.947e-05,
  "USDC": 0.2506469,
  "pool": {
    "krs_usdc": 1865.274559631852,
    "usdc": 538.925038,
    "krs_weth": 704.2622288754856,
    "weth": 0.08619896053786916,
    "value_usd": 1006.52,
    "value_eth": 0.403684,
    "value_pln": 3624.89
  },
  "ETHPLN": 8979.53,
  "ETHUSD": 2493.34
}