{
  "USDC": 0.25114898,
  "WETH": 5.8209921e-05,
  "WETH_viaUSDC": 5.7435939e-05,
  "diff_pct": 0.013385,
  "prefer": "viaUSDC",
  "pool": {
    "address_usdc": "0xca71156bFe3bBecb281B78BF8bd9C083D1db222b",
    "address_weth": "0x4F4F6a4f5A28420B57A49Fe5cc935b441BB52456",
    "krs_usdc": 1767.1387929923185,
    "usdc": 566.034399,
    "krs_weth": 382.30004244399527,
    "weth": 0.029949161983653057,
    "value_usd": 1236.82,
    "value_eth": 0.282852,
    "value_pln": 4516.99
  },
  "ETHPLN": 15969.43,
  "ETHUSD": 4372.68
}