{
  "USDC": 0.25576639,
  "WETH": 7.5603004e-05,
  "WETH_viaUSDC": 7.66254e-05,
  "diff_pct": 0.013432,
  "prefer": "viaUSDC",
  "pool": {
    "address_usdc": "0xca71156bFe3bBecb281B78BF8bd9C083D1db222b",
    "address_weth": "0x4F4F6a4f5A28420B57A49Fe5cc935b441BB52456",
    "krs_usdc": 874.6989029942262,
    "usdc": 813.037504,
    "krs_weth": 4590.770475152845,
    "weth": 0.4210591267883352,
    "value_usd": 3616.37,
    "value_eth": 1.083432,
    "value_pln": 13069.3
  },
  "ETHPLN": 12062.87,
  "ETHUSD": 3337.88
}