{
  "USDC": 0.24283666,
  "WETH": 9.7208113e-05,
  "WETH_viaUSDC": 9.7848962e-05,
  "diff_pct": 0.006571,
  "prefer": "viaUSDC",
  "pool": {
    "address_usdc": "0xca71156bFe3bBecb281B78BF8bd9C083D1db222b",
    "address_weth": "0x4F4F6a4f5A28420B57A49Fe5cc935b441BB52456",
    "krs_usdc": 3586.014700744778,
    "usdc": 152.373613,
    "krs_weth": 1879.4546774022933,
    "weth": 0.6568387981827735,
    "value_usd": 3109.7,
    "value_eth": 1.253027,
    "value_pln": 11057.85
  },
  "ETHPLN": 8824.91,
  "ETHUSD": 2481.75
}