{
  "USDC": 0.2507379,
  "WETH": 6.0251399e-05,
  "WETH_viaUSDC": 6.0529766e-05,
  "diff_pct": 0.004609,
  "prefer": "viaUSDC",
  "pool": {
    "address_usdc": "0xca71156bFe3bBecb281B78BF8bd9C083D1db222b",
    "address_weth": "0x4F4F6a4f5A28420B57A49Fe5cc935b441BB52456",
    "krs_usdc": 1852.663518587126,
    "usdc": 545.149972,
    "krs_weth": 496.7753168491877,
    "weth": 0.046643347485940366,
    "value_usd": 1327.46,
    "value_eth": 0.320457,
    "value_pln": 4834.7
  },
  "ETHPLN": 15086.9,
  "ETHUSD": 4142.39
}