{
  "USDC": 0.25315784,
  "WETH": 7.5104185e-05,
  "WETH_viaUSDC": 7.583822e-05,
  "diff_pct": 0.009726,
  "prefer": "viaUSDC",
  "pool": {
    "address_usdc": "0xca71156bFe3bBecb281B78BF8bd9C083D1db222b",
    "address_weth": "0x4F4F6a4f5A28420B57A49Fe5cc935b441BB52456",
    "krs_usdc": 1370.4246204801696,
    "usdc": 672.45658,
    "krs_weth": 317.24694005969513,
    "weth": 0.13490309770160447,
    "value_usd": 1550.03,
    "value_eth": 0.46434,
    "value_pln": 5723.63
  },
  "ETHPLN": 12326.38,
  "ETHUSD": 3338.13
}