{
  "WETH": 9.793e-05,
  "USDC": 0.24993065,
  "pool": {
    "krs_usdc": 1998.3795081455773,
    "usdc": 498.352132,
    "krs_weth": 571.1572803617617,
    "weth": 0.09677324535578918,
    "value_usd": 997.86,
    "value_eth": 0.405323,
    "value_pln": 3749.46
  },
  "ETHPLN": 9250.55,
  "ETHUSD": 2461.9
}