{
  "USDC": 0.25398887,
  "WETH": 5.6761234e-05,
  "WETH_viaUSDC": 5.7115296e-05,
  "diff_pct": 0.006218,
  "prefer": "viaUSDC",
  "pool": {
    "address_usdc": "0xca71156bFe3bBecb281B78BF8bd9C083D1db222b",
    "address_weth": "0x4F4F6a4f5A28420B57A49Fe5cc935b441BB52456",
    "krs_usdc": 1194.2774668313245,
    "usdc": 712.951751,
    "krs_weth": 1152.661368604989,
    "weth": 0.07940748769190445,
    "value_usd": 1662.17,
    "value_eth": 0.373777,
    "value_pln": 6072.53
  },
  "ETHPLN": 16246.39,
  "ETHUSD": 4446.95
}