{
  "USDC": 0.24994512,
  "WETH": 8.2627459e-05,
  "WETH_viaUSDC": 8.2474895e-05,
  "diff_pct": 0.001848,
  "prefer": "viaUSDC",
  "pool": {
    "address_usdc": "0xca71156bFe3bBecb281B78BF8bd9C083D1db222b",
    "address_weth": "0x4F4F6a4f5A28420B57A49Fe5cc935b441BB52456",
    "krs_usdc": 2037.7474923748373,
    "usdc": 509.767611,
    "krs_weth": 3427.6254104305713,
    "weth": 0.5100028242285554,
    "value_usd": 3421.41,
    "value_eth": 1.128968,
    "value_pln": 12564.72
  },
  "ETHPLN": 11129.39,
  "ETHUSD": 3030.56
}