{
  "WETH": 0.00010296,
  "USDC": 0.25177576,
  "pool": {
    "krs_usdc": 1616.16826849442,
    "usdc": 592.575119,
    "krs_weth": 953.3685200129204,
    "weth": 0.058057682083697285,
    "value_usd": 999.59,
    "value_eth": 0.384305,
    "value_pln": 3743.8
  },
  "ETHPLN": 9741.75,
  "ETHUSD": 2601.02
}