{
  "USDC": 0.25345969,
  "WETH": 6.5982314e-05,
  "WETH_viaUSDC": 6.7278155e-05,
  "diff_pct": 0.019448,
  "prefer": "viaUSDC",
  "pool": {
    "address_usdc": "0xca71156bFe3bBecb281B78BF8bd9C083D1db222b",
    "address_weth": "0x4F4F6a4f5A28420B57A49Fe5cc935b441BB52456",
    "krs_usdc": 1304.5199624492157,
    "usdc": 686.709301,
    "krs_weth": 687.9115980906491,
    "weth": 0.1082064963226754,
    "value_usd": 1599.36,
    "value_eth": 0.424533,
    "value_pln": 5813.82
  },
  "ETHPLN": 13694.61,
  "ETHUSD": 3767.34
}