{
  "USDC": 0.25377645,
  "WETH": 6.4604452e-05,
  "WETH_viaUSDC": 6.3935779e-05,
  "diff_pct": 0.010404,
  "prefer": "viaUSDC",
  "pool": {
    "address_usdc": "0xca71156bFe3bBecb281B78BF8bd9C083D1db222b",
    "address_weth": "0x4F4F6a4f5A28420B57A49Fe5cc935b441BB52456",
    "krs_usdc": 1240.797524554792,
    "usdc": 703.006079,
    "krs_weth": 751.6340359850726,
    "weth": 0.1040811910575807,
    "value_usd": 1621.76,
    "value_eth": 0.408582,
    "value_pln": 5901.17
  },
  "ETHPLN": 14443.04,
  "ETHUSD": 3969.24
}