{
  "USDC": 0.25341873,
  "WETH": 7.3703172e-05,
  "WETH_viaUSDC": 7.3724601e-05,
  "diff_pct": 0.000291,
  "prefer": "viaUSDC",
  "pool": {
    "address_usdc": "0xca71156bFe3bBecb281B78BF8bd9C083D1db222b",
    "address_weth": "0x4F4F6a4f5A28420B57A49Fe5cc935b441BB52456",
    "krs_usdc": 1317.5012407485403,
    "usdc": 685.802086,
    "krs_weth": 370.17031979132446,
    "weth": 0.13094810815121352,
    "value_usd": 1563.61,
    "value_eth": 0.454885,
    "value_pln": 5788.12
  },
  "ETHPLN": 12724.38,
  "ETHUSD": 3437.37
}