{
  "WETH": 9.077e-05,
  "USDC": 0.24729928,
  "pool": {
    "krs_usdc": 2555.411780533612,
    "usdc": 364.533797,
    "krs_weth": 14.125007973726182,
    "weth": 0.15775976274724102,
    "value_usd": 996.49,
    "value_eth": 0.455083,
    "value_pln": 3700.07
  },
  "ETHPLN": 8130.53,
  "ETHUSD": 2189.68
}