{
  "USDC": 0.25090593,
  "WETH": 8.1315256e-05,
  "WETH_viaUSDC": 8.1836275e-05,
  "diff_pct": 0.006387,
  "prefer": "viaUSDC",
  "pool": {
    "address_usdc": "0xca71156bFe3bBecb281B78BF8bd9C083D1db222b",
    "address_weth": "0x4F4F6a4f5A28420B57A49Fe5cc935b441BB52456",
    "krs_usdc": 1837.5703685570634,
    "usdc": 558.717549,
    "krs_weth": 3627.802534248345,
    "weth": 0.49320484421236843,
    "value_usd": 3442.15,
    "value_eth": 1.122704,
    "value_pln": 12616.39
  },
  "ETHPLN": 11237.51,
  "ETHUSD": 3065.95
}