{
  "USDC": 0.25101971,
  "WETH": 8.1115621e-05,
  "WETH_viaUSDC": 8.1105176e-05,
  "diff_pct": 0.000129,
  "prefer": "viaUSDC",
  "pool": {
    "address_usdc": "0xca71156bFe3bBecb281B78BF8bd9C083D1db222b",
    "address_weth": "0x4F4F6a4f5A28420B57A49Fe5cc935b441BB52456",
    "krs_usdc": 1810.273468471015,
    "usdc": 563.587371,
    "krs_weth": 3655.0994343343937,
    "weth": 0.49034670420104165,
    "value_usd": 3453.12,
    "value_eth": 1.115713,
    "value_pln": 12554.0
  },
  "ETHPLN": 11251.99,
  "ETHUSD": 3094.99
}