{
  "USDC": 0.25456751,
  "WETH": 6.1395547e-05,
  "WETH_viaUSDC": 6.1133714e-05,
  "diff_pct": 0.004274,
  "prefer": "viaUSDC",
  "pool": {
    "address_usdc": "0xca71156bFe3bBecb281B78BF8bd9C083D1db222b",
    "address_weth": "0x4F4F6a4f5A28420B57A49Fe5cc935b441BB52456",
    "krs_usdc": 1083.1695416851423,
    "usdc": 743.910246,
    "krs_weth": 909.2620188547224,
    "weth": 0.09436440384164951,
    "value_usd": 1644.06,
    "value_eth": 0.394817,
    "value_pln": 5996.48
  },
  "ETHPLN": 15187.98,
  "ETHUSD": 4164.11
}