{
  "WETH": 0.00010253,
  "USDC": 0.2517994,
  "pool": {
    "krs_usdc": 1629.474623711031,
    "usdc": 598.341537,
    "krs_weth": 939.0668577465485,
    "weth": 0.06301870584471449,
    "value_usd": 1008.74,
    "value_eth": 0.392266,
    "value_pln": 3634.78
  },
  "ETHPLN": 9266.11,
  "ETHUSD": 2571.57
}