{
  "WETH": 9.739e-05,
  "USDC": 0.24985488,
  "pool": {
    "krs_usdc": 2027.2355759045215,
    "usdc": 497.754197,
    "krs_weth": 542.3012126028161,
    "weth": 0.10239848305731537,
    "value_usd": 1004.32,
    "value_eth": 0.40959,
    "value_pln": 3629.55
  },
  "ETHPLN": 8861.43,
  "ETHUSD": 2452.02
}