{
  "USDC": 0.24974055,
  "WETH": 8.290613e-05,
  "WETH_viaUSDC": 8.3108889e-05,
  "diff_pct": 0.002443,
  "prefer": "viaUSDC",
  "pool": {
    "address_usdc": "0xca71156bFe3bBecb281B78BF8bd9C083D1db222b",
    "address_weth": "0x4F4F6a4f5A28420B57A49Fe5cc935b441BB52456",
    "krs_usdc": 2080.076266206886,
    "usdc": 499.223798,
    "krs_weth": 3385.296636598522,
    "weth": 0.5135167780519024,
    "value_usd": 3407.26,
    "value_eth": 1.13387,
    "value_pln": 12489.31
  },
  "ETHPLN": 11014.76,
  "ETHUSD": 3004.98
}