{
  "USDC": 0.24949627,
  "WETH": 8.3432361e-05,
  "WETH_viaUSDC": 8.4809599e-05,
  "diff_pct": 0.016372,
  "prefer": "viaUSDC",
  "pool": {
    "address_usdc": "0xca71156bFe3bBecb281B78BF8bd9C083D1db222b",
    "address_weth": "0x4F4F6a4f5A28420B57A49Fe5cc935b441BB52456",
    "krs_usdc": 2145.128848772851,
    "usdc": 490.216182,
    "krs_weth": 3320.3405293742203,
    "weth": 0.5213631795101875,
    "value_usd": 3387.6,
    "value_eth": 1.151523,
    "value_pln": 12305.74
  },
  "ETHPLN": 10686.49,
  "ETHUSD": 2941.84
}