{
  "USDC": 0.24877725,
  "WETH": 8.4667142e-05,
  "WETH_viaUSDC": 8.4225632e-05,
  "diff_pct": 0.005228,
  "prefer": "viaUSDC",
  "pool": {
    "address_usdc": "0xca71156bFe3bBecb281B78BF8bd9C083D1db222b",
    "address_weth": "0x4F4F6a4f5A28420B57A49Fe5cc935b441BB52456",
    "krs_usdc": 2302.5783680070535,
    "usdc": 455.132151,
    "krs_weth": 3162.891010140018,
    "weth": 0.5359459539460416,
    "value_usd": 3397.84,
    "value_eth": 1.150367,
    "value_pln": 12190.95
  },
  "ETHPLN": 10597.44,
  "ETHUSD": 2953.7
}