{
  "USDC": 0.25283064,
  "WETH": 7.927214e-05,
  "WETH_viaUSDC": 7.937769e-05,
  "diff_pct": 0.001331,
  "prefer": "viaUSDC",
  "pool": {
    "address_usdc": "0xca71156bFe3bBecb281B78BF8bd9C083D1db222b",
    "address_weth": "0x4F4F6a4f5A28420B57A49Fe5cc935b441BB52456",
    "krs_usdc": 1478.5279460804898,
    "usdc": 666.117756,
    "krs_weth": 3986.941432066582,
    "weth": 0.46991141252465474,
    "value_usd": 3544.7,
    "value_eth": 1.112879,
    "value_pln": 12783.41
  },
  "ETHPLN": 11486.79,
  "ETHUSD": 3185.16
}