{
  "WETH": 9.997e-05,
  "USDC": 0.25084203,
  "pool": {
    "krs_usdc": 1825.2368389979486,
    "usdc": 548.994483,
    "krs_weth": 743.3046424596309,
    "weth": 0.08229610336705748,
    "value_usd": 1006.91,
    "value_eth": 0.400625,
    "value_pln": 3627.9
  },
  "ETHPLN": 9055.61,
  "ETHUSD": 2513.36
}