{
  "USDC": 0.24099823,
  "WETH": 0.000101761837,
  "WETH_viaUSDC": 0.000101675432,
  "diff_pct": 0.000849,
  "prefer": "viaUSDC",
  "pool": {
    "address_usdc": "0xca71156bFe3bBecb281B78BF8bd9C083D1db222b",
    "address_weth": "0x4F4F6a4f5A28420B57A49Fe5cc935b441BB52456",
    "krs_usdc": 3992.492629761593,
    "usdc": 57.802888,
    "krs_weth": 1472.9767483854785,
    "weth": 0.6987643575344419,
    "value_usd": 3031.23,
    "value_eth": 1.278855,
    "value_pln": 11028.58
  },
  "ETHPLN": 8623.79,
  "ETHUSD": 2370.27
}