{
  "WETH": 0.00010063,
  "USDC": 0.25108011,
  "pool": {
    "krs_usdc": 1776.1830291439915,
    "usdc": 561.207793,
    "krs_weth": 793.3537593633462,
    "weth": 0.07726712057143725,
    "value_usd": 1007.25,
    "value_eth": 0.401491,
    "value_pln": 3628.4
  },
  "ETHPLN": 9037.31,
  "ETHUSD": 2508.78
}