{
  "WETH": 0.00010608,
  "USDC": 0.25297328,
  "pool": {
    "krs_usdc": 1377.2280237701298,
    "usdc": 655.276039,
    "krs_weth": 1192.3087647372092,
    "weth": 0.03611837242993769,
    "value_usd": 1003.8,
    "value_eth": 0.372627,
    "value_pln": 3743.06
  },
  "ETHPLN": 10045.07,
  "ETHUSD": 2693.86
}