{
  "USDC": 0.2517464,
  "WETH": 8.0221334e-05,
  "WETH_viaUSDC": 7.9688522e-05,
  "diff_pct": 0.006664,
  "prefer": "viaUSDC",
  "pool": {
    "address_usdc": "0xca71156bFe3bBecb281B78BF8bd9C083D1db222b",
    "address_weth": "0x4F4F6a4f5A28420B57A49Fe5cc935b441BB52456",
    "krs_usdc": 1665.1995902797555,
    "usdc": 601.908808,
    "krs_weth": 3800.173312525653,
    "weth": 0.47924117862017657,
    "value_usd": 3491.78,
    "value_eth": 1.105299,
    "value_pln": 12770.75
  },
  "ETHPLN": 11554.12,
  "ETHUSD": 3159.13
}