{
  "USDC": 0.24583448,
  "WETH": 8.9891893e-05,
  "WETH_viaUSDC": 8.9665634e-05,
  "diff_pct": 0.00252,
  "prefer": "viaUSDC",
  "pool": {
    "address_usdc": "0xca71156bFe3bBecb281B78BF8bd9C083D1db222b",
    "address_weth": "0x4F4F6a4f5A28420B57A49Fe5cc935b441BB52456",
    "krs_usdc": 2900.577195304859,
    "usdc": 297.59523,
    "krs_weth": 2564.8921828422126,
    "weth": 0.584824996989924,
    "value_usd": 3244.6,
    "value_eth": 1.183435,
    "value_pln": 11943.03
  },
  "ETHPLN": 10091.84,
  "ETHUSD": 2741.68
}