{
  "USDC": 0.25238148,
  "WETH": 7.9638775e-05,
  "WETH_viaUSDC": 8.0764398e-05,
  "diff_pct": 0.014035,
  "prefer": "viaUSDC",
  "pool": {
    "address_usdc": "0xca71156bFe3bBecb281B78BF8bd9C083D1db222b",
    "address_weth": "0x4F4F6a4f5A28420B57A49Fe5cc935b441BB52456",
    "krs_usdc": 1530.2213502692648,
    "usdc": 633.164593,
    "krs_weth": 157.45021027059985,
    "weth": 0.14759103706963467,
    "value_usd": 1520.31,
    "value_eth": 0.486513,
    "value_pln": 5539.13
  },
  "ETHPLN": 11385.37,
  "ETHUSD": 3124.91
}