{
  "USDC": 0.25164333,
  "WETH": 8.0652455e-05,
  "WETH_viaUSDC": 8.058079e-05,
  "diff_pct": 0.000889,
  "prefer": "viaUSDC",
  "pool": {
    "address_usdc": "0xca71156bFe3bBecb281B78BF8bd9C083D1db222b",
    "address_weth": "0x4F4F6a4f5A28420B57A49Fe5cc935b441BB52456",
    "krs_usdc": 1710.0046753560507,
    "usdc": 602.540245,
    "krs_weth": 3755.464702791021,
    "weth": 0.4867255240189964,
    "value_usd": 3497.87,
    "value_eth": 1.120082,
    "value_pln": 12595.64
  },
  "ETHPLN": 11245.29,
  "ETHUSD": 3122.87
}