{
  "USDC": 0.25407484,
  "WETH": 6.3365702e-05,
  "WETH_viaUSDC": 6.3563204e-05,
  "diff_pct": 0.003112,
  "prefer": "viaUSDC",
  "pool": {
    "address_usdc": "0xca71156bFe3bBecb281B78BF8bd9C083D1db222b",
    "address_weth": "0x4F4F6a4f5A28420B57A49Fe5cc935b441BB52456",
    "krs_usdc": 1181.31015072859,
    "usdc": 718.457305,
    "krs_weth": 811.1214098112747,
    "weth": 0.10036211984907538,
    "value_usd": 1625.85,
    "value_eth": 0.406748,
    "value_pln": 5935.57
  },
  "ETHPLN": 14592.77,
  "ETHUSD": 3997.2
}