{
  "WETH": 0.00010031,
  "USDC": 0.25089176,
  "pool": {
    "krs_usdc": 1807.7009916764487,
    "usdc": 549.725648,
    "krs_weth": 761.83579683089,
    "weth": 0.07896249429924658,
    "value_usd": 1003.34,
    "value_eth": 0.39857,
    "value_pln": 3721.31
  },
  "ETHPLN": 9336.65,
  "ETHUSD": 2517.35
}