{
  "USDC": 0.24850336,
  "WETH": 8.5532343e-05,
  "WETH_viaUSDC": 8.533535e-05,
  "diff_pct": 0.002306,
  "prefer": "viaUSDC",
  "pool": {
    "address_usdc": "0xca71156bFe3bBecb281B78BF8bd9C083D1db222b",
    "address_weth": "0x4F4F6a4f5A28420B57A49Fe5cc935b441BB52456",
    "krs_usdc": 2380.810291175297,
    "usdc": 446.283742,
    "krs_weth": 3084.6590869717743,
    "weth": 0.54615723114895,
    "value_usd": 3394.92,
    "value_eth": 1.165808,
    "value_pln": 12013.59
  },
  "ETHPLN": 10304.95,
  "ETHUSD": 2912.08
}