{
  "USDC": 0.25194143,
  "WETH": 8.0421341e-05,
  "WETH_viaUSDC": 8.0848927e-05,
  "diff_pct": 0.005303,
  "prefer": "viaUSDC",
  "pool": {
    "address_usdc": "0xca71156bFe3bBecb281B78BF8bd9C083D1db222b",
    "address_weth": "0x4F4F6a4f5A28420B57A49Fe5cc935b441BB52456",
    "krs_usdc": 1661.2534769999156,
    "usdc": 620.89887,
    "krs_weth": 3804.215901147156,
    "weth": 0.4847828383946221,
    "value_usd": 3508.56,
    "value_eth": 1.125909,
    "value_pln": 12648.99
  },
  "ETHPLN": 11234.47,
  "ETHUSD": 3116.2
}