{
  "USDC": 0.24718505,
  "WETH": 8.7276087e-05,
  "WETH_viaUSDC": 8.7483028e-05,
  "diff_pct": 0.002368,
  "prefer": "viaUSDC",
  "pool": {
    "address_usdc": "0xca71156bFe3bBecb281B78BF8bd9C083D1db222b",
    "address_weth": "0x4F4F6a4f5A28420B57A49Fe5cc935b441BB52456",
    "krs_usdc": 2616.6246972019835,
    "usdc": 367.968808,
    "krs_weth": 2848.844680945088,
    "weth": 0.5598089074962224,
    "value_usd": 3300.7,
    "value_eth": 1.168175,
    "value_pln": 12300.79
  },
  "ETHPLN": 10529.92,
  "ETHUSD": 2825.52
}