{
  "USDC": 0.25331957,
  "WETH": 7.8681626e-05,
  "WETH_viaUSDC": 7.885164e-05,
  "diff_pct": 0.002158,
  "prefer": "viaUSDC",
  "pool": {
    "address_usdc": "0xca71156bFe3bBecb281B78BF8bd9C083D1db222b",
    "address_weth": "0x4F4F6a4f5A28420B57A49Fe5cc935b441BB52456",
    "krs_usdc": 1380.7977782283472,
    "usdc": 691.537712,
    "krs_weth": 4084.6715999187245,
    "weth": 0.4624063759709142,
    "value_usd": 3561.58,
    "value_eth": 1.108625,
    "value_pln": 12824.69
  },
  "ETHPLN": 11568.11,
  "ETHUSD": 3212.61
}