{
  "USDC": 0.25285978,
  "WETH": 7.6756994e-05,
  "WETH_viaUSDC": 7.8245761e-05,
  "diff_pct": 0.01921,
  "prefer": "viaUSDC",
  "pool": {
    "address_usdc": "0xca71156bFe3bBecb281B78BF8bd9C083D1db222b",
    "address_weth": "0x4F4F6a4f5A28420B57A49Fe5cc935b441BB52456",
    "krs_usdc": 1430.9866386033661,
    "usdc": 657.201886,
    "krs_weth": 256.68492193649854,
    "weth": 0.13952179534244735,
    "value_usd": 1534.83,
    "value_eth": 0.474942,
    "value_pln": 5641.16
  },
  "ETHPLN": 11877.58,
  "ETHUSD": 3231.61
}