{
  "USDC": 0.25422978,
  "WETH": 6.2758457e-05,
  "WETH_viaUSDC": 6.2347895e-05,
  "diff_pct": 0.006563,
  "prefer": "viaUSDC",
  "pool": {
    "address_usdc": "0xca71156bFe3bBecb281B78BF8bd9C083D1db222b",
    "address_weth": "0x4F4F6a4f5A28420B57A49Fe5cc935b441BB52456",
    "krs_usdc": 1150.9791161469373,
    "usdc": 726.607677,
    "krs_weth": 841.4524443929274,
    "weth": 0.09856093781162077,
    "value_usd": 1635.04,
    "value_eth": 0.40098,
    "value_pln": 5966.16
  },
  "ETHPLN": 14878.95,
  "ETHUSD": 4077.6
}