{
  "USDC": 0.24895303,
  "WETH": 8.46984e-05,
  "WETH_viaUSDC": 8.5084221e-05,
  "diff_pct": 0.004545,
  "prefer": "viaUSDC",
  "pool": {
    "address_usdc": "0xca71156bFe3bBecb281B78BF8bd9C083D1db222b",
    "address_weth": "0x4F4F6a4f5A28420B57A49Fe5cc935b441BB52456",
    "krs_usdc": 2286.1228291747616,
    "usdc": 469.259531,
    "krs_weth": 3179.34654897231,
    "weth": 0.5378991570921228,
    "value_usd": 3403.78,
    "value_eth": 1.163302,
    "value_pln": 12097.69
  },
  "ETHPLN": 10399.44,
  "ETHUSD": 2925.96
}