{
  "WETH": 0.0001012,
  "USDC": 0.2511977,
  "pool": {
    "krs_usdc": 1742.2492875763874,
    "usdc": 564.803609,
    "krs_weth": 827.2875009309518,
    "weth": 0.07193344738586362,
    "value_usd": 1002.54,
    "value_eth": 0.393727,
    "value_pln": 3704.76
  },
  "ETHPLN": 9409.45,
  "ETHUSD": 2546.27
}