{
  "USDC": 0.245952,
  "WETH": 8.9652694e-05,
  "WETH_viaUSDC": 8.8900457e-05,
  "diff_pct": 0.008426,
  "prefer": "viaUSDC",
  "pool": {
    "address_usdc": "0xca71156bFe3bBecb281B78BF8bd9C083D1db222b",
    "address_weth": "0x4F4F6a4f5A28420B57A49Fe5cc935b441BB52456",
    "krs_usdc": 2875.4526716554255,
    "usdc": 303.647559,
    "krs_weth": 2590.016706491646,
    "weth": 0.5825236385671574,
    "value_usd": 3259.5,
    "value_eth": 1.178161,
    "value_pln": 11997.85
  },
  "ETHPLN": 10183.54,
  "ETHUSD": 2766.6
}