{
  "WETH": 0.0001005,
  "USDC": 0.25086703,
  "pool": {
    "krs_usdc": 1802.9529560285514,
    "usdc": 545.978262,
    "krs_weth": 766.5838324787885,
    "weth": 0.07655582500890835,
    "value_usd": 998.36,
    "value_eth": 0.396194,
    "value_pln": 3740.33
  },
  "ETHPLN": 9440.65,
  "ETHUSD": 2519.87
}