{
  "USDC": 0.25155325,
  "WETH": 8.0707047e-05,
  "WETH_viaUSDC": 8.0340984e-05,
  "diff_pct": 0.004546,
  "prefer": "viaUSDC",
  "pool": {
    "address_usdc": "0xca71156bFe3bBecb281B78BF8bd9C083D1db222b",
    "address_weth": "0x4F4F6a4f5A28420B57A49Fe5cc935b441BB52456",
    "krs_usdc": 1723.5280411930946,
    "usdc": 596.665911,
    "krs_weth": 3741.9413369539766,
    "weth": 0.4870380062250317,
    "value_usd": 3496.47,
    "value_eth": 1.116702,
    "value_pln": 12739.96
  },
  "ETHPLN": 11408.56,
  "ETHUSD": 3131.07
}