{
  "WETH": 9.683e-05,
  "USDC": 0.24959793,
  "pool": {
    "krs_usdc": 2075.703114476483,
    "usdc": 483.327097,
    "krs_weth": 493.83367403085555,
    "weth": 0.10642551058962649,
    "value_usd": 1001.47,
    "value_eth": 0.417836,
    "value_pln": 3710.45
  },
  "ETHPLN": 8880.16,
  "ETHUSD": 2396.79
}