{
  "WETH": 0.00010179,
  "USDC": 0.25143482,
  "pool": {
    "krs_usdc": 1695.5424122470988,
    "usdc": 577.473338,
    "krs_weth": 873.99437626024,
    "weth": 0.06769541361652752,
    "value_usd": 1003.88,
    "value_eth": 0.394446,
    "value_pln": 3713.07
  },
  "ETHPLN": 9413.37,
  "ETHUSD": 2545.04
}