{
  "USDC": 0.24038261,
  "WETH": 0.000103262376,
  "WETH_viaUSDC": 0.000106029009,
  "diff_pct": 0.026438,
  "prefer": "viaUSDC",
  "pool": {
    "address_usdc": "0xca71156bFe3bBecb281B78BF8bd9C083D1db222b",
    "address_weth": "0x4F4F6a4f5A28420B57A49Fe5cc935b441BB52456",
    "krs_usdc": 4124.98953563328,
    "usdc": 24.94089,
    "krs_weth": 1340.479842513792,
    "weth": 0.7119646605852752,
    "value_usd": 2952.87,
    "value_eth": 1.302464,
    "value_pln": 10641.1
  },
  "ETHPLN": 8169.98,
  "ETHUSD": 2267.14
}