{
  "USDC": 0.25264432,
  "WETH": 7.9507827e-05,
  "WETH_viaUSDC": 7.9126417e-05,
  "diff_pct": 0.004809,
  "prefer": "viaUSDC",
  "pool": {
    "address_usdc": "0xca71156bFe3bBecb281B78BF8bd9C083D1db222b",
    "address_weth": "0x4F4F6a4f5A28420B57A49Fe5cc935b441BB52456",
    "krs_usdc": 1516.528542141551,
    "usdc": 656.596666,
    "krs_weth": 3948.9408360055204,
    "weth": 0.4729544317084595,
    "value_usd": 3547.52,
    "value_eth": 1.111059,
    "value_pln": 12764.32
  },
  "ETHPLN": 11488.43,
  "ETHUSD": 3192.92
}