{
  "USDC": 0.25169557,
  "WETH": 8.0741458e-05,
  "WETH_viaUSDC": 8.1159654e-05,
  "diff_pct": 0.005166,
  "prefer": "viaUSDC",
  "pool": {
    "address_usdc": "0xca71156bFe3bBecb281B78BF8bd9C083D1db222b",
    "address_weth": "0x4F4F6a4f5A28420B57A49Fe5cc935b441BB52456",
    "krs_usdc": 1711.6991198294381,
    "usdc": 608.319496,
    "krs_weth": 3753.7702583176333,
    "weth": 0.48888752497216614,
    "value_usd": 3500.11,
    "value_eth": 1.128617,
    "value_pln": 12650.48
  },
  "ETHPLN": 11208.84,
  "ETHUSD": 3101.24
}