{
  "WETH": 0.00010803,
  "USDC": 0.25370584,
  "pool": {
    "krs_usdc": 1230.5822099361808,
    "usdc": 693.229948,
    "krs_weth": 1338.9545785711584,
    "weth": 0.022712572671174738,
    "value_usd": 1005.58,
    "value_eth": 0.368544,
    "value_pln": 3712.15
  },
  "ETHPLN": 10072.46,
  "ETHUSD": 2728.52
}