{
  "USDC": 0.24602386,
  "WETH": 9.0335545e-05,
  "WETH_viaUSDC": 9.0691683e-05,
  "diff_pct": 0.003935,
  "prefer": "viaUSDC",
  "pool": {
    "address_usdc": "0xca71156bFe3bBecb281B78BF8bd9C083D1db222b",
    "address_weth": "0x4F4F6a4f5A28420B57A49Fe5cc935b441BB52456",
    "krs_usdc": 2903.94713097888,
    "usdc": 318.325153,
    "krs_weth": 2561.5222471681914,
    "weth": 0.5926316311264628,
    "value_usd": 3270.62,
    "value_eth": 1.205648,
    "value_pln": 11601.45
  },
  "ETHPLN": 9622.58,
  "ETHUSD": 2712.75
}