{
  "USDC": 0.24889992,
  "WETH": 8.4175038e-05,
  "WETH_viaUSDC": 8.3904128e-05,
  "diff_pct": 0.003224,
  "prefer": "viaUSDC",
  "pool": {
    "address_usdc": "0xca71156bFe3bBecb281B78BF8bd9C083D1db222b",
    "address_weth": "0x4F4F6a4f5A28420B57A49Fe5cc935b441BB52456",
    "krs_usdc": 2261.2013479131406,
    "usdc": 457.490605,
    "krs_weth": 3204.268030233931,
    "weth": 0.5298171426055945,
    "value_usd": 3389.54,
    "value_eth": 1.142613,
    "value_pln": 12374.31
  },
  "ETHPLN": 10829.84,
  "ETHUSD": 2966.48
}