{
  "USDC": 0.24874034,
  "WETH": 8.4528277e-05,
  "WETH_viaUSDC": 8.3674888e-05,
  "diff_pct": 0.010147,
  "prefer": "viaUSDC",
  "pool": {
    "address_usdc": "0xca71156bFe3bBecb281B78BF8bd9C083D1db222b",
    "address_weth": "0x4F4F6a4f5A28420B57A49Fe5cc935b441BB52456",
    "krs_usdc": 2298.3629929111667,
    "usdc": 450.228228,
    "krs_weth": 3167.106385235905,
    "weth": 0.5336268811831683,
    "value_usd": 3396.02,
    "value_eth": 1.142404,
    "value_pln": 12406.72
  },
  "ETHPLN": 10860.19,
  "ETHUSD": 2972.7
}