{
  "USDC": 0.24698531,
  "WETH": 8.8045962e-05,
  "WETH_viaUSDC": 8.7566365e-05,
  "diff_pct": 0.005462,
  "prefer": "viaUSDC",
  "pool": {
    "address_usdc": "0xca71156bFe3bBecb281B78BF8bd9C083D1db222b",
    "address_weth": "0x4F4F6a4f5A28420B57A49Fe5cc935b441BB52456",
    "krs_usdc": 2679.932556208046,
    "usdc": 362.944421,
    "krs_weth": 2785.5368219390252,
    "weth": 0.5689941352235872,
    "value_usd": 3317.71,
    "value_eth": 1.176264,
    "value_pln": 11899.65
  },
  "ETHPLN": 10116.48,
  "ETHUSD": 2820.55
}