{
  "USDC": 0.25340126,
  "WETH": 7.864543e-05,
  "WETH_viaUSDC": 7.9355037e-05,
  "diff_pct": 0.008982,
  "prefer": "viaUSDC",
  "pool": {
    "address_usdc": "0xca71156bFe3bBecb281B78BF8bd9C083D1db222b",
    "address_weth": "0x4F4F6a4f5A28420B57A49Fe5cc935b441BB52456",
    "krs_usdc": 1369.5621484529254,
    "usdc": 697.068008,
    "krs_weth": 4095.907229694146,
    "weth": 0.4623537282070085,
    "value_usd": 3558.44,
    "value_eth": 1.11436,
    "value_pln": 12927.86
  },
  "ETHPLN": 11601.15,
  "ETHUSD": 3193.26
}