{
  "WETH": 9.735e-05,
  "USDC": 0.24979157,
  "pool": {
    "krs_usdc": 2035.3583708735755,
    "usdc": 493.249746,
    "krs_weth": 534.1784176337627,
    "weth": 0.10220765513964636,
    "value_usd": 1001.72,
    "value_eth": 0.416065,
    "value_pln": 3707.67
  },
  "ETHPLN": 8911.29,
  "ETHUSD": 2407.6
}