{
  "USDC": 0.24954174,
  "WETH": 8.3543786e-05,
  "WETH_viaUSDC": 8.3060142e-05,
  "diff_pct": 0.005806,
  "prefer": "viaUSDC",
  "pool": {
    "address_usdc": "0xca71156bFe3bBecb281B78BF8bd9C083D1db222b",
    "address_weth": "0x4F4F6a4f5A28420B57A49Fe5cc935b441BB52456",
    "krs_usdc": 2148.7884198372058,
    "usdc": 495.845088,
    "krs_weth": 3316.6809583098657,
    "weth": 0.5238285507014546,
    "value_usd": 3433.47,
    "value_eth": 1.142834,
    "value_pln": 12305.1
  },
  "ETHPLN": 10767.18,
  "ETHUSD": 3004.35
}