{
  "USDC": 0.25018398,
  "WETH": 8.2281548e-05,
  "WETH_viaUSDC": 8.1898646e-05,
  "diff_pct": 0.004664,
  "prefer": "viaUSDC",
  "pool": {
    "address_usdc": "0xca71156bFe3bBecb281B78BF8bd9C083D1db222b",
    "address_weth": "0x4F4F6a4f5A28420B57A49Fe5cc935b441BB52456",
    "krs_usdc": 1986.6444781844414,
    "usdc": 521.639082,
    "krs_weth": 3478.7284246209674,
    "weth": 0.5054876520370561,
    "value_usd": 3433.15,
    "value_eth": 1.123855,
    "value_pln": 12572.95
  },
  "ETHPLN": 11187.34,
  "ETHUSD": 3054.8
}