{
  "USDC": 0.24038244,
  "WETH": 0.00010332444,
  "WETH_viaUSDC": 0.000105268374,
  "diff_pct": 0.018639,
  "prefer": "viaUSDC",
  "pool": {
    "address_usdc": "0xca71156bFe3bBecb281B78BF8bd9C083D1db222b",
    "address_weth": "0x4F4F6a4f5A28420B57A49Fe5cc935b441BB52456",
    "krs_usdc": 4127.675857840363,
    "usdc": 25.570089,
    "krs_weth": 1337.7935203067086,
    "weth": 0.7127410346937465,
    "value_usd": 2966.93,
    "value_eth": 1.29928,
    "value_pln": 10708.07
  },
  "ETHPLN": 8241.54,
  "ETHUSD": 2283.52
}