{
  "WETH": 9.748e-05,
  "USDC": 0.24987417,
  "pool": {
    "krs_usdc": 2021.8811578522902,
    "usdc": 498.407265,
    "krs_weth": 547.6556306550474,
    "weth": 0.10156881375395824,
    "value_usd": 1003.68,
    "value_eth": 0.411755,
    "value_pln": 3630.0
  },
  "ETHPLN": 8815.92,
  "ETHUSD": 2437.56
}