{
  "USDC": 0.25012529,
  "WETH": 8.2569113e-05,
  "WETH_viaUSDC": 8.2848457e-05,
  "diff_pct": 0.003377,
  "prefer": "viaUSDC",
  "pool": {
    "address_usdc": "0xca71156bFe3bBecb281B78BF8bd9C083D1db222b",
    "address_weth": "0x4F4F6a4f5A28420B57A49Fe5cc935b441BB52456",
    "krs_usdc": 2014.7530052188815,
    "usdc": 522.590069,
    "krs_weth": 3450.7163729281897,
    "weth": 0.5104771792661884,
    "value_usd": 3430.81,
    "value_eth": 1.136379,
    "value_pln": 12461.56
  },
  "ETHPLN": 10966.02,
  "ETHUSD": 3019.07
}