{
  "WETH": 0.00010378,
  "USDC": 0.25209216,
  "pool": {
    "krs_usdc": 1553.0640295833755,
    "usdc": 609.204024,
    "krs_weth": 1016.4727589239643,
    "weth": 0.052236575963805536,
    "value_usd": 1000.82,
    "value_eth": 0.385481,
    "value_pln": 3729.16
  },
  "ETHPLN": 9674.05,
  "ETHUSD": 2596.3
}