{
  "USDC": 0.24709288,
  "WETH": 8.744459e-05,
  "WETH_viaUSDC": 8.7743248e-05,
  "diff_pct": 0.00341,
  "prefer": "viaUSDC",
  "pool": {
    "address_usdc": "0xca71156bFe3bBecb281B78BF8bd9C083D1db222b",
    "address_weth": "0x4F4F6a4f5A28420B57A49Fe5cc935b441BB52456",
    "krs_usdc": 2635.6143096400224,
    "usdc": 363.095248,
    "krs_weth": 2829.855068507049,
    "weth": 0.5614039156978275,
    "value_usd": 3294.54,
    "value_eth": 1.169898,
    "value_pln": 12142.52
  },
  "ETHPLN": 10379.13,
  "ETHUSD": 2816.09
}