{
  "USDC": 0.24678148,
  "WETH": 8.8159726e-05,
  "WETH_viaUSDC": 8.8520359e-05,
  "diff_pct": 0.004082,
  "prefer": "viaUSDC",
  "pool": {
    "address_usdc": "0xca71156bFe3bBecb281B78BF8bd9C083D1db222b",
    "address_weth": "0x4F4F6a4f5A28420B57A49Fe5cc935b441BB52456",
    "krs_usdc": 2707.576037604179,
    "usdc": 348.536947,
    "krs_weth": 2757.8933405428925,
    "weth": 0.5688461837469588,
    "value_usd": 3283.17,
    "value_eth": 1.177671,
    "value_pln": 11954.72
  },
  "ETHPLN": 10151.15,
  "ETHUSD": 2787.85
}