{
  "USDC": 0.24949992,
  "WETH": 8.3333596e-05,
  "WETH_viaUSDC": 8.2494857e-05,
  "diff_pct": 0.010116,
  "prefer": "viaUSDC",
  "pool": {
    "address_usdc": "0xca71156bFe3bBecb281B78BF8bd9C083D1db222b",
    "address_weth": "0x4F4F6a4f5A28420B57A49Fe5cc935b441BB52456",
    "krs_usdc": 2137.3221382904885,
    "usdc": 488.642949,
    "krs_weth": 3328.147239856583,
    "weth": 0.5195378024940942,
    "value_usd": 3423.58,
    "value_eth": 1.131976,
    "value_pln": 12502.88
  },
  "ETHPLN": 11045.18,
  "ETHUSD": 3024.43
}