{
  "USDC": 0.25101971,
  "WETH": 8.1115621e-05,
  "WETH_viaUSDC": 8.1008071e-05,
  "diff_pct": 0.001327,
  "prefer": "viaUSDC",
  "pool": {
    "address_usdc": "0xca71156bFe3bBecb281B78BF8bd9C083D1db222b",
    "address_weth": "0x4F4F6a4f5A28420B57A49Fe5cc935b441BB52456",
    "krs_usdc": 1810.273468471015,
    "usdc": 563.587371,
    "krs_weth": 3655.0994343343937,
    "weth": 0.49034670420104165,
    "value_usd": 3454.94,
    "value_eth": 1.114965,
    "value_pln": 12562.61
  },
  "ETHPLN": 11267.27,
  "ETHUSD": 3098.7
}