{
  "USDC": 0.25304455,
  "WETH": 6.800078e-05,
  "WETH_viaUSDC": 6.7780214e-05,
  "diff_pct": 0.003249,
  "prefer": "viaUSDC",
  "pool": {
    "address_usdc": "0xca71156bFe3bBecb281B78BF8bd9C083D1db222b",
    "address_weth": "0x4F4F6a4f5A28420B57A49Fe5cc935b441BB52456",
    "krs_usdc": 1391.2674441222496,
    "usdc": 666.111516,
    "krs_weth": 601.1641164176151,
    "weth": 0.11437227516702976,
    "value_usd": 1597.27,
    "value_eth": 0.427844,
    "value_pln": 5864.57
  },
  "ETHPLN": 13707.27,
  "ETHUSD": 3733.31
}