{
  "USDC": 0.25009006,
  "WETH": 8.2786139e-05,
  "WETH_viaUSDC": 8.2617866e-05,
  "diff_pct": 0.002035,
  "prefer": "viaUSDC",
  "pool": {
    "address_usdc": "0xca71156bFe3bBecb281B78BF8bd9C083D1db222b",
    "address_weth": "0x4F4F6a4f5A28420B57A49Fe5cc935b441BB52456",
    "krs_usdc": 2034.9203932140226,
    "usdc": 524.010211,
    "krs_weth": 3430.548984933049,
    "weth": 0.5142656118901083,
    "value_usd": 3447.59,
    "value_eth": 1.138919,
    "value_pln": 12360.92
  },
  "ETHPLN": 10853.2,
  "ETHUSD": 3027.07
}