{
  "USDC": 0.24596389,
  "WETH": 8.963116e-05,
  "WETH_viaUSDC": 9.0293127e-05,
  "diff_pct": 0.007358,
  "prefer": "viaUSDC",
  "pool": {
    "address_usdc": "0xca71156bFe3bBecb281B78BF8bd9C083D1db222b",
    "address_weth": "0x4F4F6a4f5A28420B57A49Fe5cc935b441BB52456",
    "krs_usdc": 2873.050111474845,
    "usdc": 304.293971,
    "krs_weth": 2592.4192666722265,
    "weth": 0.5823284641771662,
    "value_usd": 3234.9,
    "value_eth": 1.187529,
    "value_pln": 11916.99
  },
  "ETHPLN": 10035.12,
  "ETHUSD": 2724.06
}