{
  "WETH": 0.00010122,
  "USDC": 0.25115469,
  "pool": {
    "krs_usdc": 1745.9072267207766,
    "usdc": 561.288875,
    "krs_weth": 823.6295617865628,
    "weth": 0.07128683713149427,
    "value_usd": 999.87,
    "value_eth": 0.393185,
    "value_pln": 3741.85
  },
  "ETHPLN": 9516.76,
  "ETHUSD": 2542.99
}