{
  "USDC": 0.25466293,
  "WETH": 6.0899506e-05,
  "WETH_viaUSDC": 6.1291159e-05,
  "diff_pct": 0.006411,
  "prefer": "viaUSDC",
  "pool": {
    "address_usdc": "0xca71156bFe3bBecb281B78BF8bd9C083D1db222b",
    "address_weth": "0x4F4F6a4f5A28420B57A49Fe5cc935b441BB52456",
    "krs_usdc": 1060.9859248426594,
    "usdc": 748.022038,
    "krs_weth": 931.4456356972053,
    "weth": 0.09262945064100075,
    "value_usd": 1640.29,
    "value_eth": 0.394779,
    "value_pln": 6039.66
  },
  "ETHPLN": 15298.86,
  "ETHUSD": 4154.97
}