{
  "USDC": 0.25301782,
  "WETH": 7.856784e-05,
  "WETH_viaUSDC": 7.879843e-05,
  "diff_pct": 0.002931,
  "prefer": "viaUSDC",
  "pool": {
    "address_usdc": "0xca71156bFe3bBecb281B78BF8bd9C083D1db222b",
    "address_weth": "0x4F4F6a4f5A28420B57A49Fe5cc935b441BB52456",
    "krs_usdc": 1401.9615699776161,
    "usdc": 666.075774,
    "krs_weth": 4063.411332827792,
    "weth": 0.4576190029407395,
    "value_usd": 3518.3,
    "value_eth": 1.095721,
    "value_pln": 12790.72
  },
  "ETHPLN": 11673.34,
  "ETHUSD": 3210.95
}