{
  "WETH": 0.00010598,
  "USDC": 0.25287594,
  "pool": {
    "krs_usdc": 1390.6526894038986,
    "usdc": 648.691406,
    "krs_weth": 1178.8840991034422,
    "weth": 0.03617219708448324,
    "value_usd": 1000.48,
    "value_eth": 0.375621,
    "value_pln": 3748.16
  },
  "ETHPLN": 9978.56,
  "ETHUSD": 2663.53
}