{
  "USDC": 0.25126756,
  "WETH": 8.1304772e-05,
  "WETH_viaUSDC": 8.1048301e-05,
  "diff_pct": 0.003159,
  "prefer": "viaUSDC",
  "pool": {
    "address_usdc": "0xca71156bFe3bBecb281B78BF8bd9C083D1db222b",
    "address_weth": "0x4F4F6a4f5A28420B57A49Fe5cc935b441BB52456",
    "krs_usdc": 1799.7189508031988,
    "usdc": 586.412738,
    "krs_weth": 3665.7504273438726,
    "weth": 0.4960928964769114,
    "value_usd": 3497.71,
    "value_eth": 1.128212,
    "value_pln": 12675.26
  },
  "ETHPLN": 11234.82,
  "ETHUSD": 3100.22
}