{
  "WETH": 0.00010204,
  "USDC": 0.25143372,
  "pool": {
    "krs_usdc": 1686.200142846459,
    "usdc": 575.007633,
    "krs_weth": 883.3366456608815,
    "weth": 0.06491073721223235,
    "value_usd": 999.07,
    "value_eth": 0.390441,
    "value_pln": 3739.44
  },
  "ETHPLN": 9577.48,
  "ETHUSD": 2558.81
}