{
  "USDC": 0.24039999,
  "WETH": 0.000103147075,
  "WETH_viaUSDC": 0.000104999252,
  "diff_pct": 0.017797,
  "prefer": "viaUSDC",
  "pool": {
    "address_usdc": "0xca71156bFe3bBecb281B78BF8bd9C083D1db222b",
    "address_weth": "0x4F4F6a4f5A28420B57A49Fe5cc935b441BB52456",
    "krs_usdc": 4118.124739368893,
    "usdc": 25.133986,
    "krs_weth": 1347.3446387781787,
    "weth": 0.7106733197682762,
    "value_usd": 2966.15,
    "value_eth": 1.295521,
    "value_pln": 10530.8
  },
  "ETHPLN": 8128.62,
  "ETHUSD": 2289.54
}