{
  "USDC": 0.24991926,
  "WETH": 8.2767597e-05,
  "WETH_viaUSDC": 8.2862828e-05,
  "diff_pct": 0.00115,
  "prefer": "viaUSDC",
  "pool": {
    "address_usdc": "0xca71156bFe3bBecb281B78BF8bd9C083D1db222b",
    "address_weth": "0x4F4F6a4f5A28420B57A49Fe5cc935b441BB52456",
    "krs_usdc": 2051.1378202048836,
    "usdc": 510.425642,
    "krs_weth": 3414.331557942188,
    "weth": 0.5124669161424572,
    "value_usd": 3421.98,
    "value_eth": 1.134587,
    "value_pln": 12474.0
  },
  "ETHPLN": 10994.31,
  "ETHUSD": 3016.06
}