{
  "WETH": 0.00010225,
  "USDC": 0.25169404,
  "pool": {
    "krs_usdc": 1651.027738376669,
    "usdc": 592.93189,
    "krs_weth": 917.5137430809104,
    "weth": 0.06513001662009404,
    "value_usd": 1008.58,
    "value_eth": 0.391674,
    "value_pln": 3642.5
  },
  "ETHPLN": 9299.83,
  "ETHUSD": 2575.05
}