{
  "USDC": 0.2498502,
  "WETH": 8.328693e-05,
  "WETH_viaUSDC": 8.390542e-05,
  "diff_pct": 0.007399,
  "prefer": "viaUSDC",
  "pool": {
    "address_usdc": "0xca71156bFe3bBecb281B78BF8bd9C083D1db222b",
    "address_weth": "0x4F4F6a4f5A28420B57A49Fe5cc935b441BB52456",
    "krs_usdc": 2097.585564461861,
    "usdc": 514.943232,
    "krs_weth": 3367.8838136852105,
    "weth": 0.5216203382174064,
    "value_usd": 3433.75,
    "value_eth": 1.153133,
    "value_pln": 12367.01
  },
  "ETHPLN": 10724.71,
  "ETHUSD": 2977.76
}