{
  "USDC": 0.25129433,
  "WETH": 5.6699678e-05,
  "WETH_viaUSDC": 5.6147379e-05,
  "diff_pct": 0.009788,
  "prefer": "viaUSDC",
  "pool": {
    "address_usdc": "0xca71156bFe3bBecb281B78BF8bd9C083D1db222b",
    "address_weth": "0x4F4F6a4f5A28420B57A49Fe5cc935b441BB52456",
    "krs_usdc": 1737.2204410887355,
    "usdc": 573.482665,
    "krs_weth": 412.21839434757834,
    "weth": 0.02821482293245329,
    "value_usd": 1239.9,
    "value_eth": 0.277035,
    "value_pln": 4519.57
  },
  "ETHPLN": 16314.09,
  "ETHUSD": 4475.62
}