{
  "USDC": 0.2403899,
  "WETH": 0.000103273183,
  "WETH_viaUSDC": 0.000104956337,
  "diff_pct": 0.016166,
  "prefer": "viaUSDC",
  "pool": {
    "address_usdc": "0xca71156bFe3bBecb281B78BF8bd9C083D1db222b",
    "address_weth": "0x4F4F6a4f5A28420B57A49Fe5cc935b441BB52456",
    "krs_usdc": 4124.656566072461,
    "usdc": 25.628472,
    "krs_weth": 1340.8128120746103,
    "weth": 0.7121712421366903,
    "value_usd": 2970.61,
    "value_eth": 1.296997,
    "value_pln": 10777.15
  },
  "ETHPLN": 8309.31,
  "ETHUSD": 2290.38
}