{
  "USDC": 0.25355775,
  "WETH": 7.3038809e-05,
  "WETH_viaUSDC": 7.2853676e-05,
  "diff_pct": 0.002538,
  "prefer": "viaUSDC",
  "pool": {
    "address_usdc": "0xca71156bFe3bBecb281B78BF8bd9C083D1db222b",
    "address_weth": "0x4F4F6a4f5A28420B57A49Fe5cc935b441BB52456",
    "krs_usdc": 1290.6069455478346,
    "usdc": 693.233127,
    "krs_weth": 397.06461499203016,
    "weth": 0.1291530099394356,
    "value_usd": 1570.66,
    "value_eth": 0.45129,
    "value_pln": 5745.01
  },
  "ETHPLN": 12730.21,
  "ETHUSD": 3480.37
}