{
  "USDC": 0.25444015,
  "WETH": 6.1914001e-05,
  "WETH_viaUSDC": 6.2076742e-05,
  "diff_pct": 0.002625,
  "prefer": "viaUSDC",
  "pool": {
    "address_usdc": "0xca71156bFe3bBecb281B78BF8bd9C083D1db222b",
    "address_weth": "0x4F4F6a4f5A28420B57A49Fe5cc935b441BB52456",
    "krs_usdc": 1108.976154934668,
    "usdc": 737.45073,
    "krs_weth": 883.4554056051968,
    "weth": 0.09598163790047524,
    "value_usd": 1637.81,
    "value_eth": 0.399584,
    "value_pln": 5942.4
  },
  "ETHPLN": 14871.47,
  "ETHUSD": 4098.8
}