{
  "USDC": 0.24724612,
  "WETH": 8.7100502e-05,
  "WETH_viaUSDC": 8.7614724e-05,
  "diff_pct": 0.005886,
  "prefer": "viaUSDC",
  "pool": {
    "address_usdc": "0xca71156bFe3bBecb281B78BF8bd9C083D1db222b",
    "address_weth": "0x4F4F6a4f5A28420B57A49Fe5cc935b441BB52456",
    "krs_usdc": 2600.4340366612696,
    "usdc": 370.307902,
    "krs_weth": 2864.938866144139,
    "weth": 0.5578123543299022,
    "value_usd": 3295.73,
    "value_eth": 1.167883,
    "value_pln": 12100.32
  },
  "ETHPLN": 10360.9,
  "ETHUSD": 2821.97
}