{
  "WETH": 0.00010439,
  "USDC": 0.25232252,
  "pool": {
    "krs_usdc": 1506.5310352860934,
    "usdc": 621.13906,
    "krs_weth": 1063.0057532212466,
    "weth": 0.04784170701410499,
    "value_usd": 1001.38,
    "value_eth": 0.380586,
    "value_pln": 3768.47
  },
  "ETHPLN": 9901.77,
  "ETHUSD": 2631.16
}