{
  "WETH": 9.987e-05,
  "USDC": 0.25078055,
  "pool": {
    "krs_usdc": 1835.9981612446613,
    "usdc": 545.359264,
    "krs_weth": 733.5386272626764,
    "weth": 0.08289988863712437,
    "value_usd": 1005.87,
    "value_eth": 0.404038,
    "value_pln": 3622.57
  },
  "ETHPLN": 8965.91,
  "ETHUSD": 2489.53
}