{
  "WETH": 9.793e-05,
  "USDC": 0.24993065,
  "pool": {
    "krs_usdc": 1998.3795081455773,
    "usdc": 498.352132,
    "krs_weth": 571.1572803617617,
    "weth": 0.09677324535578918,
    "value_usd": 997.86,
    "value_eth": 0.406065,
    "value_pln": 3741.85
  },
  "ETHPLN": 9214.91,
  "ETHUSD": 2457.4
}