{
  "USDC": 0.24110032,
  "WETH": 0.000101379526,
  "WETH_viaUSDC": 0.000101803117,
  "diff_pct": 0.00417,
  "prefer": "viaUSDC",
  "pool": {
    "address_usdc": "0xca71156bFe3bBecb281B78BF8bd9C083D1db222b",
    "address_weth": "0x4F4F6a4f5A28420B57A49Fe5cc935b441BB52456",
    "krs_usdc": 3964.5101326841936,
    "usdc": 61.8055,
    "krs_weth": 1500.959245462878,
    "weth": 0.6948323635676846,
    "value_usd": 3025.1,
    "value_eth": 1.277331,
    "value_pln": 10736.05
  },
  "ETHPLN": 8405.06,
  "ETHUSD": 2368.3
}