{
  "USDC": 0.25291603,
  "WETH": 7.6419859e-05,
  "WETH_viaUSDC": 7.7080815e-05,
  "diff_pct": 0.008612,
  "prefer": "viaUSDC",
  "pool": {
    "address_usdc": "0xca71156bFe3bBecb281B78BF8bd9C083D1db222b",
    "address_weth": "0x4F4F6a4f5A28420B57A49Fe5cc935b441BB52456",
    "krs_usdc": 1419.170585724642,
    "usdc": 659.985283,
    "krs_weth": 268.5009748152227,
    "weth": 0.1385554229937507,
    "value_usd": 1541.45,
    "value_eth": 0.469785,
    "value_pln": 5711.24
  },
  "ETHPLN": 12157.14,
  "ETHUSD": 3281.18
}