{
  "USDC": 0.2408834,
  "WETH": 0.000101997545,
  "WETH_viaUSDC": 0.000102361141,
  "diff_pct": 0.003558,
  "prefer": "viaUSDC",
  "pool": {
    "address_usdc": "0xca71156bFe3bBecb281B78BF8bd9C083D1db222b",
    "address_weth": "0x4F4F6a4f5A28420B57A49Fe5cc935b441BB52456",
    "krs_usdc": 4015.3608162911087,
    "usdc": 51.242022,
    "krs_weth": 1450.108561855963,
    "weth": 0.7006928047390634,
    "value_usd": 3016.7,
    "value_eth": 1.281919,
    "value_pln": 10844.45
  },
  "ETHPLN": 8459.54,
  "ETHUSD": 2353.27
}