{
  "USDC": 0.25173344,
  "WETH": 8.0659508e-05,
  "WETH_viaUSDC": 8.0249879e-05,
  "diff_pct": 0.005091,
  "prefer": "viaUSDC",
  "pool": {
    "address_usdc": "0xca71156bFe3bBecb281B78BF8bd9C083D1db222b",
    "address_weth": "0x4F4F6a4f5A28420B57A49Fe5cc935b441BB52456",
    "krs_usdc": 1701.3560588594357,
    "usdc": 609.608479,
    "krs_weth": 3764.113319287636,
    "weth": 0.48763609400350005,
    "value_usd": 3515.1,
    "value_eth": 1.120576,
    "value_pln": 12624.68
  },
  "ETHPLN": 11266.24,
  "ETHUSD": 3136.87
}