{
  "WETH": 9.96e-05,
  "USDC": 0.25063421,
  "pool": {
    "krs_usdc": 1861.3881956663624,
    "usdc": 536.648675,
    "krs_weth": 708.1485928409757,
    "weth": 0.08448723112972883,
    "value_usd": 1003.25,
    "value_eth": 0.403291,
    "value_pln": 3712.44
  },
  "ETHPLN": 9205.37,
  "ETHUSD": 2487.65
}