{
  "WETH": 9.955e-05,
  "USDC": 0.25054253,
  "pool": {
    "krs_usdc": 1872.9171206872006,
    "usdc": 530.07697,
    "krs_weth": 696.6196678201385,
    "weth": 0.08419915517082492,
    "value_usd": 999.39,
    "value_eth": 0.401261,
    "value_pln": 3742.87
  },
  "ETHPLN": 9327.77,
  "ETHUSD": 2490.63
}