{
  "USDC": 0.25118036,
  "WETH": 8.1184167e-05,
  "WETH_viaUSDC": 8.1435201e-05,
  "diff_pct": 0.003087,
  "prefer": "viaUSDC",
  "pool": {
    "address_usdc": "0xca71156bFe3bBecb281B78BF8bd9C083D1db222b",
    "address_weth": "0x4F4F6a4f5A28420B57A49Fe5cc935b441BB52456",
    "krs_usdc": 1799.2202929593257,
    "usdc": 577.313583,
    "krs_weth": 3666.249085187746,
    "weth": 0.493059982829394,
    "value_usd": 3470.94,
    "value_eth": 1.125312,
    "value_pln": 12605.05
  },
  "ETHPLN": 11201.38,
  "ETHUSD": 3084.42
}