{
  "USDC": 0.25484273,
  "WETH": 7.6668329e-05,
  "WETH_viaUSDC": 7.6416446e-05,
  "diff_pct": 0.003291,
  "prefer": "viaUSDC",
  "pool": {
    "address_usdc": "0xca71156bFe3bBecb281B78BF8bd9C083D1db222b",
    "address_weth": "0x4F4F6a4f5A28420B57A49Fe5cc935b441BB52456",
    "krs_usdc": 1058.9164345986467,
    "usdc": 765.737498,
    "krs_weth": 4406.552943548425,
    "weth": 0.435004604997487,
    "value_usd": 3609.28,
    "value_eth": 1.082268,
    "value_pln": 13111.56
  },
  "ETHPLN": 12114.89,
  "ETHUSD": 3334.92
}