{
  "USDC": 0.25056856,
  "WETH": 6.1569484e-05,
  "WETH_viaUSDC": 6.0812742e-05,
  "diff_pct": 0.012367,
  "prefer": "viaUSDC",
  "pool": {
    "address_usdc": "0xca71156bFe3bBecb281B78BF8bd9C083D1db222b",
    "address_weth": "0x4F4F6a4f5A28420B57A49Fe5cc935b441BB52456",
    "krs_usdc": 1887.427149778436,
    "usdc": 536.410136,
    "krs_weth": 462.01168565787793,
    "weth": 0.048754339627085065,
    "value_usd": 1325.99,
    "value_eth": 0.321816,
    "value_pln": 4839.1
  },
  "ETHPLN": 15036.85,
  "ETHUSD": 4120.33
}