{
  "USDC": 0.25044122,
  "WETH": 8.2145618e-05,
  "WETH_viaUSDC": 8.2467431e-05,
  "diff_pct": 0.00391,
  "prefer": "viaUSDC",
  "pool": {
    "address_usdc": "0xca71156bFe3bBecb281B78BF8bd9C083D1db222b",
    "address_weth": "0x4F4F6a4f5A28420B57A49Fe5cc935b441BB52456",
    "krs_usdc": 1949.7508848310233,
    "usdc": 538.907963,
    "krs_weth": 3515.718493316048,
    "weth": 0.5051398537306375,
    "value_usd": 3441.72,
    "value_eth": 1.133319,
    "value_pln": 12502.94
  },
  "ETHPLN": 11032.14,
  "ETHUSD": 3036.85
}