{
  "USDC": 0.24708966,
  "WETH": 8.7455646e-05,
  "WETH_viaUSDC": 8.7232847e-05,
  "diff_pct": 0.002551,
  "prefer": "viaUSDC",
  "pool": {
    "address_usdc": "0xca71156bFe3bBecb281B78BF8bd9C083D1db222b",
    "address_weth": "0x4F4F6a4f5A28420B57A49Fe5cc935b441BB52456",
    "krs_usdc": 2636.5633888187663,
    "usdc": 362.994622,
    "krs_weth": 2828.905989328305,
    "weth": 0.5615344277108517,
    "value_usd": 3304.02,
    "value_eth": 1.166455,
    "value_pln": 12317.25
  },
  "ETHPLN": 10559.56,
  "ETHUSD": 2832.53
}