{
  "USDC": 0.25398887,
  "WETH": 5.6761234e-05,
  "WETH_viaUSDC": 5.7196455e-05,
  "diff_pct": 0.007638,
  "prefer": "viaUSDC",
  "pool": {
    "address_usdc": "0xca71156bFe3bBecb281B78BF8bd9C083D1db222b",
    "address_weth": "0x4F4F6a4f5A28420B57A49Fe5cc935b441BB52456",
    "krs_usdc": 1194.2774668313245,
    "usdc": 712.951751,
    "krs_weth": 1152.661368604989,
    "weth": 0.07940748769190445,
    "value_usd": 1661.67,
    "value_eth": 0.374196,
    "value_pln": 6084.48
  },
  "ETHPLN": 16260.16,
  "ETHUSD": 4440.64
}