{
  "USDC": 0.25390216,
  "WETH": 6.4017739e-05,
  "WETH_viaUSDC": 6.2971923e-05,
  "diff_pct": 0.016471,
  "prefer": "viaUSDC",
  "pool": {
    "address_usdc": "0xca71156bFe3bBecb281B78BF8bd9C083D1db222b",
    "address_weth": "0x4F4F6a4f5A28420B57A49Fe5cc935b441BB52456",
    "krs_usdc": 1214.2963937742852,
    "usdc": 709.15486,
    "krs_weth": 778.1351667655795,
    "weth": 0.1022308316190731,
    "value_usd": 1627.23,
    "value_eth": 0.40358,
    "value_pln": 5988.88
  },
  "ETHPLN": 14839.39,
  "ETHUSD": 4031.99
}