{
  "WETH": 0.00010516,
  "USDC": 0.25265507,
  "pool": {
    "krs_usdc": 1443.7199622649623,
    "usdc": 639.429641,
    "krs_weth": 1125.816826242377,
    "weth": 0.04276939314956796,
    "value_usd": 1004.31,
    "value_eth": 0.377944,
    "value_pln": 3695.39
  },
  "ETHPLN": 9777.6,
  "ETHUSD": 2657.3
}