{
  "USDC": 0.2404381,
  "WETH": 0.000103163846,
  "WETH_viaUSDC": 0.00010248373,
  "diff_pct": 0.006614,
  "prefer": "viaUSDC",
  "pool": {
    "address_usdc": "0xca71156bFe3bBecb281B78BF8bd9C083D1db222b",
    "address_weth": "0x4F4F6a4f5A28420B57A49Fe5cc935b441BB52456",
    "krs_usdc": 4114.6758426529,
    "usdc": 28.302686,
    "krs_weth": 1350.7935354941712,
    "weth": 0.7112457468414687,
    "value_usd": 3011.07,
    "value_eth": 1.283431,
    "value_pln": 10932.52
  },
  "ETHPLN": 8518.2,
  "ETHUSD": 2346.11
}