{
  "USDC": 0.25339594,
  "WETH": 5.8896356e-05,
  "WETH_viaUSDC": 5.8708245e-05,
  "diff_pct": 0.003199,
  "prefer": "viaUSDC",
  "pool": {
    "address_usdc": "0xca71156bFe3bBecb281B78BF8bd9C083D1db222b",
    "address_weth": "0x4F4F6a4f5A28420B57A49Fe5cc935b441BB52456",
    "krs_usdc": 1313.1330768160053,
    "usdc": 682.357626,
    "krs_weth": 533.8057586203084,
    "weth": 0.044453906649411984,
    "value_usd": 1342.24,
    "value_eth": 0.310977,
    "value_pln": 4875.12
  },
  "ETHPLN": 15676.78,
  "ETHUSD": 4316.19
}