{
  "WETH": 0.00010443,
  "USDC": 0.2523009,
  "pool": {
    "krs_usdc": 1507.2624041202114,
    "usdc": 619.102623,
    "krs_weth": 1062.2743843871294,
    "weth": 0.047206072057135076,
    "value_usd": 999.5,
    "value_eth": 0.375841,
    "value_pln": 3743.99
  },
  "ETHPLN": 9961.62,
  "ETHUSD": 2659.36
}