{
  "USDC": 0.25481318,
  "WETH": 7.6697722e-05,
  "WETH_viaUSDC": 7.5786957e-05,
  "diff_pct": 0.011946,
  "prefer": "viaUSDC",
  "pool": {
    "address_usdc": "0xca71156bFe3bBecb281B78BF8bd9C083D1db222b",
    "address_weth": "0x4F4F6a4f5A28420B57A49Fe5cc935b441BB52456",
    "krs_usdc": 1064.387124275329,
    "usdc": 764.110551,
    "krs_weth": 4401.082253871742,
    "weth": 0.43535417498172413,
    "value_usd": 3620.55,
    "value_eth": 1.076828,
    "value_pln": 13155.08
  },
  "ETHPLN": 12216.5,
  "ETHUSD": 3362.23
}