{
  "WETH": 0.00010975,
  "USDC": 0.25446956,
  "pool": {
    "krs_usdc": 1089.7056062949237,
    "usdc": 735.575519,
    "krs_weth": 1478.8358751626558,
    "weth": 0.01236140978383682,
    "value_usd": 1013.03,
    "value_eth": 0.364129,
    "value_pln": 3672.18
  },
  "ETHPLN": 10084.85,
  "ETHUSD": 2782.08
}