{
  "WETH": 0.00010123,
  "USDC": 0.25120869,
  "pool": {
    "krs_usdc": 1740.1176400741776,
    "usdc": 565.398927,
    "krs_weth": 829.4191484331614,
    "weth": 0.07174633852177566,
    "value_usd": 1002.62,
    "value_eth": 0.396396,
    "value_pln": 3701.98
  },
  "ETHPLN": 9339.1,
  "ETHUSD": 2529.33
}