{
  "USDC": 0.24675436,
  "WETH": 8.804852e-05,
  "WETH_viaUSDC": 8.7979506e-05,
  "diff_pct": 0.000784,
  "prefer": "viaUSDC",
  "pool": {
    "address_usdc": "0xca71156bFe3bBecb281B78BF8bd9C083D1db222b",
    "address_weth": "0x4F4F6a4f5A28420B57A49Fe5cc935b441BB52456",
    "krs_usdc": 2704.3624556570844,
    "usdc": 344.918485,
    "krs_weth": 2761.106922489987,
    "weth": 0.5670045226104776,
    "value_usd": 3283.81,
    "value_eth": 1.170833,
    "value_pln": 12062.8
  },
  "ETHPLN": 10302.75,
  "ETHUSD": 2804.68
}