{
  "WETH": 0.00010104,
  "USDC": 0.25107306,
  "pool": {
    "krs_usdc": 1760.984076064707,
    "usdc": 556.667133,
    "krs_weth": 808.5527124426328,
    "weth": 0.07245287655341373,
    "value_usd": 998.88,
    "value_eth": 0.392776,
    "value_pln": 3717.28
  },
  "ETHPLN": 9464.12,
  "ETHUSD": 2543.14
}