{
  "USDC": 0.24862578,
  "WETH": 8.5310053e-05,
  "WETH_viaUSDC": 8.4708349e-05,
  "diff_pct": 0.007078,
  "prefer": "viaUSDC",
  "pool": {
    "address_usdc": "0xca71156bFe3bBecb281B78BF8bd9C083D1db222b",
    "address_weth": "0x4F4F6a4f5A28420B57A49Fe5cc935b441BB52456",
    "krs_usdc": 2355.3613258502637,
    "usdc": 452.628488,
    "krs_weth": 3110.1080522968077,
    "weth": 0.5439898735170096,
    "value_usd": 3408.14,
    "value_eth": 1.161174,
    "value_pln": 12072.36
  },
  "ETHPLN": 10396.68,
  "ETHUSD": 2935.08
}