{
  "USDC": 0.25115269,
  "WETH": 8.1287664e-05,
  "WETH_viaUSDC": 8.1425437e-05,
  "diff_pct": 0.001693,
  "prefer": "viaUSDC",
  "pool": {
    "address_usdc": "0xca71156bFe3bBecb281B78BF8bd9C083D1db222b",
    "address_weth": "0x4F4F6a4f5A28420B57A49Fe5cc935b441BB52456",
    "krs_usdc": 1810.1521239042454,
    "usdc": 577.221148,
    "krs_weth": 3655.317254242826,
    "weth": 0.49478859255975915,
    "value_usd": 3476.04,
    "value_eth": 1.126956,
    "value_pln": 12504.05
  },
  "ETHPLN": 11095.42,
  "ETHUSD": 3084.45
}