{
  "WETH": 0.00011127,
  "USDC": 0.25502332,
  "pool": {
    "krs_usdc": 978.8147203375518,
    "usdc": 763.9422,
    "krs_weth": 1589.7267611200277,
    "weth": 0.002368539737792365,
    "value_usd": 1013.74,
    "value_eth": 0.341346,
    "value_pln": 3681.45
  },
  "ETHPLN": 10785.1,
  "ETHUSD": 2969.83
}