{
  "USDC": 0.24851305,
  "WETH": 8.5250471e-05,
  "WETH_viaUSDC": 8.5157077e-05,
  "diff_pct": 0.001096,
  "prefer": "viaUSDC",
  "pool": {
    "address_usdc": "0xca71156bFe3bBecb281B78BF8bd9C083D1db222b",
    "address_weth": "0x4F4F6a4f5A28420B57A49Fe5cc935b441BB52456",
    "krs_usdc": 2363.6826949494803,
    "usdc": 442.985418,
    "krs_weth": 3101.786683197591,
    "weth": 0.5421758983467231,
    "value_usd": 3383.45,
    "value_eth": 1.159396,
    "value_pln": 12109.43
  },
  "ETHPLN": 10444.61,
  "ETHUSD": 2918.29
}