{
  "USDC": 0.25238514,
  "WETH": 7.9352607e-05,
  "WETH_viaUSDC": 7.8955726e-05,
  "diff_pct": 0.005014,
  "prefer": "viaUSDC",
  "pool": {
    "address_usdc": "0xca71156bFe3bBecb281B78BF8bd9C083D1db222b",
    "address_weth": "0x4F4F6a4f5A28420B57A49Fe5cc935b441BB52456",
    "krs_usdc": 1530.2731282547434,
    "usdc": 633.553711,
    "krs_weth": 3935.099774550665,
    "weth": 0.4677199930688104,
    "value_usd": 3508.02,
    "value_eth": 1.097442,
    "value_pln": 12759.08
  },
  "ETHPLN": 11626.2,
  "ETHUSD": 3196.54
}