{
  "USDC": 0.25357999,
  "WETH": 6.5512739e-05,
  "WETH_viaUSDC": 6.4804991e-05,
  "diff_pct": 0.010862,
  "prefer": "viaUSDC",
  "pool": {
    "address_usdc": "0xca71156bFe3bBecb281B78BF8bd9C083D1db222b",
    "address_weth": "0x4F4F6a4f5A28420B57A49Fe5cc935b441BB52456",
    "krs_usdc": 1281.6617354022899,
    "usdc": 693.243764,
    "krs_weth": 710.769825137575,
    "weth": 0.10689416085097717,
    "value_usd": 1616.76,
    "value_eth": 0.413179,
    "value_pln": 5896.44
  },
  "ETHPLN": 14270.89,
  "ETHUSD": 3912.97
}