{
  "USDC": 0.25524107,
  "WETH": 7.6410123e-05,
  "WETH_viaUSDC": 7.6533136e-05,
  "diff_pct": 0.001609,
  "prefer": "viaUSDC",
  "pool": {
    "address_usdc": "0xca71156bFe3bBecb281B78BF8bd9C083D1db222b",
    "address_weth": "0x4F4F6a4f5A28420B57A49Fe5cc935b441BB52456",
    "krs_usdc": 996.9341904216991,
    "usdc": 790.559052,
    "krs_weth": 4468.535187725372,
    "weth": 0.43308099420439794,
    "value_usd": 3629.91,
    "value_eth": 1.088417,
    "value_pln": 13126.81
  },
  "ETHPLN": 12060.46,
  "ETHUSD": 3335.04
}