{
  "USDC": 0.25480835,
  "WETH": 7.6929611e-05,
  "WETH_viaUSDC": 7.6728472e-05,
  "diff_pct": 0.002618,
  "prefer": "viaUSDC",
  "pool": {
    "address_usdc": "0xca71156bFe3bBecb281B78BF8bd9C083D1db222b",
    "address_weth": "0x4F4F6a4f5A28420B57A49Fe5cc935b441BB52456",
    "krs_usdc": 1084.5991567015933,
    "usdc": 768.69879,
    "krs_weth": 4380.870221445478,
    "weth": 0.43995109897614293,
    "value_usd": 3622.38,
    "value_eth": 1.090781,
    "value_pln": 13109.66
  },
  "ETHPLN": 12018.6,
  "ETHUSD": 3320.91
}