{
  "WETH": 0.00010471,
  "USDC": 0.25240961,
  "pool": {
    "krs_usdc": 1485.544425904156,
    "usdc": 624.789627,
    "krs_weth": 1083.9923626031848,
    "weth": 0.04520699281495101,
    "value_usd": 999.87,
    "value_eth": 0.378922,
    "value_pln": 3759.27
  },
  "ETHPLN": 9920.95,
  "ETHUSD": 2638.72
}