{
  "USDC": 0.25072546,
  "WETH": 8.1733754e-05,
  "WETH_viaUSDC": 8.1992964e-05,
  "diff_pct": 0.003166,
  "prefer": "viaUSDC",
  "pool": {
    "address_usdc": "0xca71156bFe3bBecb281B78BF8bd9C083D1db222b",
    "address_weth": "0x4F4F6a4f5A28420B57A49Fe5cc935b441BB52456",
    "krs_usdc": 1888.7147987268784,
    "usdc": 552.912943,
    "krs_weth": 3576.7545794201933,
    "weth": 0.49972045021006417,
    "value_usd": 3451.34,
    "value_eth": 1.128666,
    "value_pln": 12556.48
  },
  "ETHPLN": 11125.07,
  "ETHUSD": 3057.89
}