{
  "USDC": 0.24857757,
  "WETH": 8.5367206e-05,
  "WETH_viaUSDC": 8.503117e-05,
  "diff_pct": 0.003944,
  "prefer": "viaUSDC",
  "pool": {
    "address_usdc": "0xca71156bFe3bBecb281B78BF8bd9C083D1db222b",
    "address_weth": "0x4F4F6a4f5A28420B57A49Fe5cc935b441BB52456",
    "krs_usdc": 2363.6501774773265,
    "usdc": 449.700048,
    "krs_weth": 3101.819200669745,
    "weth": 0.544398566450236,
    "value_usd": 3399.77,
    "value_eth": 1.162963,
    "value_pln": 12169.91
  },
  "ETHPLN": 10464.57,
  "ETHUSD": 2923.37
}