{
  "USDC": 0.25359501,
  "WETH": 5.8192764e-05,
  "WETH_viaUSDC": 5.8414936e-05,
  "diff_pct": 0.003811,
  "prefer": "viaUSDC",
  "pool": {
    "address_usdc": "0xca71156bFe3bBecb281B78BF8bd9C083D1db222b",
    "address_weth": "0x4F4F6a4f5A28420B57A49Fe5cc935b441BB52456",
    "krs_usdc": 1273.9301920080763,
    "usdc": 692.823601,
    "krs_weth": 1073.0086434282375,
    "weth": 0.08400513771436571,
    "value_usd": 1652.68,
    "value_eth": 0.380691,
    "value_pln": 6077.23
  },
  "ETHPLN": 15963.66,
  "ETHUSD": 4341.27
}