{
  "USDC": 0.24907941,
  "WETH": 8.4414122e-05,
  "WETH_viaUSDC": 8.3617365e-05,
  "diff_pct": 0.009483,
  "prefer": "viaUSDC",
  "pool": {
    "address_usdc": "0xca71156bFe3bBecb281B78BF8bd9C083D1db222b",
    "address_weth": "0x4F4F6a4f5A28420B57A49Fe5cc935b441BB52456",
    "krs_usdc": 2256.5042420921577,
    "usdc": 474.951855,
    "krs_weth": 3208.9651360549137,
    "weth": 0.5348246479222977,
    "value_usd": 3429.42,
    "value_eth": 1.151277,
    "value_pln": 12364.44
  },
  "ETHPLN": 10739.76,
  "ETHUSD": 2978.8
}