{
  "USDC": 0.24952383,
  "WETH": 8.3151104e-05,
  "WETH_viaUSDC": 8.2599988e-05,
  "diff_pct": 0.00665,
  "prefer": "viaUSDC",
  "pool": {
    "address_usdc": "0xca71156bFe3bBecb281B78BF8bd9C083D1db222b",
    "address_weth": "0x4F4F6a4f5A28420B57A49Fe5cc935b441BB52456",
    "krs_usdc": 2121.037750871593,
    "usdc": 487.064423,
    "krs_weth": 3344.3351519338157,
    "weth": 0.5162761825337084,
    "value_usd": 3410.41,
    "value_eth": 1.128949,
    "value_pln": 12459.79
  },
  "ETHPLN": 11036.63,
  "ETHUSD": 3020.87
}