{
  "USDC": 0.24871121,
  "WETH": 8.4512775e-05,
  "WETH_viaUSDC": 8.4776738e-05,
  "diff_pct": 0.003118,
  "prefer": "viaUSDC",
  "pool": {
    "address_usdc": "0xca71156bFe3bBecb281B78BF8bd9C083D1db222b",
    "address_weth": "0x4F4F6a4f5A28420B57A49Fe5cc935b441BB52456",
    "krs_usdc": 2300.492227441326,
    "usdc": 447.744144,
    "krs_weth": 3164.9771507057453,
    "weth": 0.5331410539718152,
    "value_usd": 3371.15,
    "value_eth": 1.149106,
    "value_pln": 12286.61
  },
  "ETHPLN": 10692.32,
  "ETHUSD": 2933.72
}