{
  "USDC": 0.2469393,
  "WETH": 8.7856931e-05,
  "WETH_viaUSDC": 8.7420496e-05,
  "diff_pct": 0.00498,
  "prefer": "viaUSDC",
  "pool": {
    "address_usdc": "0xca71156bFe3bBecb281B78BF8bd9C083D1db222b",
    "address_weth": "0x4F4F6a4f5A28420B57A49Fe5cc935b441BB52456",
    "krs_usdc": 2674.4276845080367,
    "usdc": 356.744585,
    "krs_weth": 2791.0416936390347,
    "weth": 0.5659376089067236,
    "value_usd": 3305.0,
    "value_eth": 1.170025,
    "value_pln": 12073.18
  },
  "ETHPLN": 10318.74,
  "ETHUSD": 2824.73
}