{
  "WETH": 0.00010408,
  "USDC": 0.25220715,
  "pool": {
    "krs_usdc": 1529.991087231046,
    "usdc": 615.203106,
    "krs_weth": 1039.5457012762938,
    "weth": 0.050085665479285266,
    "value_usd": 1001.19,
    "value_eth": 0.380062,
    "value_pln": 3763.1
  },
  "ETHPLN": 9901.27,
  "ETHUSD": 2634.27
}