{
  "USDC": 0.25075279,
  "WETH": 6.0143712e-05,
  "WETH_viaUSDC": 6.0425125e-05,
  "diff_pct": 0.004668,
  "prefer": "viaUSDC",
  "pool": {
    "address_usdc": "0xca71156bFe3bBecb281B78BF8bd9C083D1db222b",
    "address_weth": "0x4F4F6a4f5A28420B57A49Fe5cc935b441BB52456",
    "krs_usdc": 1849.6905821680211,
    "usdc": 545.93892,
    "krs_weth": 499.7482532682926,
    "weth": 0.0464748182507611,
    "value_usd": 1327.93,
    "value_eth": 0.319998,
    "value_pln": 4817.15
  },
  "ETHPLN": 15053.71,
  "ETHUSD": 4149.81
}