{
  "WETH": 0.00010381,
  "USDC": 0.25210501,
  "pool": {
    "krs_usdc": 1550.6485289268373,
    "usdc": 609.916436,
    "krs_weth": 1018.8882595805023,
    "weth": 0.052043351905415744,
    "value_usd": 1000.95,
    "value_eth": 0.384319,
    "value_pln": 3760.55
  },
  "ETHPLN": 9784.97,
  "ETHUSD": 2604.47
}