{
  "WETH": 0.00010821,
  "USDC": 0.25376856,
  "pool": {
    "krs_usdc": 1217.7550383112682,
    "usdc": 696.400508,
    "krs_weth": 1351.7817501960708,
    "weth": 0.021495479137295777,
    "value_usd": 1005.57,
    "value_eth": 0.36784,
    "value_pln": 3701.37
  },
  "ETHPLN": 10062.46,
  "ETHUSD": 2733.73
}