{
  "USDC": 0.25345228,
  "WETH": 6.6022818e-05,
  "WETH_viaUSDC": 6.5359981e-05,
  "diff_pct": 0.01009,
  "prefer": "viaUSDC",
  "pool": {
    "address_usdc": "0xca71156bFe3bBecb281B78BF8bd9C083D1db222b",
    "address_weth": "0x4F4F6a4f5A28420B57A49Fe5cc935b441BB52456",
    "krs_usdc": 1306.186140620955,
    "usdc": 686.372689,
    "krs_weth": 686.2454199189099,
    "weth": 0.10833889596100915,
    "value_usd": 1611.47,
    "value_eth": 0.415565,
    "value_pln": 5867.86
  },
  "ETHPLN": 14120.2,
  "ETHUSD": 3877.79
}