{
  "WETH": 9.416e-05,
  "USDC": 0.24860016,
  "pool": {
    "krs_usdc": 2284.209543724249,
    "usdc": 432.102214,
    "krs_weth": 285.3272447830887,
    "weth": 0.128566836146745,
    "value_usd": 999.98,
    "value_eth": 0.425444,
    "value_pln": 3689.63
  },
  "ETHPLN": 8672.43,
  "ETHUSD": 2350.45
}