{
  "WETH": 9.641e-05,
  "USDC": 0.24944097,
  "pool": {
    "krs_usdc": 2108.2441486429097,
    "usdc": 475.231836,
    "krs_weth": 461.29263986442857,
    "weth": 0.10980352299152217,
    "value_usd": 1001.16,
    "value_eth": 0.416561,
    "value_pln": 3708.88
  },
  "ETHPLN": 8903.56,
  "ETHUSD": 2403.39
}