{
  "USDC": 0.25252155,
  "WETH": 7.8841524e-05,
  "WETH_viaUSDC": 7.9645725e-05,
  "diff_pct": 0.010148,
  "prefer": "viaUSDC",
  "pool": {
    "address_usdc": "0xca71156bFe3bBecb281B78BF8bd9C083D1db222b",
    "address_weth": "0x4F4F6a4f5A28420B57A49Fe5cc935b441BB52456",
    "krs_usdc": 1502.2442481578885,
    "usdc": 640.487953,
    "krs_weth": 185.42731238197632,
    "weth": 0.14545614721686748,
    "value_usd": 1527.84,
    "value_eth": 0.481883,
    "value_pln": 5558.01
  },
  "ETHPLN": 11533.95,
  "ETHUSD": 3170.56
}