{
  "WETH": 0.0001036,
  "USDC": 0.25205655,
  "pool": {
    "krs_usdc": 1563.291495589815,
    "usdc": 608.119524,
    "krs_weth": 1006.2452929175241,
    "weth": 0.05380201681782122,
    "value_usd": 1002.26,
    "value_eth": 0.380593,
    "value_pln": 3747.63
  },
  "ETHPLN": 9846.81,
  "ETHUSD": 2633.42
}