{
  "WETH": 9.771e-05,
  "USDC": 0.24997047,
  "pool": {
    "krs_usdc": 2003.084499902653,
    "usdc": 503.650497,
    "krs_weth": 566.4522886046846,
    "weth": 0.09986531616860732,
    "value_usd": 1004.42,
    "value_eth": 0.414118,
    "value_pln": 3628.52
  },
  "ETHPLN": 8762.06,
  "ETHUSD": 2425.44
}