{
  "WETH": 0.00010089,
  "USDC": 0.25117115,
  "pool": {
    "krs_usdc": 1756.7812219592656,
    "usdc": 565.710168,
    "krs_weth": 812.7555665480721,
    "weth": 0.07519659073492854,
    "value_usd": 1007.04,
    "value_eth": 0.394703,
    "value_pln": 3643.51
  },
  "ETHPLN": 9231.03,
  "ETHUSD": 2551.4
}