{
  "USDC": 0.24974116,
  "WETH": 8.2857023e-05,
  "WETH_viaUSDC": 8.4292846e-05,
  "diff_pct": 0.01718,
  "prefer": "viaUSDC",
  "pool": {
    "address_usdc": "0xca71156bFe3bBecb281B78BF8bd9C083D1db222b",
    "address_weth": "0x4F4F6a4f5A28420B57A49Fe5cc935b441BB52456",
    "krs_usdc": 2076.2856300599196,
    "usdc": 498.339607,
    "krs_weth": 3389.087272745489,
    "weth": 0.5125959421159216,
    "value_usd": 3381.98,
    "value_eth": 1.141488,
    "value_pln": 12325.87
  },
  "ETHPLN": 10798.07,
  "ETHUSD": 2962.78
}