{
  "USDC": 0.25011094,
  "WETH": 8.2362767e-05,
  "WETH_viaUSDC": 0.0,
  "diff_pct": 0.0,
  "prefer": "viaUSDC",
  "pool": {
    "address_usdc": "0xca71156bFe3bBecb281B78BF8bd9C083D1db222b",
    "address_weth": "0x4F4F6a4f5A28420B57A49Fe5cc935b441BB52456",
    "krs_usdc": 2000.4045408596355,
    "usdc": 517.543626,
    "krs_weth": 3464.968361945773,
    "weth": 0.5064065711412746,
    "value_usd": 1884.49,
    "value_eth": 0.0,
    "value_pln": 0.0
  },
  "ETHPLN": 0.0,
  "ETHUSD": 0.0
}