{
  "WETH": 9.974e-05,
  "USDC": 0.25072939,
  "pool": {
    "krs_usdc": 1846.2052291758137,
    "usdc": 542.645834,
    "krs_weth": 723.331559331524,
    "weth": 0.08386083136208827,
    "value_usd": 1005.62,
    "value_eth": 0.402024,
    "value_pln": 3636.8
  },
  "ETHPLN": 9046.21,
  "ETHUSD": 2501.38
}