{
  "WETH": 0.0001039,
  "USDC": 0.25212177,
  "pool": {
    "krs_usdc": 1545.4698076744119,
    "usdc": 610.334067,
    "krs_weth": 1024.0669808329285,
    "weth": 0.05120164626401028,
    "value_usd": 1000.09,
    "value_eth": 0.383422,
    "value_pln": 3754.19
  },
  "ETHPLN": 9791.28,
  "ETHUSD": 2608.32
}