{
  "WETH": 0.00010402,
  "USDC": 0.25214454,
  "pool": {
    "krs_usdc": 1539.0636926313664,
    "usdc": 611.05748,
    "krs_weth": 1031.5143203393527,
    "weth": 0.0501479431449778,
    "value_usd": 999.23,
    "value_eth": 0.380077,
    "value_pln": 3739.19
  },
  "ETHPLN": 9837.97,
  "ETHUSD": 2629.02
}