{
  "WETH": 0.00010054,
  "USDC": 0.2509751,
  "pool": {
    "krs_usdc": 1790.2822508012234,
    "usdc": 553.940276,
    "krs_weth": 779.2545377061152,
    "weth": 0.0771658707434259,
    "value_usd": 1003.33,
    "value_eth": 0.398416,
    "value_pln": 3738.38
  },
  "ETHPLN": 9383.1,
  "ETHUSD": 2518.31
}