{
  "USDC": 0.25280437,
  "WETH": 7.9123631e-05,
  "WETH_viaUSDC": 7.7908215e-05,
  "diff_pct": 0.01548,
  "prefer": "viaUSDC",
  "pool": {
    "address_usdc": "0xca71156bFe3bBecb281B78BF8bd9C083D1db222b",
    "address_weth": "0x4F4F6a4f5A28420B57A49Fe5cc935b441BB52456",
    "krs_usdc": 1469.1267070428235,
    "usdc": 661.075792,
    "krs_weth": 3996.342671104248,
    "weth": 0.4667892987851637,
    "value_usd": 3557.45,
    "value_eth": 1.096322,
    "value_pln": 12957.32
  },
  "ETHPLN": 11818.9,
  "ETHUSD": 3244.9
}