{
  "USDC": 0.25120891,
  "WETH": 8.1099377e-05,
  "WETH_viaUSDC": 8.0577659e-05,
  "diff_pct": 0.006454,
  "prefer": "viaUSDC",
  "pool": {
    "address_usdc": "0xca71156bFe3bBecb281B78BF8bd9C083D1db222b",
    "address_weth": "0x4F4F6a4f5A28420B57A49Fe5cc935b441BB52456",
    "krs_usdc": 1789.651244298882,
    "usdc": 577.849444,
    "krs_weth": 3675.8181338481895,
    "weth": 0.4916792931134312,
    "value_usd": 3483.68,
    "value_eth": 1.117425,
    "value_pln": 12621.6
  },
  "ETHPLN": 11295.26,
  "ETHUSD": 3117.6
}