{
  "WETH": 0.00010778,
  "USDC": 0.25361412,
  "pool": {
    "krs_usdc": 1248.9860174853177,
    "usdc": 688.501249,
    "krs_weth": 1320.5507710220213,
    "weth": 0.02439608391981419,
    "value_usd": 1005.4,
    "value_eth": 0.366107,
    "value_pln": 3704.03
  },
  "ETHPLN": 10117.34,
  "ETHUSD": 2746.2
}