{
  "USDC": 0.25293481,
  "WETH": 7.6336163e-05,
  "WETH_viaUSDC": 7.6702464e-05,
  "diff_pct": 0.004787,
  "prefer": "viaUSDC",
  "pool": {
    "address_usdc": "0xca71156bFe3bBecb281B78BF8bd9C083D1db222b",
    "address_weth": "0x4F4F6a4f5A28420B57A49Fe5cc935b441BB52456",
    "krs_usdc": 1415.7424694494562,
    "usdc": 661.045529,
    "krs_weth": 271.9290910904086,
    "weth": 0.13835139957441817,
    "value_usd": 1544.15,
    "value_eth": 0.468262,
    "value_pln": 5681.94
  },
  "ETHPLN": 12134.1,
  "ETHUSD": 3297.61
}