{
  "USDC": 0.2499118,
  "WETH": 8.302791e-05,
  "WETH_viaUSDC": 8.2413591e-05,
  "diff_pct": 0.007426,
  "prefer": "viaUSDC",
  "pool": {
    "address_usdc": "0xca71156bFe3bBecb281B78BF8bd9C083D1db222b",
    "address_weth": "0x4F4F6a4f5A28420B57A49Fe5cc935b441BB52456",
    "krs_usdc": 2071.661282741399,
    "usdc": 514.797316,
    "krs_weth": 3393.8080954056722,
    "weth": 0.5173025482632687,
    "value_usd": 3449.36,
    "value_eth": 1.137497,
    "value_pln": 12361.27
  },
  "ETHPLN": 10867.08,
  "ETHUSD": 3032.41
}