{
  "USDC": 0.24051276,
  "WETH": 0.000102947687,
  "WETH_viaUSDC": 0.0001037977,
  "diff_pct": 0.008223,
  "prefer": "viaUSDC",
  "pool": {
    "address_usdc": "0xca71156bFe3bBecb281B78BF8bd9C083D1db222b",
    "address_weth": "0x4F4F6a4f5A28420B57A49Fe5cc935b441BB52456",
    "krs_usdc": 4097.184559430978,
    "usdc": 31.952789,
    "krs_weth": 1368.284818716093,
    "weth": 0.7092280654673704,
    "value_usd": 2989.84,
    "value_eth": 1.290321,
    "value_pln": 10866.1
  },
  "ETHPLN": 8421.24,
  "ETHUSD": 2317.13
}