{
  "WETH": 0.00010366,
  "USDC": 0.25205569,
  "pool": {
    "krs_usdc": 1561.335912512465,
    "usdc": 607.540912,
    "krs_weth": 1008.2008759948747,
    "weth": 0.053195198541534,
    "value_usd": 1001.19,
    "value_eth": 0.380371,
    "value_pln": 3751.74
  },
  "ETHPLN": 9863.38,
  "ETHUSD": 2632.14
}