{
  "USDC": 0.25313091,
  "WETH": 6.75315e-05,
  "WETH_viaUSDC": 6.7427316e-05,
  "diff_pct": 0.001544,
  "prefer": "viaUSDC",
  "pool": {
    "address_usdc": "0xca71156bFe3bBecb281B78BF8bd9C083D1db222b",
    "address_weth": "0x4F4F6a4f5A28420B57A49Fe5cc935b441BB52456",
    "krs_usdc": 1372.297806589168,
    "usdc": 670.167679,
    "krs_weth": 620.1337539506968,
    "weth": 0.11289325644890076,
    "value_usd": 1598.33,
    "value_eth": 0.425752,
    "value_pln": 5824.18
  },
  "ETHPLN": 13679.73,
  "ETHUSD": 3754.13
}