{
  "WETH": 0.00010143,
  "USDC": 0.25137197,
  "pool": {
    "krs_usdc": 1715.7053919578152,
    "usdc": 576.062412,
    "krs_weth": 853.8313965495225,
    "weth": 0.07114827974892332,
    "value_usd": 1007.43,
    "value_eth": 0.392671,
    "value_pln": 3640.12
  },
  "ETHPLN": 9270.16,
  "ETHUSD": 2565.58
}