{
  "USDC": 0.24711704,
  "WETH": 8.7505363e-05,
  "WETH_viaUSDC": 8.6945077e-05,
  "diff_pct": 0.006423,
  "prefer": "viaUSDC",
  "pool": {
    "address_usdc": "0xca71156bFe3bBecb281B78BF8bd9C083D1db222b",
    "address_weth": "0x4F4F6a4f5A28420B57A49Fe5cc935b441BB52456",
    "krs_usdc": 2636.4293605228586,
    "usdc": 365.812011,
    "krs_weth": 2829.040017624213,
    "weth": 0.5624917903477855,
    "value_usd": 3315.15,
    "value_eth": 1.166394,
    "value_pln": 12078.45
  },
  "ETHPLN": 10355.38,
  "ETHUSD": 2842.22
}