{
  "USDC": 0.25046416,
  "WETH": 6.2404567e-05,
  "WETH_viaUSDC": 6.278981e-05,
  "diff_pct": 0.006154,
  "prefer": "viaUSDC",
  "pool": {
    "address_usdc": "0xca71156bFe3bBecb281B78BF8bd9C083D1db222b",
    "address_weth": "0x4F4F6a4f5A28420B57A49Fe5cc935b441BB52456",
    "krs_usdc": 1908.8796493998982,
    "usdc": 531.019762,
    "krs_weth": 440.5591860364156,
    "weth": 0.05008009686550175,
    "value_usd": 1319.24,
    "value_eth": 0.330724,
    "value_pln": 4809.41
  },
  "ETHPLN": 14542.06,
  "ETHUSD": 3988.93
}