{
  "USDC": 0.25247112,
  "WETH": 7.9106388e-05,
  "WETH_viaUSDC": 7.982494e-05,
  "diff_pct": 0.009042,
  "prefer": "viaUSDC",
  "pool": {
    "address_usdc": "0xca71156bFe3bBecb281B78BF8bd9C083D1db222b",
    "address_weth": "0x4F4F6a4f5A28420B57A49Fe5cc935b441BB52456",
    "krs_usdc": 1511.9568610866615,
    "usdc": 637.761198,
    "krs_weth": 175.71469945320317,
    "weth": 0.14613698340268774,
    "value_usd": 1526.05,
    "value_eth": 0.482499,
    "value_pln": 5538.19
  },
  "ETHPLN": 11478.13,
  "ETHUSD": 3162.81
}