{
  "WETH": 9.998e-05,
  "USDC": 0.25076135,
  "pool": {
    "krs_usdc": 1833.8518356727434,
    "usdc": 542.848327,
    "krs_weth": 735.6849528345954,
    "weth": 0.08144704452081379,
    "value_usd": 1002.78,
    "value_eth": 0.402394,
    "value_pln": 3718.02
  },
  "ETHPLN": 9239.75,
  "ETHUSD": 2492.04
}