{
  "USDC": 0.24038198,
  "WETH": 0.000103293405,
  "WETH_viaUSDC": 0.000103198348,
  "diff_pct": 0.000921,
  "prefer": "viaUSDC",
  "pool": {
    "address_usdc": "0xca71156bFe3bBecb281B78BF8bd9C083D1db222b",
    "address_weth": "0x4F4F6a4f5A28420B57A49Fe5cc935b441BB52456",
    "krs_usdc": 4126.39263301448,
    "usdc": 25.212398,
    "krs_weth": 1339.0767451325912,
    "weth": 0.7123510883866901,
    "value_usd": 2998.31,
    "value_eth": 1.287202,
    "value_pln": 10877.53
  },
  "ETHPLN": 8450.52,
  "ETHUSD": 2329.32
}