{
  "USDC": 0.2408834,
  "WETH": 0.000101997545,
  "WETH_viaUSDC": 0.000101970725,
  "diff_pct": 0.000263,
  "prefer": "viaUSDC",
  "pool": {
    "address_usdc": "0xca71156bFe3bBecb281B78BF8bd9C083D1db222b",
    "address_weth": "0x4F4F6a4f5A28420B57A49Fe5cc935b441BB52456",
    "krs_usdc": 4015.3608162911087,
    "usdc": 51.242022,
    "krs_weth": 1450.108561855963,
    "weth": 0.7006854709633521,
    "value_usd": 3023.0,
    "value_eth": 1.279695,
    "value_pln": 10862.96
  },
  "ETHPLN": 8488.71,
  "ETHUSD": 2362.28
}