{
  "USDC": 0.25143587,
  "WETH": 5.5355972e-05,
  "WETH_viaUSDC": 5.5570113e-05,
  "diff_pct": 0.003861,
  "prefer": "viaUSDC",
  "pool": {
    "address_usdc": "0xca71156bFe3bBecb281B78BF8bd9C083D1db222b",
    "address_weth": "0x4F4F6a4f5A28420B57A49Fe5cc935b441BB52456",
    "krs_usdc": 1708.8481661187432,
    "usdc": 580.918792,
    "krs_weth": 440.59066931757064,
    "weth": 0.026693509122586268,
    "value_usd": 1242.14,
    "value_eth": 0.274528,
    "value_pln": 4484.85
  },
  "ETHPLN": 16336.61,
  "ETHUSD": 4524.66
}