{
  "USDC": 0.24731338,
  "WETH": 8.7049244e-05,
  "WETH_viaUSDC": 8.7487884e-05,
  "diff_pct": 0.005026,
  "prefer": "viaUSDC",
  "pool": {
    "address_usdc": "0xca71156bFe3bBecb281B78BF8bd9C083D1db222b",
    "address_weth": "0x4F4F6a4f5A28420B57A49Fe5cc935b441BB52456",
    "krs_usdc": 2590.579736719415,
    "usdc": 374.846926,
    "krs_weth": 2874.8896414276564,
    "weth": 0.5576936603602127,
    "value_usd": 3303.04,
    "value_eth": 1.168459,
    "value_pln": 12121.54
  },
  "ETHPLN": 10373.95,
  "ETHUSD": 2826.83
}