{
  "USDC": 0.25059584,
  "WETH": 8.1675493e-05,
  "WETH_viaUSDC": 8.1420708e-05,
  "diff_pct": 0.003124,
  "prefer": "viaUSDC",
  "pool": {
    "address_usdc": "0xca71156bFe3bBecb281B78BF8bd9C083D1db222b",
    "address_weth": "0x4F4F6a4f5A28420B57A49Fe5cc935b441BB52456",
    "krs_usdc": 1897.4734846605218,
    "usdc": 541.782549,
    "krs_weth": 3567.899418144887,
    "weth": 0.4974657131401281,
    "value_usd": 3442.48,
    "value_eth": 1.11849,
    "value_pln": 12512.79
  },
  "ETHPLN": 11187.22,
  "ETHUSD": 3077.79
}