{
  "USDC": 0.25244908,
  "WETH": 7.9269195e-05,
  "WETH_viaUSDC": 7.9593999e-05,
  "diff_pct": 0.004089,
  "prefer": "viaUSDC",
  "pool": {
    "address_usdc": "0xca71156bFe3bBecb281B78BF8bd9C083D1db222b",
    "address_weth": "0x4F4F6a4f5A28420B57A49Fe5cc935b441BB52456",
    "krs_usdc": 1517.0046497158667,
    "usdc": 636.772349,
    "krs_weth": 3948.368253089542,
    "weth": 0.46662654298489664,
    "value_usd": 3496.5,
    "value_eth": 1.102404,
    "value_pln": 12715.87
  },
  "ETHPLN": 11534.68,
  "ETHUSD": 3171.71
}