{
  "WETH": 0.00010433,
  "USDC": 0.25236915,
  "pool": {
    "krs_usdc": 1504.2119957658028,
    "usdc": 625.340987,
    "krs_weth": 1065.324792741536,
    "weth": 0.04900186634288978,
    "value_usd": 1005.07,
    "value_eth": 0.380988,
    "value_pln": 3709.17
  },
  "ETHPLN": 9735.67,
  "ETHUSD": 2638.06
}