{
  "USDC": 0.2539079,
  "WETH": 6.4014732e-05,
  "WETH_viaUSDC": 6.361231e-05,
  "diff_pct": 0.006306,
  "prefer": "viaUSDC",
  "pool": {
    "address_usdc": "0xca71156bFe3bBecb281B78BF8bd9C083D1db222b",
    "address_weth": "0x4F4F6a4f5A28420B57A49Fe5cc935b441BB52456",
    "krs_usdc": 1213.6466374708384,
    "usdc": 709.577567,
    "krs_weth": 778.7849230690264,
    "weth": 0.10225333856851376,
    "value_usd": 1623.61,
    "value_eth": 0.406769,
    "value_pln": 5929.38
  },
  "ETHPLN": 14576.76,
  "ETHUSD": 3991.49
}