{
  "USDC": 0.25139917,
  "WETH": 5.5719267e-05,
  "WETH_viaUSDC": 5.5003296e-05,
  "diff_pct": 0.012933,
  "prefer": "viaUSDC",
  "pool": {
    "address_usdc": "0xca71156bFe3bBecb281B78BF8bd9C083D1db222b",
    "address_weth": "0x4F4F6a4f5A28420B57A49Fe5cc935b441BB52456",
    "krs_usdc": 1716.407432572677,
    "usdc": 579.041893,
    "krs_weth": 433.03140286363674,
    "weth": 0.027118571601935662,
    "value_usd": 1243.36,
    "value_eth": 0.272033,
    "value_pln": 4474.54
  },
  "ETHPLN": 16448.55,
  "ETHUSD": 4570.62
}