{
  "WETH": 9.663e-05,
  "USDC": 0.24952271,
  "pool": {
    "krs_usdc": 2091.12827078332,
    "usdc": 479.405724,
    "krs_weth": 478.4085177240178,
    "weth": 0.10799042687910697,
    "value_usd": 1001.24,
    "value_eth": 0.413053,
    "value_pln": 3708.52
  },
  "ETHPLN": 8978.31,
  "ETHUSD": 2423.99
}