{
  "USDC": 0.2403821,
  "WETH": 6.0295435e-05,
  "WETH_viaUSDC": 0.000141117342,
  "diff_pct": 0.80255,
  "prefer": "viaUSDC",
  "pool": {
    "address_usdc": "0xca71156bFe3bBecb281B78BF8bd9C083D1db222b",
    "address_weth": "0x4F4F6a4f5A28420B57A49Fe5cc935b441BB52456",
    "krs_usdc": 4020.4539662832367,
    "usdc": 0.226178,
    "krs_weth": 7724.574909092108,
    "weth": 0.20531580877651007,
    "value_usd": 3173.26,
    "value_eth": 1.862876,
    "value_pln": 11781.01
  },
  "ETHPLN": 6324.1,
  "ETHUSD": 1703.42
}