{
  "USDC": 0.24077872,
  "WETH": 0.000102189718,
  "WETH_viaUSDC": 0.000103038678,
  "diff_pct": 0.008273,
  "prefer": "viaUSDC",
  "pool": {
    "address_usdc": "0xca71156bFe3bBecb281B78BF8bd9C083D1db222b",
    "address_weth": "0x4F4F6a4f5A28420B57A49Fe5cc935b441BB52456",
    "krs_usdc": 4035.193587329411,
    "usdc": 45.026475,
    "krs_weth": 1430.2757908176604,
    "weth": 0.702133384112982,
    "value_usd": 3001.73,
    "value_eth": 1.284557,
    "value_pln": 10671.89
  },
  "ETHPLN": 8307.84,
  "ETHUSD": 2336.78
}