{
  "USDC": 0.25489944,
  "WETH": 7.6809471e-05,
  "WETH_viaUSDC": 7.6875118e-05,
  "diff_pct": 0.000854,
  "prefer": "viaUSDC",
  "pool": {
    "address_usdc": "0xca71156bFe3bBecb281B78BF8bd9C083D1db222b",
    "address_weth": "0x4F4F6a4f5A28420B57A49Fe5cc935b441BB52456",
    "krs_usdc": 1065.2558176544314,
    "usdc": 773.079803,
    "krs_weth": 4400.21356049264,
    "weth": 0.4382993801585836,
    "value_usd": 3619.52,
    "value_eth": 1.091611,
    "value_pln": 13095.1
  },
  "ETHPLN": 11996.12,
  "ETHUSD": 3315.76
}