{
  "WETH": 0.00010144,
  "USDC": 0.25131703,
  "pool": {
    "krs_usdc": 1721.0560021879676,
    "usdc": 571.76294,
    "krs_weth": 848.4807863193707,
    "weth": 0.07048384710309531,
    "value_usd": 1004.38,
    "value_eth": 0.393851,
    "value_pln": 3714.53
  },
  "ETHPLN": 9431.3,
  "ETHUSD": 2550.15
}