{
  "USDC": 0.25478586,
  "WETH": 5.4030816e-05,
  "WETH_viaUSDC": 5.4520874e-05,
  "diff_pct": 0.009029,
  "prefer": "viaUSDC",
  "pool": {
    "address_usdc": "0xca71156bFe3bBecb281B78BF8bd9C083D1db222b",
    "address_weth": "0x4F4F6a4f5A28420B57A49Fe5cc935b441BB52456",
    "krs_usdc": 1033.663142156499,
    "usdc": 753.635672,
    "krs_weth": 1313.275693279815,
    "weth": 0.07047464228252404,
    "value_usd": 1680.94,
    "value_eth": 0.3597,
    "value_pln": 6126.56
  },
  "ETHPLN": 17032.41,
  "ETHUSD": 4673.18
}