{
  "WETH": 0.00010967,
  "USDC": 0.25430136,
  "pool": {
    "krs_usdc": 1110.2265222227486,
    "usdc": 723.634546,
    "krs_weth": 1459.3102662845904,
    "weth": 0.011594911006025598,
    "value_usd": 1006.13,
    "value_eth": 0.362983,
    "value_pln": 3722.47
  },
  "ETHPLN": 10255.23,
  "ETHUSD": 2771.83
}