{
  "WETH": 0.00010849,
  "USDC": 0.25380241,
  "pool": {
    "krs_usdc": 1203.9308483403815,
    "usdc": 696.372537,
    "krs_weth": 1365.6059401669593,
    "weth": 0.018898311548642854,
    "value_usd": 1002.08,
    "value_eth": 0.365492,
    "value_pln": 3771.44
  },
  "ETHPLN": 10318.8,
  "ETHUSD": 2741.73
}