{
  "USDC": 0.24895303,
  "WETH": 8.46984e-05,
  "WETH_viaUSDC": 8.4873051e-05,
  "diff_pct": 0.00206,
  "prefer": "viaUSDC",
  "pool": {
    "address_usdc": "0xca71156bFe3bBecb281B78BF8bd9C083D1db222b",
    "address_weth": "0x4F4F6a4f5A28420B57A49Fe5cc935b441BB52456",
    "krs_usdc": 2286.1228291747616,
    "usdc": 469.259531,
    "krs_weth": 3179.34654897231,
    "weth": 0.5378991570921228,
    "value_usd": 3407.69,
    "value_eth": 1.16175,
    "value_pln": 12116.0
  },
  "ETHPLN": 10429.09,
  "ETHUSD": 2933.24
}