{
  "WETH": 0.00010165,
  "USDC": 0.25136648,
  "pool": {
    "krs_usdc": 1707.9741931035544,
    "usdc": 573.565021,
    "krs_weth": 861.5625954037846,
    "weth": 0.06861234252325676,
    "value_usd": 1002.98,
    "value_eth": 0.395483,
    "value_pln": 3708.06
  },
  "ETHPLN": 9376.03,
  "ETHUSD": 2536.09
}