{
  "WETH": 0.00010142,
  "USDC": 0.25138778,
  "pool": {
    "krs_usdc": 1713.757979382237,
    "usdc": 577.20001,
    "krs_weth": 854.7835020753424,
    "weth": 0.07130849203612807,
    "value_usd": 1008.1,
    "value_eth": 0.397717,
    "value_pln": 3651.23
  },
  "ETHPLN": 9180.47,
  "ETHUSD": 2534.73
}