{
  "USDC": 0.25404083,
  "WETH": 7.7799014e-05,
  "WETH_viaUSDC": 7.8199613e-05,
  "diff_pct": 0.005136,
  "prefer": "viaUSDC",
  "pool": {
    "address_usdc": "0xca71156bFe3bBecb281B78BF8bd9C083D1db222b",
    "address_weth": "0x4F4F6a4f5A28420B57A49Fe5cc935b441BB52456",
    "krs_usdc": 1234.930353771572,
    "usdc": 728.430339,
    "krs_weth": 4230.539024375499,
    "weth": 0.4509595029168459,
    "value_usd": 3581.88,
    "value_eth": 1.102585,
    "value_pln": 12897.9
  },
  "ETHPLN": 11697.88,
  "ETHUSD": 3248.62
}