{
  "WETH": 0.00010407,
  "USDC": 0.25221047,
  "pool": {
    "krs_usdc": 1529.8392028065766,
    "usdc": 615.50617,
    "krs_weth": 1039.697585700763,
    "weth": 0.05017182228108909,
    "value_usd": 1001.46,
    "value_eth": 0.380957,
    "value_pln": 3729.3
  },
  "ETHPLN": 9789.29,
  "ETHUSD": 2628.79
}