{
  "USDC": 0.24062693,
  "WETH": 0.000102715988,
  "WETH_viaUSDC": 0.000102933195,
  "diff_pct": 0.002112,
  "prefer": "viaUSDC",
  "pool": {
    "address_usdc": "0xca71156bFe3bBecb281B78BF8bd9C083D1db222b",
    "address_weth": "0x4F4F6a4f5A28420B57A49Fe5cc935b441BB52456",
    "krs_usdc": 4074.675982748063,
    "usdc": 38.549772,
    "krs_weth": 1390.793395399009,
    "weth": 0.7073805355325126,
    "value_usd": 3007.33,
    "value_eth": 1.286449,
    "value_pln": 10850.61
  },
  "ETHPLN": 8434.54,
  "ETHUSD": 2337.7
}