{
  "WETH": 9.991e-05,
  "USDC": 0.25067581,
  "pool": {
    "krs_usdc": 1845.2483044092642,
    "usdc": 536.881116,
    "krs_weth": 724.288484098075,
    "weth": 0.08137288367902541,
    "value_usd": 999.51,
    "value_eth": 0.397422,
    "value_pln": 3759.76
  },
  "ETHPLN": 9460.38,
  "ETHUSD": 2514.99
}