{
  "USDC": 0.25471419,
  "WETH": 6.0821605e-05,
  "WETH_viaUSDC": 6.0404473e-05,
  "diff_pct": 0.006882,
  "prefer": "viaUSDC",
  "pool": {
    "address_usdc": "0xca71156bFe3bBecb281B78BF8bd9C083D1db222b",
    "address_weth": "0x4F4F6a4f5A28420B57A49Fe5cc935b441BB52456",
    "krs_usdc": 1053.847998384852,
    "usdc": 751.442993,
    "krs_weth": 938.5835621550127,
    "weth": 0.0925884986475637,
    "value_usd": 1649.37,
    "value_eth": 0.391142,
    "value_pln": 6000.84
  },
  "ETHPLN": 15341.85,
  "ETHUSD": 4216.81
}