{
  "USDC": 0.24867164,
  "WETH": 8.4848896e-05,
  "WETH_viaUSDC": 8.4808347e-05,
  "diff_pct": 0.000478,
  "prefer": "viaUSDC",
  "pool": {
    "address_usdc": "0xca71156bFe3bBecb281B78BF8bd9C083D1db222b",
    "address_weth": "0x4F4F6a4f5A28420B57A49Fe5cc935b441BB52456",
    "krs_usdc": 2324.072216615654,
    "usdc": 449.551014,
    "krs_weth": 3141.3971615314176,
    "weth": 0.5376876070409958,
    "value_usd": 3385.24,
    "value_eth": 1.154522,
    "value_pln": 12148.28
  },
  "ETHPLN": 10522.34,
  "ETHUSD": 2932.16
}