{
  "USDC": 0.25237692,
  "WETH": 7.9693528e-05,
  "WETH_viaUSDC": 7.9454259e-05,
  "diff_pct": 0.003007,
  "prefer": "viaUSDC",
  "pool": {
    "address_usdc": "0xca71156bFe3bBecb281B78BF8bd9C083D1db222b",
    "address_weth": "0x4F4F6a4f5A28420B57A49Fe5cc935b441BB52456",
    "krs_usdc": 1531.620373209404,
    "usdc": 633.049658,
    "krs_weth": 156.05118733046064,
    "weth": 0.14777770072806715,
    "value_usd": 1528.38,
    "value_eth": 0.481169,
    "value_pln": 5562.05
  },
  "ETHPLN": 11559.44,
  "ETHUSD": 3176.38
}