{
  "WETH": 0.00010313,
  "USDC": 0.25193004,
  "pool": {
    "krs_usdc": 1594.193142833667,
    "usdc": 602.904631,
    "krs_weth": 975.3436456736716,
    "weth": 0.057773586446736795,
    "value_usd": 1004.63,
    "value_eth": 0.384417,
    "value_pln": 3715.39
  },
  "ETHPLN": 9665.0,
  "ETHUSD": 2613.39
}