{
  "USDC": 0.2479619,
  "WETH": 8.5858595e-05,
  "WETH_viaUSDC": 8.588109e-05,
  "diff_pct": 0.000262,
  "prefer": "viaUSDC",
  "pool": {
    "address_usdc": "0xca71156bFe3bBecb281B78BF8bd9C083D1db222b",
    "address_weth": "0x4F4F6a4f5A28420B57A49Fe5cc935b441BB52456",
    "krs_usdc": 2455.848924821889,
    "usdc": 408.732538,
    "krs_weth": 3009.6204533251826,
    "weth": 0.5462270901829913,
    "value_usd": 3341.07,
    "value_eth": 1.157171,
    "value_pln": 12251.68
  },
  "ETHPLN": 10587.61,
  "ETHUSD": 2887.27
}