{
  "USDC": 0.2539079,
  "WETH": 6.4014732e-05,
  "WETH_viaUSDC": 6.3921067e-05,
  "diff_pct": 0.001464,
  "prefer": "viaUSDC",
  "pool": {
    "address_usdc": "0xca71156bFe3bBecb281B78BF8bd9C083D1db222b",
    "address_weth": "0x4F4F6a4f5A28420B57A49Fe5cc935b441BB52456",
    "krs_usdc": 1213.6466374708384,
    "usdc": 709.577567,
    "krs_weth": 778.7849230690264,
    "weth": 0.10225333856851376,
    "value_usd": 1621.64,
    "value_eth": 0.408247,
    "value_pln": 5924.07
  },
  "ETHPLN": 14510.98,
  "ETHUSD": 3972.21
}