{
  "WETH": 0.00010011,
  "USDC": 0.25074344,
  "pool": {
    "krs_usdc": 1830.440693405855,
    "usdc": 540.138929,
    "krs_weth": 739.0960951014844,
    "weth": 0.07970952078163752,
    "value_usd": 999.18,
    "value_eth": 0.404984,
    "value_pln": 3737.32
  },
  "ETHPLN": 9228.33,
  "ETHUSD": 2467.22
}