{
  "USDC": 0.25362691,
  "WETH": 7.2690696e-05,
  "WETH_viaUSDC": 7.3415458e-05,
  "diff_pct": 0.009921,
  "prefer": "viaUSDC",
  "pool": {
    "address_usdc": "0xca71156bFe3bBecb281B78BF8bd9C083D1db222b",
    "address_weth": "0x4F4F6a4f5A28420B57A49Fe5cc935b441BB52456",
    "krs_usdc": 1276.8207494057463,
    "usdc": 696.824632,
    "krs_weth": 410.8508111341185,
    "weth": 0.1281757402129856,
    "value_usd": 1567.67,
    "value_eth": 0.453781,
    "value_pln": 5734.97
  },
  "ETHPLN": 12638.17,
  "ETHUSD": 3454.68
}