{
  "USDC": 0.25493936,
  "WETH": 7.6779914e-05,
  "WETH_viaUSDC": 7.6782025e-05,
  "diff_pct": 2.8e-05,
  "prefer": "viaUSDC",
  "pool": {
    "address_usdc": "0xca71156bFe3bBecb281B78BF8bd9C083D1db222b",
    "address_weth": "0x4F4F6a4f5A28420B57A49Fe5cc935b441BB52456",
    "krs_usdc": 1058.7392748814868,
    "usdc": 775.498953,
    "krs_weth": 4406.730103265585,
    "weth": 0.4380264909623138,
    "value_usd": 3623.24,
    "value_eth": 1.091239,
    "value_pln": 13154.82
  },
  "ETHPLN": 12054.94,
  "ETHUSD": 3320.3
}