{
  "USDC": 0.25256288,
  "WETH": 7.9649679e-05,
  "WETH_viaUSDC": 7.9437527e-05,
  "diff_pct": 0.002667,
  "prefer": "viaUSDC",
  "pool": {
    "address_usdc": "0xca71156bFe3bBecb281B78BF8bd9C083D1db222b",
    "address_weth": "0x4F4F6a4f5A28420B57A49Fe5cc935b441BB52456",
    "krs_usdc": 1536.2483864442443,
    "usdc": 653.215984,
    "krs_weth": 3929.220991702827,
    "weth": 0.47502833888371326,
    "value_usd": 3543.89,
    "value_eth": 1.114645,
    "value_pln": 12820.07
  },
  "ETHPLN": 11501.48,
  "ETHUSD": 3179.39
}