{
  "WETH": 0.00010219,
  "USDC": 0.25158446,
  "pool": {
    "krs_usdc": 1664.8874850218258,
    "usdc": 585.160217,
    "krs_weth": 904.6493034855129,
    "weth": 0.06468069958382741,
    "value_usd": 1004.11,
    "value_eth": 0.393282,
    "value_pln": 3712.88
  },
  "ETHPLN": 9440.74,
  "ETHUSD": 2553.16
}