{
  "USDC": 0.24945171,
  "WETH": 8.3828822e-05,
  "WETH_viaUSDC": 8.33456e-05,
  "diff_pct": 0.005781,
  "prefer": "viaUSDC",
  "pool": {
    "address_usdc": "0xca71156bFe3bBecb281B78BF8bd9C083D1db222b",
    "address_weth": "0x4F4F6a4f5A28420B57A49Fe5cc935b441BB52456",
    "krs_usdc": 2179.4314231841204,
    "usdc": 494.221258,
    "krs_weth": 3286.037954962951,
    "weth": 0.5283619964909323,
    "value_usd": 3438.97,
    "value_eth": 1.149012,
    "value_pln": 12394.86
  },
  "ETHPLN": 10787.41,
  "ETHUSD": 2992.98
}