{
  "WETH": 9.703e-05,
  "USDC": 0.2496972,
  "pool": {
    "krs_usdc": 2057.561172531759,
    "usdc": 489.04748,
    "krs_weth": 511.97561597557905,
    "weth": 0.10505391144062998,
    "value_usd": 1002.86,
    "value_eth": 0.416496,
    "value_pln": 3664.94
  },
  "ETHPLN": 8799.45,
  "ETHUSD": 2407.86
}