{
  "USDC": 0.2532666,
  "WETH": 6.691003e-05,
  "WETH_viaUSDC": 6.6227862e-05,
  "diff_pct": 0.010248,
  "prefer": "viaUSDC",
  "pool": {
    "address_usdc": "0xca71156bFe3bBecb281B78BF8bd9C083D1db222b",
    "address_weth": "0x4F4F6a4f5A28420B57A49Fe5cc935b441BB52456",
    "krs_usdc": 1344.8594640374936,
    "usdc": 677.135938,
    "krs_weth": 647.5720965023712,
    "weth": 0.11105438299517473,
    "value_usd": 1606.44,
    "value_eth": 0.420076,
    "value_pln": 5861.17
  },
  "ETHPLN": 13952.64,
  "ETHUSD": 3824.17
}