{
  "USDC": 0.25075279,
  "WETH": 6.0143712e-05,
  "WETH_viaUSDC": 6.0607247e-05,
  "diff_pct": 0.007678,
  "prefer": "viaUSDC",
  "pool": {
    "address_usdc": "0xca71156bFe3bBecb281B78BF8bd9C083D1db222b",
    "address_weth": "0x4F4F6a4f5A28420B57A49Fe5cc935b441BB52456",
    "krs_usdc": 1849.6905821680211,
    "usdc": 545.93892,
    "krs_weth": 499.7482532682926,
    "weth": 0.0464748182507611,
    "value_usd": 1327.35,
    "value_eth": 0.320822,
    "value_pln": 4821.02
  },
  "ETHPLN": 15027.08,
  "ETHUSD": 4137.34
}