{
  "USDC": 0.25560448,
  "WETH": 7.5785358e-05,
  "WETH_viaUSDC": 7.5428478e-05,
  "diff_pct": 0.00472,
  "prefer": "viaUSDC",
  "pool": {
    "address_usdc": "0xca71156bFe3bBecb281B78BF8bd9C083D1db222b",
    "address_weth": "0x4F4F6a4f5A28420B57A49Fe5cc935b441BB52456",
    "krs_usdc": 906.7130452598233,
    "usdc": 804.700243,
    "krs_weth": 4558.756332887248,
    "weth": 0.42343762103646065,
    "value_usd": 3636.6,
    "value_eth": 1.073155,
    "value_pln": 13189.22
  },
  "ETHPLN": 12290.13,
  "ETHUSD": 3388.7
}