{
  "USDC": 0.25311492,
  "WETH": 6.76738e-05,
  "WETH_viaUSDC": 6.7015338e-05,
  "diff_pct": 0.009778,
  "prefer": "viaUSDC",
  "pool": {
    "address_usdc": "0xca71156bFe3bBecb281B78BF8bd9C083D1db222b",
    "address_weth": "0x4F4F6a4f5A28420B57A49Fe5cc935b441BB52456",
    "krs_usdc": 1377.0275326681428,
    "usdc": 669.726194,
    "krs_weth": 615.4040278717218,
    "weth": 0.1134091789496133,
    "value_usd": 1602.38,
    "value_eth": 0.424251,
    "value_pln": 5880.11
  },
  "ETHPLN": 13859.97,
  "ETHUSD": 3776.97
}