{
  "WETH": 0.00010142,
  "USDC": 0.25137556,
  "pool": {
    "krs_usdc": 1715.5521813487678,
    "usdc": 576.39425,
    "krs_weth": 853.9846071585698,
    "weth": 0.07124748981256901,
    "value_usd": 1007.73,
    "value_eth": 0.396686,
    "value_pln": 3637.8
  },
  "ETHPLN": 9170.49,
  "ETHUSD": 2540.37
}