{
  "WETH": 0.00010501,
  "USDC": 0.25262253,
  "pool": {
    "krs_usdc": 1452.7638782078145,
    "usdc": 638.37051,
    "krs_weth": 1116.772910299524,
    "weth": 0.04410118606550792,
    "value_usd": 1005.49,
    "value_eth": 0.378338,
    "value_pln": 3711.48
  },
  "ETHPLN": 9809.97,
  "ETHUSD": 2657.65
}