{
  "USDC": 0.24088978,
  "WETH": 0.000102005663,
  "WETH_viaUSDC": 0.000101792444,
  "diff_pct": 0.002092,
  "prefer": "viaUSDC",
  "pool": {
    "address_usdc": "0xca71156bFe3bBecb281B78BF8bd9C083D1db222b",
    "address_weth": "0x4F4F6a4f5A28420B57A49Fe5cc935b441BB52456",
    "krs_usdc": 4015.0203687797184,
    "usdc": 51.830633,
    "krs_weth": 1450.449009367353,
    "weth": 0.7008511535129395,
    "value_usd": 3026.96,
    "value_eth": 1.279097,
    "value_pln": 10986.79
  },
  "ETHPLN": 8589.49,
  "ETHUSD": 2366.48
}