{
  "WETH": 0.0001023,
  "USDC": 0.25169719,
  "pool": {
    "krs_usdc": 1649.347255763411,
    "usdc": 592.833285,
    "krs_weth": 920.1895327439265,
    "weth": 0.06466472585557904,
    "value_usd": 1008.06,
    "value_eth": 0.391884,
    "value_pln": 3647.91
  },
  "ETHPLN": 9308.64,
  "ETHUSD": 2572.35
}