{
  "WETH": 0.0001078,
  "USDC": 0.25355098,
  "pool": {
    "krs_usdc": 1254.7821013060332,
    "usdc": 683.511461,
    "krs_weth": 1314.7546872013077,
    "weth": 0.02361468002656164,
    "value_usd": 1001.8,
    "value_eth": 0.367963,
    "value_pln": 3765.62
  },
  "ETHPLN": 10233.69,
  "ETHUSD": 2722.57
}