{
  "USDC": 0.25413245,
  "WETH": 6.3053282e-05,
  "WETH_viaUSDC": 6.1274681e-05,
  "diff_pct": 0.028611,
  "prefer": "viaUSDC",
  "pool": {
    "address_usdc": "0xca71156bFe3bBecb281B78BF8bd9C083D1db222b",
    "address_weth": "0x4F4F6a4f5A28420B57A49Fe5cc935b441BB52456",
    "krs_usdc": 1167.9558337793185,
    "usdc": 720.961584,
    "krs_weth": 824.4757267605463,
    "weth": 0.09929547786075216,
    "value_usd": 1639.12,
    "value_eth": 0.395214,
    "value_pln": 6007.12
  },
  "ETHPLN": 15199.64,
  "ETHUSD": 4147.43
}