{
  "USDC": 0.24593626,
  "WETH": 8.9662985e-05,
  "WETH_viaUSDC": 8.9440474e-05,
  "diff_pct": 0.002485,
  "prefer": "viaUSDC",
  "pool": {
    "address_usdc": "0xca71156bFe3bBecb281B78BF8bd9C083D1db222b",
    "address_weth": "0x4F4F6a4f5A28420B57A49Fe5cc935b441BB52456",
    "krs_usdc": 2877.664678522564,
    "usdc": 302.55349,
    "krs_weth": 2587.8046996245075,
    "weth": 0.5825216077982351,
    "value_usd": 3248.48,
    "value_eth": 1.181386,
    "value_pln": 11975.94
  },
  "ETHPLN": 10137.19,
  "ETHUSD": 2749.72
}