{
  "USDC": 0.25317789,
  "WETH": 6.7262447e-05,
  "WETH_viaUSDC": 6.6652947e-05,
  "diff_pct": 0.009103,
  "prefer": "viaUSDC",
  "pool": {
    "address_usdc": "0xca71156bFe3bBecb281B78BF8bd9C083D1db222b",
    "address_weth": "0x4F4F6a4f5A28420B57A49Fe5cc935b441BB52456",
    "krs_usdc": 1361.6326612317607,
    "usdc": 672.284987,
    "krs_weth": 630.798899308104,
    "weth": 0.11202275342330988,
    "value_usd": 1602.24,
    "value_eth": 0.421813,
    "value_pln": 5829.99
  },
  "ETHPLN": 13821.26,
  "ETHUSD": 3798.45
}