{
  "USDC": 0.2506887,
  "WETH": 6.0636024e-05,
  "WETH_viaUSDC": 5.9855952e-05,
  "diff_pct": 0.012948,
  "prefer": "viaUSDC",
  "pool": {
    "address_usdc": "0xca71156bFe3bBecb281B78BF8bd9C083D1db222b",
    "address_weth": "0x4F4F6a4f5A28420B57A49Fe5cc935b441BB52456",
    "krs_usdc": 1862.8424218625626,
    "usdc": 542.631558,
    "krs_weth": 486.59641357375114,
    "weth": 0.047266666823263664,
    "value_usd": 1329.57,
    "value_eth": 0.317457,
    "value_pln": 4839.92
  },
  "ETHPLN": 15245.93,
  "ETHUSD": 4188.2
}