{
  "WETH": 0.00010861,
  "USDC": 0.25390397,
  "pool": {
    "krs_usdc": 1189.3012585779306,
    "usdc": 703.047174,
    "krs_weth": 1380.2355299294086,
    "weth": 0.01866241459062548,
    "value_usd": 1005.17,
    "value_eth": 0.362346,
    "value_pln": 3736.05
  },
  "ETHPLN": 10310.73,
  "ETHUSD": 2774.05
}