{
  "WETH": 0.00010163,
  "USDC": 0.25125283,
  "pool": {
    "krs_usdc": 1720.8768970831961,
    "usdc": 565.100972,
    "krs_weth": 849.7011158875231,
    "weth": 0.06775603148362028,
    "value_usd": 997.56,
    "value_eth": 0.391163,
    "value_pln": 3719.22
  },
  "ETHPLN": 9508.11,
  "ETHUSD": 2550.25
}