{
  "USDC": 0.25344463,
  "WETH": 7.3595064e-05,
  "WETH_viaUSDC": 7.3480102e-05,
  "diff_pct": 0.001563,
  "prefer": "viaUSDC",
  "pool": {
    "address_usdc": "0xca71156bFe3bBecb281B78BF8bd9C083D1db222b",
    "address_weth": "0x4F4F6a4f5A28420B57A49Fe5cc935b441BB52456",
    "krs_usdc": 1312.8046576976917,
    "usdc": 687.266326,
    "krs_weth": 374.866902842173,
    "weth": 0.13068295039110286,
    "value_usd": 1565.74,
    "value_eth": 0.453949,
    "value_pln": 5739.7
  },
  "ETHPLN": 12643.93,
  "ETHUSD": 3449.16
}