{
  "WETH": 9.296e-05,
  "USDC": 0.2481318,
  "pool": {
    "krs_usdc": 2380.86348731175,
    "usdc": 407.611563,
    "krs_weth": 188.67330119558846,
    "weth": 0.13868727961605565,
    "value_usd": 998.4,
    "value_eth": 0.434006,
    "value_pln": 3698.1
  },
  "ETHPLN": 8520.85,
  "ETHUSD": 2300.42
}