{
  "USDC": 0.25571048,
  "WETH": 7.5874225e-05,
  "WETH_viaUSDC": 7.5766741e-05,
  "diff_pct": 0.001418,
  "prefer": "viaUSDC",
  "pool": {
    "address_usdc": "0xca71156bFe3bBecb281B78BF8bd9C083D1db222b",
    "address_weth": "0x4F4F6a4f5A28420B57A49Fe5cc935b441BB52456",
    "krs_usdc": 903.8425742109977,
    "usdc": 814.700116,
    "krs_weth": 4561.626803936074,
    "weth": 0.42609972470764795,
    "value_usd": 3650.35,
    "value_eth": 1.081595,
    "value_pln": 13208.44
  },
  "ETHPLN": 12212.0,
  "ETHUSD": 3374.97
}