{
  "USDC": 0.25331468,
  "WETH": 6.6639874e-05,
  "WETH_viaUSDC": 6.6703712e-05,
  "diff_pct": 0.000957,
  "prefer": "viaUSDC",
  "pool": {
    "address_usdc": "0xca71156bFe3bBecb281B78BF8bd9C083D1db222b",
    "address_weth": "0x4F4F6a4f5A28420B57A49Fe5cc935b441BB52456",
    "krs_usdc": 1333.9794056209842,
    "usdc": 679.309144,
    "krs_weth": 658.4521549188806,
    "weth": 0.11017691007071821,
    "value_usd": 1602.43,
    "value_eth": 0.421958,
    "value_pln": 5820.62
  },
  "ETHPLN": 13794.32,
  "ETHUSD": 3797.61
}