{
  "USDC": 0.24038244,
  "WETH": 0.00010332444,
  "WETH_viaUSDC": 0.000103142754,
  "diff_pct": 0.00176,
  "prefer": "viaUSDC",
  "pool": {
    "address_usdc": "0xca71156bFe3bBecb281B78BF8bd9C083D1db222b",
    "address_weth": "0x4F4F6a4f5A28420B57A49Fe5cc935b441BB52456",
    "krs_usdc": 4127.675857840363,
    "usdc": 25.570089,
    "krs_weth": 1337.7935203067086,
    "weth": 0.7127410346937465,
    "value_usd": 3000.47,
    "value_eth": 1.287436,
    "value_pln": 10772.18
  },
  "ETHPLN": 8367.16,
  "ETHUSD": 2330.58
}