{
  "WETH": 0.00010089,
  "USDC": 0.25100916,
  "pool": {
    "krs_usdc": 1773.4888292098397,
    "usdc": 553.225044,
    "krs_weth": 796.0479592975004,
    "weth": 0.07357146664286583,
    "value_usd": 998.47,
    "value_eth": 0.392862,
    "value_pln": 3740.44
  },
  "ETHPLN": 9520.99,
  "ETHUSD": 2541.52
}