{
  "USDC": 0.25247631,
  "WETH": 7.9242678e-05,
  "WETH_viaUSDC": 7.9706121e-05,
  "diff_pct": 0.005831,
  "prefer": "viaUSDC",
  "pool": {
    "address_usdc": "0xca71156bFe3bBecb281B78BF8bd9C083D1db222b",
    "address_weth": "0x4F4F6a4f5A28420B57A49Fe5cc935b441BB52456",
    "krs_usdc": 1512.0829096771697,
    "usdc": 638.326445,
    "krs_weth": 3953.2899931282386,
    "weth": 0.46633422202166686,
    "value_usd": 3495.36,
    "value_eth": 1.103476,
    "value_pln": 12711.25
  },
  "ETHPLN": 11519.28,
  "ETHUSD": 3167.59
}