{
  "USDC": 0.25244167,
  "WETH": 7.9290883e-05,
  "WETH_viaUSDC": 7.7996667e-05,
  "diff_pct": 0.016457,
  "prefer": "viaUSDC",
  "pool": {
    "address_usdc": "0xca71156bFe3bBecb281B78BF8bd9C083D1db222b",
    "address_weth": "0x4F4F6a4f5A28420B57A49Fe5cc935b441BB52456",
    "krs_usdc": 1518.1316011530314,
    "usdc": 636.29574,
    "krs_weth": 169.53995938683335,
    "weth": 0.14665549223443783,
    "value_usd": 1537.0,
    "value_eth": 0.474884,
    "value_pln": 5586.75
  },
  "ETHPLN": 11764.45,
  "ETHUSD": 3236.57
}