{
  "WETH": 0.0001005,
  "USDC": 0.25086703,
  "pool": {
    "krs_usdc": 1802.9529560285514,
    "usdc": 545.978262,
    "krs_weth": 766.5838324787885,
    "weth": 0.07655582500890835,
    "value_usd": 998.36,
    "value_eth": 0.396337,
    "value_pln": 3740.02
  },
  "ETHPLN": 9436.47,
  "ETHUSD": 2518.96
}