{
  "USDC": 0.25389384,
  "WETH": 6.4157895e-05,
  "WETH_viaUSDC": 6.4994992e-05,
  "diff_pct": 0.012963,
  "prefer": "viaUSDC",
  "pool": {
    "address_usdc": "0xca71156bFe3bBecb281B78BF8bd9C083D1db222b",
    "address_weth": "0x4F4F6a4f5A28420B57A49Fe5cc935b441BB52456",
    "krs_usdc": 1218.4547899274855,
    "usdc": 709.357655,
    "krs_weth": 773.9767706123793,
    "weth": 0.10281574088420298,
    "value_usd": 1616.86,
    "value_eth": 0.413904,
    "value_pln": 5904.89
  },
  "ETHPLN": 14266.31,
  "ETHUSD": 3906.36
}