{
  "USDC": 0.25362691,
  "WETH": 7.2690696e-05,
  "WETH_viaUSDC": 7.3921509e-05,
  "diff_pct": 0.01679,
  "prefer": "viaUSDC",
  "pool": {
    "address_usdc": "0xca71156bFe3bBecb281B78BF8bd9C083D1db222b",
    "address_weth": "0x4F4F6a4f5A28420B57A49Fe5cc935b441BB52456",
    "krs_usdc": 1276.8207494057463,
    "usdc": 696.824632,
    "krs_weth": 410.8508111341185,
    "weth": 0.1281757402129856,
    "value_usd": 1564.64,
    "value_eth": 0.456026,
    "value_pln": 5716.73
  },
  "ETHPLN": 12535.98,
  "ETHUSD": 3431.03
}