{
  "USDC": 0.24940123,
  "WETH": 8.3938799e-05,
  "WETH_viaUSDC": 8.3438292e-05,
  "diff_pct": 0.005981,
  "prefer": "viaUSDC",
  "pool": {
    "address_usdc": "0xca71156bFe3bBecb281B78BF8bd9C083D1db222b",
    "address_weth": "0x4F4F6a4f5A28420B57A49Fe5cc935b441BB52456",
    "krs_usdc": 2192.858484125957,
    "usdc": 492.353272,
    "krs_weth": 3272.6108940211143,
    "weth": 0.5299875869972388,
    "value_usd": 3439.61,
    "value_eth": 1.150736,
    "value_pln": 12281.44
  },
  "ETHPLN": 10672.68,
  "ETHUSD": 2989.05
}