{
  "WETH": 0.0001026,
  "USDC": 0.25173414,
  "pool": {
    "krs_usdc": 1634.2496477752604,
    "usdc": 592.847382,
    "krs_weth": 935.2871407320783,
    "weth": 0.061679548460828335,
    "value_usd": 1004.34,
    "value_eth": 0.391359,
    "value_pln": 3716.19
  },
  "ETHPLN": 9495.61,
  "ETHUSD": 2566.29
}