{
  "USDC": 0.25113175,
  "WETH": 5.8408976e-05,
  "WETH_viaUSDC": 5.8848752e-05,
  "diff_pct": 0.007501,
  "prefer": "viaUSDC",
  "pool": {
    "address_usdc": "0xca71156bFe3bBecb281B78BF8bd9C083D1db222b",
    "address_weth": "0x4F4F6a4f5A28420B57A49Fe5cc935b441BB52456",
    "krs_usdc": 1770.8416686897194,
    "usdc": 565.190402,
    "krs_weth": 378.59716674659427,
    "weth": 0.03018488637797895,
    "value_usd": 1233.79,
    "value_eth": 0.28912,
    "value_pln": 4473.72
  },
  "ETHPLN": 15473.56,
  "ETHUSD": 4267.41
}