{
  "USDC": 0.24088978,
  "WETH": 0.000102005663,
  "WETH_viaUSDC": 0.00010195875,
  "diff_pct": 0.00046,
  "prefer": "viaUSDC",
  "pool": {
    "address_usdc": "0xca71156bFe3bBecb281B78BF8bd9C083D1db222b",
    "address_weth": "0x4F4F6a4f5A28420B57A49Fe5cc935b441BB52456",
    "krs_usdc": 4015.0203687797184,
    "usdc": 51.830633,
    "krs_weth": 1450.449009367353,
    "weth": 0.7008511535129395,
    "value_usd": 3024.25,
    "value_eth": 1.280041,
    "value_pln": 10958.25
  },
  "ETHPLN": 8560.86,
  "ETHUSD": 2362.62
}