{
  "WETH": 0.00010026,
  "USDC": 0.25077367,
  "pool": {
    "krs_usdc": 1821.9107537279945,
    "usdc": 541.112847,
    "krs_weth": 747.6260347793457,
    "weth": 0.07840060089979763,
    "value_usd": 998.08,
    "value_eth": 0.397084,
    "value_pln": 3738.86
  },
  "ETHPLN": 9415.79,
  "ETHUSD": 2513.51
}