{
  "USDC": 0.25436894,
  "WETH": 6.2095782e-05,
  "WETH_viaUSDC": 6.2189549e-05,
  "diff_pct": 0.001509,
  "prefer": "viaUSDC",
  "pool": {
    "address_usdc": "0xca71156bFe3bBecb281B78BF8bd9C083D1db222b",
    "address_weth": "0x4F4F6a4f5A28420B57A49Fe5cc935b441BB52456",
    "krs_usdc": 1120.658561300537,
    "usdc": 733.138502,
    "krs_weth": 871.7729992393276,
    "weth": 0.09637298933834093,
    "value_usd": 1634.14,
    "value_eth": 0.399523,
    "value_pln": 5974.19
  },
  "ETHPLN": 14953.31,
  "ETHUSD": 4090.22
}