{
  "USDC": 0.25304562,
  "WETH": 7.908707e-05,
  "WETH_viaUSDC": 7.9200011e-05,
  "diff_pct": 0.001427,
  "prefer": "viaUSDC",
  "pool": {
    "address_usdc": "0xca71156bFe3bBecb281B78BF8bd9C083D1db222b",
    "address_weth": "0x4F4F6a4f5A28420B57A49Fe5cc935b441BB52456",
    "krs_usdc": 1441.6827295616858,
    "usdc": 678.86018,
    "krs_weth": 4023.7866485853856,
    "weth": 0.4680587006171536,
    "value_usd": 3557.33,
    "value_eth": 1.113398,
    "value_pln": 12908.95
  },
  "ETHPLN": 11594.19,
  "ETHUSD": 3195.02
}