{
  "USDC": 0.25486615,
  "WETH": 6.0107308e-05,
  "WETH_viaUSDC": 5.9722029e-05,
  "diff_pct": 0.00643,
  "prefer": "viaUSDC",
  "pool": {
    "address_usdc": "0xca71156bFe3bBecb281B78BF8bd9C083D1db222b",
    "address_weth": "0x4F4F6a4f5A28420B57A49Fe5cc935b441BB52456",
    "krs_usdc": 1020.1484977170261,
    "usdc": 758.394753,
    "krs_weth": 972.2830628228387,
    "weth": 0.09015126557596309,
    "value_usd": 1650.92,
    "value_eth": 0.386856,
    "value_pln": 6079.36
  },
  "ETHPLN": 15714.79,
  "ETHUSD": 4267.54
}