{
  "USDC": 0.24881522,
  "WETH": 8.4603563e-05,
  "WETH_viaUSDC": 8.4939293e-05,
  "diff_pct": 0.00396,
  "prefer": "viaUSDC",
  "pool": {
    "address_usdc": "0xca71156bFe3bBecb281B78BF8bd9C083D1db222b",
    "address_weth": "0x4F4F6a4f5A28420B57A49Fe5cc935b441BB52456",
    "krs_usdc": 2294.9464830877264,
    "usdc": 457.161576,
    "krs_weth": 3170.522895059345,
    "weth": 0.535344417073926,
    "value_usd": 3385.25,
    "value_eth": 1.155641,
    "value_pln": 12133.18
  },
  "ETHPLN": 10499.09,
  "ETHUSD": 2929.33
}