{
  "USDC": 0.24786031,
  "WETH": 8.6706205e-05,
  "WETH_viaUSDC": 8.7298732e-05,
  "diff_pct": 0.00681,
  "prefer": "viaUSDC",
  "pool": {
    "address_usdc": "0xca71156bFe3bBecb281B78BF8bd9C083D1db222b",
    "address_weth": "0x4F4F6a4f5A28420B57A49Fe5cc935b441BB52456",
    "krs_usdc": 2514.1900765477135,
    "usdc": 412.776205,
    "krs_weth": 2951.279301599358,
    "weth": 0.5575025142780279,
    "value_usd": 3350.32,
    "value_eth": 1.180015,
    "value_pln": 11909.13
  },
  "ETHPLN": 10092.36,
  "ETHUSD": 2839.22
}