{
  "USDC": 0.25391869,
  "WETH": 6.3997315e-05,
  "WETH_viaUSDC": 6.3419107e-05,
  "diff_pct": 0.009076,
  "prefer": "viaUSDC",
  "pool": {
    "address_usdc": "0xca71156bFe3bBecb281B78BF8bd9C083D1db222b",
    "address_weth": "0x4F4F6a4f5A28420B57A49Fe5cc935b441BB52456",
    "krs_usdc": 1212.1455414633783,
    "usdc": 710.301201,
    "krs_weth": 780.2860190764865,
    "weth": 0.10224439073988828,
    "value_usd": 1625.58,
    "value_eth": 0.406008,
    "value_pln": 5916.79
  },
  "ETHPLN": 14573.08,
  "ETHUSD": 4003.82
}