{
  "USDC": 0.25414409,
  "WETH": 6.3133388e-05,
  "WETH_viaUSDC": 6.3921469e-05,
  "diff_pct": 0.012405,
  "prefer": "viaUSDC",
  "pool": {
    "address_usdc": "0xca71156bFe3bBecb281B78BF8bd9C083D1db222b",
    "address_weth": "0x4F4F6a4f5A28420B57A49Fe5cc935b441BB52456",
    "krs_usdc": 1168.7251495937383,
    "usdc": 722.348407,
    "krs_weth": 823.7064109461264,
    "weth": 0.09973960012908968,
    "value_usd": 1625.27,
    "value_eth": 0.408781,
    "value_pln": 5906.92
  },
  "ETHPLN": 14450.07,
  "ETHUSD": 3975.88
}