{
  "USDC": 0.25400176,
  "WETH": 6.3731427e-05,
  "WETH_viaUSDC": 6.3513461e-05,
  "diff_pct": 0.003426,
  "prefer": "viaUSDC",
  "pool": {
    "address_usdc": "0xca71156bFe3bBecb281B78BF8bd9C083D1db222b",
    "address_weth": "0x4F4F6a4f5A28420B57A49Fe5cc935b441BB52456",
    "krs_usdc": 1197.4429635887932,
    "usdc": 715.073878,
    "krs_weth": 794.9885969510716,
    "weth": 0.10156670128263683,
    "value_usd": 1627.34,
    "value_eth": 0.406918,
    "value_pln": 5918.78
  },
  "ETHPLN": 14545.39,
  "ETHUSD": 3999.18
}