{
  "USDC": 0.24910327,
  "WETH": 8.436997e-05,
  "WETH_viaUSDC": 8.4717479e-05,
  "diff_pct": 0.00411,
  "prefer": "viaUSDC",
  "pool": {
    "address_usdc": "0xca71156bFe3bBecb281B78BF8bd9C083D1db222b",
    "address_weth": "0x4F4F6a4f5A28420B57A49Fe5cc935b441BB52456",
    "krs_usdc": 2251.4574944528686,
    "usdc": 476.162622,
    "krs_weth": 3214.011883694203,
    "weth": 0.5343830262087552,
    "value_usd": 3408.93,
    "value_eth": 1.159342,
    "value_pln": 12283.33
  },
  "ETHPLN": 10595.09,
  "ETHUSD": 2940.4
}