{
  "WETH": 0.00010905,
  "USDC": 0.25421084,
  "pool": {
    "krs_usdc": 1141.609029528866,
    "usdc": 722.30366,
    "krs_weth": 1426.9324519287136,
    "weth": 0.017080389183032552,
    "value_usd": 1012.67,
    "value_eth": 0.362905,
    "value_pln": 3662.03
  },
  "ETHPLN": 10090.88,
  "ETHUSD": 2790.45
}