{
  "USDC": 0.25403928,
  "WETH": 5.6560975e-05,
  "WETH_viaUSDC": 5.6761705e-05,
  "diff_pct": 0.003543,
  "prefer": "viaUSDC",
  "pool": {
    "address_usdc": "0xca71156bFe3bBecb281B78BF8bd9C083D1db222b",
    "address_weth": "0x4F4F6a4f5A28420B57A49Fe5cc935b441BB52456",
    "krs_usdc": 1183.4932075780482,
    "usdc": 715.374158,
    "krs_weth": 1163.4456278582657,
    "weth": 0.07872644837641478,
    "value_usd": 1663.93,
    "value_eth": 0.371784,
    "value_pln": 6027.41
  },
  "ETHPLN": 16212.14,
  "ETHUSD": 4475.54
}