{
  "WETH": 0.00010439,
  "USDC": 0.25232252,
  "pool": {
    "krs_usdc": 1506.5310352860934,
    "usdc": 621.13906,
    "krs_weth": 1063.0057532212466,
    "weth": 0.04784170701410499,
    "value_usd": 1001.38,
    "value_eth": 0.378523,
    "value_pln": 3764.96
  },
  "ETHPLN": 9946.46,
  "ETHUSD": 2645.5
}