{
  "USDC": 0.2502116,
  "WETH": 8.2369774e-05,
  "WETH_viaUSDC": 8.2563644e-05,
  "diff_pct": 0.002351,
  "prefer": "viaUSDC",
  "pool": {
    "address_usdc": "0xca71156bFe3bBecb281B78BF8bd9C083D1db222b",
    "address_weth": "0x4F4F6a4f5A28420B57A49Fe5cc935b441BB52456",
    "krs_usdc": 1990.6103334798402,
    "usdc": 525.457243,
    "krs_weth": 3474.8590446672315,
    "weth": 0.5074347480831984,
    "value_usd": 3430.78,
    "value_eth": 1.132072,
    "value_pln": 12524.28
  },
  "ETHPLN": 11063.15,
  "ETHUSD": 3030.53
}