{
  "USDC": 0.24877046,
  "WETH": 8.4786556e-05,
  "WETH_viaUSDC": 8.4921696e-05,
  "diff_pct": 0.001593,
  "prefer": "viaUSDC",
  "pool": {
    "address_usdc": "0xca71156bFe3bBecb281B78BF8bd9C083D1db222b",
    "address_weth": "0x4F4F6a4f5A28420B57A49Fe5cc935b441BB52456",
    "krs_usdc": 2310.1932086791785,
    "usdc": 456.325156,
    "krs_weth": 3155.276169467893,
    "weth": 0.5376419614105747,
    "value_usd": 3390.95,
    "value_eth": 1.157553,
    "value_pln": 12143.68
  },
  "ETHPLN": 10490.82,
  "ETHUSD": 2929.41
}