{
  "USDC": 0.25412265,
  "WETH": 5.6267173e-05,
  "WETH_viaUSDC": 5.6893853e-05,
  "diff_pct": 0.011076,
  "prefer": "viaUSDC",
  "pool": {
    "address_usdc": "0xca71156bFe3bBecb281B78BF8bd9C083D1db222b",
    "address_weth": "0x4F4F6a4f5A28420B57A49Fe5cc935b441BB52456",
    "krs_usdc": 1166.6719797951396,
    "usdc": 719.635289,
    "krs_weth": 1180.266855641174,
    "weth": 0.07777464218573674,
    "value_usd": 1663.43,
    "value_eth": 0.372415,
    "value_pln": 6042.47
  },
  "ETHPLN": 16225.07,
  "ETHUSD": 4466.61
}