{
  "WETH": 0.00010184,
  "USDC": 0.25154093,
  "pool": {
    "krs_usdc": 1682.375073071388,
    "usdc": 585.068016,
    "krs_weth": 886.1664083861914,
    "weth": 0.06821124511007803,
    "value_usd": 1008.34,
    "value_eth": 0.394291,
    "value_pln": 3654.57
  },
  "ETHPLN": 9268.72,
  "ETHUSD": 2557.36
}