{
  "USDC": 0.25421739,
  "WETH": 6.2772128e-05,
  "WETH_viaUSDC": 6.3930579e-05,
  "diff_pct": 0.018286,
  "prefer": "viaUSDC",
  "pool": {
    "address_usdc": "0xca71156bFe3bBecb281B78BF8bd9C083D1db222b",
    "address_weth": "0x4F4F6a4f5A28420B57A49Fe5cc935b441BB52456",
    "krs_usdc": 1152.5599814410741,
    "usdc": 725.742128,
    "krs_weth": 839.8715790987906,
    "weth": 0.0985434418964188,
    "value_usd": 1624.11,
    "value_eth": 0.40843,
    "value_pln": 5932.47
  },
  "ETHPLN": 14525.05,
  "ETHUSD": 3976.46
}