{
  "WETH": 0.00011131,
  "USDC": 0.25514604,
  "pool": {
    "krs_usdc": 954.2735194911841,
    "usdc": 770.221124,
    "krs_weth": 1664.1718595561692,
    "weth": 0.002069493540018814,
    "value_usd": 1013.89,
    "value_eth": 0.229553,
    "value_pln": 3697.84
  },
  "ETHPLN": 16108.9,
  "ETHUSD": 4416.79
}