{
  "WETH": 9.778e-05,
  "USDC": 0.24986945,
  "pool": {
    "krs_usdc": 2010.7810912532177,
    "usdc": 495.134055,
    "krs_weth": 558.7556972541216,
    "weth": 0.09799182518285342,
    "value_usd": 997.62,
    "value_eth": 0.412017,
    "value_pln": 3733.09
  },
  "ETHPLN": 9060.52,
  "ETHUSD": 2421.31
}