{
  "WETH": 0.00010486,
  "USDC": 0.25252369,
  "pool": {
    "krs_usdc": 1468.3195631630722,
    "usdc": 632.152094,
    "krs_weth": 1101.217225344267,
    "weth": 0.04471761632766569,
    "value_usd": 1003.05,
    "value_eth": 0.376673,
    "value_pln": 3748.64
  },
  "ETHPLN": 9951.97,
  "ETHUSD": 2662.93
}