{
  "WETH": 9.803e-05,
  "USDC": 0.25009143,
  "pool": {
    "krs_usdc": 1978.0826947297257,
    "usdc": 509.882968,
    "krs_weth": 591.4540937776118,
    "weth": 0.0973029686586604,
    "value_usd": 1004.64,
    "value_eth": 0.411889,
    "value_pln": 3610.33
  },
  "ETHPLN": 8765.29,
  "ETHUSD": 2439.11
}