{
  "USDC": 0.2544719,
  "WETH": 6.164546e-05,
  "WETH_viaUSDC": 6.1594742e-05,
  "diff_pct": 0.000823,
  "prefer": "viaUSDC",
  "pool": {
    "address_usdc": "0xca71156bFe3bBecb281B78BF8bd9C083D1db222b",
    "address_weth": "0x4F4F6a4f5A28420B57A49Fe5cc935b441BB52456",
    "krs_usdc": 1099.0668568868596,
    "usdc": 738.178888,
    "krs_weth": 893.3647036530052,
    "weth": 0.09492695522692725,
    "value_usd": 1637.38,
    "value_eth": 0.396326,
    "value_pln": 6003.54
  },
  "ETHPLN": 15147.99,
  "ETHUSD": 4131.39
}