{
  "USDC": 0.24735312,
  "WETH": 8.771297e-05,
  "WETH_viaUSDC": 8.8170044e-05,
  "diff_pct": 0.005197,
  "prefer": "viaUSDC",
  "pool": {
    "address_usdc": "0xca71156bFe3bBecb281B78BF8bd9C083D1db222b",
    "address_weth": "0x4F4F6a4f5A28420B57A49Fe5cc935b441BB52456",
    "krs_usdc": 2623.0785415725927,
    "usdc": 387.143857,
    "krs_weth": 2842.3908365744787,
    "weth": 0.5674607130187993,
    "value_usd": 3331.0,
    "value_eth": 1.18735,
    "value_pln": 11725.16
  },
  "ETHPLN": 9875.06,
  "ETHUSD": 2805.41
}