{
  "WETH": 0.00010698,
  "USDC": 0.25325162,
  "pool": {
    "krs_usdc": 1315.424384326366,
    "usdc": 668.190732,
    "krs_weth": 1254.1124041809746,
    "weth": 0.02927866228143145,
    "value_usd": 1001.46,
    "value_eth": 0.371557,
    "value_pln": 3736.71
  },
  "ETHPLN": 10056.88,
  "ETHUSD": 2695.3
}