{
  "USDC": 0.25101204,
  "WETH": 8.1356588e-05,
  "WETH_viaUSDC": 8.0917595e-05,
  "diff_pct": 0.005411,
  "prefer": "viaUSDC",
  "pool": {
    "address_usdc": "0xca71156bFe3bBecb281B78BF8bd9C083D1db222b",
    "address_weth": "0x4F4F6a4f5A28420B57A49Fe5cc935b441BB52456",
    "krs_usdc": 1829.9566983961433,
    "usdc": 567.697868,
    "krs_weth": 3635.5126797509283,
    "weth": 0.49494339794518244,
    "value_usd": 3474.95,
    "value_eth": 1.120202,
    "value_pln": 12589.2
  },
  "ETHPLN": 11238.33,
  "ETHUSD": 3102.07
}