{
  "USDC": 0.25396788,
  "WETH": 7.0947749e-05,
  "WETH_viaUSDC": 7.1596719e-05,
  "diff_pct": 0.009106,
  "prefer": "viaUSDC",
  "pool": {
    "address_usdc": "0xca71156bFe3bBecb281B78BF8bd9C083D1db222b",
    "address_weth": "0x4F4F6a4f5A28420B57A49Fe5cc935b441BB52456",
    "krs_usdc": 1207.6267932451365,
    "usdc": 714.188938,
    "krs_weth": 480.0447672947284,
    "weth": 0.123150683196025,
    "value_usd": 1579.64,
    "value_eth": 0.445321,
    "value_pln": 5787.77
  },
  "ETHPLN": 12996.85,
  "ETHUSD": 3547.2
}