{
  "USDC": 0.25114291,
  "WETH": 5.829813e-05,
  "WETH_viaUSDC": 5.8218892e-05,
  "diff_pct": 0.00136,
  "prefer": "viaUSDC",
  "pool": {
    "address_usdc": "0xca71156bFe3bBecb281B78BF8bd9C083D1db222b",
    "address_weth": "0x4F4F6a4f5A28420B57A49Fe5cc935b441BB52456",
    "krs_usdc": 1768.6206283993401,
    "usdc": 565.781466,
    "krs_weth": 380.81820703697355,
    "weth": 0.030062989108004316,
    "value_usd": 1235.28,
    "value_eth": 0.286358,
    "value_pln": 4485.49
  },
  "ETHPLN": 15663.94,
  "ETHUSD": 4313.77
}