{
  "USDC": 0.2545267,
  "WETH": 5.4888921e-05,
  "WETH_viaUSDC": 5.4669205e-05,
  "diff_pct": 0.004011,
  "prefer": "viaUSDC",
  "pool": {
    "address_usdc": "0xca71156bFe3bBecb281B78BF8bd9C083D1db222b",
    "address_weth": "0x4F4F6a4f5A28420B57A49Fe5cc935b441BB52456",
    "krs_usdc": 1085.6184317074985,
    "usdc": 740.36512,
    "krs_weth": 1261.320403728815,
    "weth": 0.07329554454830033,
    "value_usd": 1678.97,
    "value_eth": 0.360622,
    "value_pln": 6099.55
  },
  "ETHPLN": 16913.95,
  "ETHUSD": 4655.76
}