{
  "USDC": 0.25266973,
  "WETH": 6.1786439e-05,
  "WETH_viaUSDC": 6.3283399e-05,
  "diff_pct": 0.023938,
  "prefer": "viaUSDC",
  "pool": {
    "address_usdc": "0xca71156bFe3bBecb281B78BF8bd9C083D1db222b",
    "address_weth": "0x4F4F6a4f5A28420B57A49Fe5cc935b441BB52456",
    "krs_usdc": 1461.6677000895336,
    "usdc": 645.443809,
    "krs_weth": 885.2711353467802,
    "weth": 0.09529625619423272,
    "value_usd": 1618.93,
    "value_eth": 0.405476,
    "value_pln": 5942.99
  },
  "ETHPLN": 14656.83,
  "ETHUSD": 3992.67
}