{
  "WETH": 0.00010267,
  "USDC": 0.25185423,
  "pool": {
    "krs_usdc": 1618.6125377671585,
    "usdc": 601.244381,
    "krs_weth": 949.928943690421,
    "weth": 0.06202512656144405,
    "value_usd": 1009.0,
    "value_eth": 0.385758,
    "value_pln": 3656.12
  },
  "ETHPLN": 9477.76,
  "ETHUSD": 2615.62
}