{
  "USDC": 0.25431267,
  "WETH": 7.7527446e-05,
  "WETH_viaUSDC": 7.6904343e-05,
  "diff_pct": 0.00807,
  "prefer": "viaUSDC",
  "pool": {
    "address_usdc": "0xca71156bFe3bBecb281B78BF8bd9C083D1db222b",
    "address_weth": "0x4F4F6a4f5A28420B57A49Fe5cc935b441BB52456",
    "krs_usdc": 1184.8386184868532,
    "usdc": 743.51891,
    "krs_weth": 4280.630759660218,
    "weth": 0.44779434308897653,
    "value_usd": 3614.25,
    "value_eth": 1.092953,
    "value_pln": 13148.29
  },
  "ETHPLN": 12030.06,
  "ETHUSD": 3306.87
}