{
  "USDC": 0.25560448,
  "WETH": 7.5785358e-05,
  "WETH_viaUSDC": 7.5320899e-05,
  "diff_pct": 0.006147,
  "prefer": "viaUSDC",
  "pool": {
    "address_usdc": "0xca71156bFe3bBecb281B78BF8bd9C083D1db222b",
    "address_weth": "0x4F4F6a4f5A28420B57A49Fe5cc935b441BB52456",
    "krs_usdc": 906.7130452598233,
    "usdc": 804.700243,
    "krs_weth": 4558.756332887248,
    "weth": 0.42343762103646065,
    "value_usd": 3638.65,
    "value_eth": 1.072229,
    "value_pln": 13182.41
  },
  "ETHPLN": 12294.4,
  "ETHUSD": 3393.54
}