{
  "USDC": 0.25417767,
  "WETH": 5.6077537e-05,
  "WETH_viaUSDC": 5.5714569e-05,
  "diff_pct": 0.006494,
  "prefer": "viaUSDC",
  "pool": {
    "address_usdc": "0xca71156bFe3bBecb281B78BF8bd9C083D1db222b",
    "address_weth": "0x4F4F6a4f5A28420B57A49Fe5cc935b441BB52456",
    "krs_usdc": 1155.661009959754,
    "usdc": 722.467837,
    "krs_weth": 1191.2778254765599,
    "weth": 0.07716367656972829,
    "value_usd": 1671.04,
    "value_eth": 0.366284,
    "value_pln": 6051.16
  },
  "ETHPLN": 16520.41,
  "ETHUSD": 4562.14
}