{
  "USDC": 0.25155139,
  "WETH": 5.4239697e-05,
  "WETH_viaUSDC": 5.4017963e-05,
  "diff_pct": 0.004096,
  "prefer": "viaUSDC",
  "pool": {
    "address_usdc": "0xca71156bFe3bBecb281B78BF8bd9C083D1db222b",
    "address_weth": "0x4F4F6a4f5A28420B57A49Fe5cc935b441BB52456",
    "krs_usdc": 1685.1079652360604,
    "usdc": 586.835293,
    "krs_weth": 464.33087020025334,
    "weth": 0.02538096729428306,
    "value_usd": 1245.72,
    "value_eth": 0.267506,
    "value_pln": 4518.29
  },
  "ETHPLN": 16890.43,
  "ETHUSD": 4656.81
}