{
  "USDC": 0.25462411,
  "WETH": 6.1177253e-05,
  "WETH_viaUSDC": 6.1776179e-05,
  "diff_pct": 0.009742,
  "prefer": "viaUSDC",
  "pool": {
    "address_usdc": "0xca71156bFe3bBecb281B78BF8bd9C083D1db222b",
    "address_weth": "0x4F4F6a4f5A28420B57A49Fe5cc935b441BB52456",
    "krs_usdc": 1071.9579543523512,
    "usdc": 746.844783,
    "krs_weth": 920.4736061875136,
    "weth": 0.09369651497492615,
    "value_usd": 1640.36,
    "value_eth": 0.397979,
    "value_pln": 5963.48
  },
  "ETHPLN": 14984.41,
  "ETHUSD": 4121.72
}