{
  "USDC": 0.25349613,
  "WETH": 7.3379381e-05,
  "WETH_viaUSDC": 7.3021023e-05,
  "diff_pct": 0.004896,
  "prefer": "viaUSDC",
  "pool": {
    "address_usdc": "0xca71156bFe3bBecb281B78BF8bd9C083D1db222b",
    "address_weth": "0x4F4F6a4f5A28420B57A49Fe5cc935b441BB52456",
    "krs_usdc": 1303.4388578199,
    "usdc": 690.17154,
    "krs_weth": 384.2327027199647,
    "weth": 0.1301476665809879,
    "value_usd": 1569.8,
    "value_eth": 0.452191,
    "value_pln": 5737.93
  },
  "ETHPLN": 12689.18,
  "ETHUSD": 3471.55
}