{
  "USDC": 0.24055524,
  "WETH": 0.000102823277,
  "WETH_viaUSDC": 0.00010321247,
  "diff_pct": 0.003778,
  "prefer": "viaUSDC",
  "pool": {
    "address_usdc": "0xca71156bFe3bBecb281B78BF8bd9C083D1db222b",
    "address_weth": "0x4F4F6a4f5A28420B57A49Fe5cc935b441BB52456",
    "krs_usdc": 4087.1601249865935,
    "usdc": 34.010396,
    "krs_weth": 1378.3092531604777,
    "weth": 0.7080605331352738,
    "value_usd": 2999.02,
    "value_eth": 1.286758,
    "value_pln": 10773.22
  },
  "ETHPLN": 8372.38,
  "ETHUSD": 2330.68
}