{
  "USDC": 0.24724612,
  "WETH": 8.7100502e-05,
  "WETH_viaUSDC": 8.6977641e-05,
  "diff_pct": 0.001412,
  "prefer": "viaUSDC",
  "pool": {
    "address_usdc": "0xca71156bFe3bBecb281B78BF8bd9C083D1db222b",
    "address_weth": "0x4F4F6a4f5A28420B57A49Fe5cc935b441BB52456",
    "krs_usdc": 2600.4340366612696,
    "usdc": 370.307902,
    "krs_weth": 2864.938866144139,
    "weth": 0.5578123543299022,
    "value_usd": 3307.26,
    "value_eth": 1.163447,
    "value_pln": 12148.29
  },
  "ETHPLN": 10441.64,
  "ETHUSD": 2842.64
}