{
  "USDC": 0.25216652,
  "WETH": 7.9983531e-05,
  "WETH_viaUSDC": 8.0012983e-05,
  "diff_pct": 0.000368,
  "prefer": "viaUSDC",
  "pool": {
    "address_usdc": "0xca71156bFe3bBecb281B78BF8bd9C083D1db222b",
    "address_weth": "0x4F4F6a4f5A28420B57A49Fe5cc935b441BB52456",
    "krs_usdc": 1603.3958837270195,
    "usdc": 629.476319,
    "krs_weth": 3862.073494420052,
    "weth": 0.47818868163947226,
    "value_usd": 3514.73,
    "value_eth": 1.115231,
    "value_pln": 12622.19
  },
  "ETHPLN": 11318.0,
  "ETHUSD": 3151.57
}