{
  "USDC": 0.25362226,
  "WETH": 7.8152438e-05,
  "WETH_viaUSDC": 7.8095528e-05,
  "diff_pct": 0.000728,
  "prefer": "viaUSDC",
  "pool": {
    "address_usdc": "0xca71156bFe3bBecb281B78BF8bd9C083D1db222b",
    "address_weth": "0x4F4F6a4f5A28420B57A49Fe5cc935b441BB52456",
    "krs_usdc": 1306.5519637450009,
    "usdc": 703.786956,
    "krs_weth": 4158.917414402071,
    "weth": 0.45447945140621776,
    "value_usd": 3565.91,
    "value_eth": 1.098019,
    "value_pln": 12840.03
  },
  "ETHPLN": 11693.82,
  "ETHUSD": 3247.59
}