{
  "USDC": 0.25154715,
  "WETH": 8.0940835e-05,
  "WETH_viaUSDC": 8.0725252e-05,
  "diff_pct": 0.002667,
  "prefer": "viaUSDC",
  "pool": {
    "address_usdc": "0xca71156bFe3bBecb281B78BF8bd9C083D1db222b",
    "address_weth": "0x4F4F6a4f5A28420B57A49Fe5cc935b441BB52456",
    "krs_usdc": 1742.5784582076494,
    "usdc": 600.821503,
    "krs_weth": 3722.890919939422,
    "weth": 0.49147141731712796,
    "value_usd": 3507.11,
    "value_eth": 1.125485,
    "value_pln": 12709.87
  },
  "ETHPLN": 11292.79,
  "ETHUSD": 3116.09
}