{
  "USDC": 0.2512028,
  "WETH": 5.7650359e-05,
  "WETH_viaUSDC": 5.7334958e-05,
  "diff_pct": 0.005486,
  "prefer": "viaUSDC",
  "pool": {
    "address_usdc": "0xca71156bFe3bBecb281B78BF8bd9C083D1db222b",
    "address_weth": "0x4F4F6a4f5A28420B57A49Fe5cc935b441BB52456",
    "krs_usdc": 1756.124893445783,
    "usdc": 568.80915,
    "krs_weth": 393.3139419905306,
    "weth": 0.02931304676744883,
    "value_usd": 1237.18,
    "value_eth": 0.282377,
    "value_pln": 4513.95
  },
  "ETHPLN": 15985.54,
  "ETHUSD": 4381.32
}