{
  "WETH": 0.0001009,
  "USDC": 0.25105125,
  "pool": {
    "krs_usdc": 1768.5694490327405,
    "usdc": 556.325775,
    "krs_weth": 800.9673394745986,
    "weth": 0.07381892051918922,
    "value_usd": 1000.41,
    "value_eth": 0.395711,
    "value_pln": 3742.15
  },
  "ETHPLN": 9456.78,
  "ETHUSD": 2528.13
}