{
  "USDC": 0.2493475,
  "WETH": 8.3428435e-05,
  "WETH_viaUSDC": 8.4314789e-05,
  "diff_pct": 0.010568,
  "prefer": "viaUSDC",
  "pool": {
    "address_usdc": "0xca71156bFe3bBecb281B78BF8bd9C083D1db222b",
    "address_weth": "0x4F4F6a4f5A28420B57A49Fe5cc935b441BB52456",
    "krs_usdc": 2160.1933299010643,
    "usdc": 478.615053,
    "krs_weth": 3305.1795729043442,
    "weth": 0.5199733230564345,
    "value_usd": 3379.13,
    "value_eth": 1.142625,
    "value_pln": 12397.16
  },
  "ETHPLN": 10849.72,
  "ETHUSD": 2957.34
}