{
  "USDC": 0.25398482,
  "WETH": 6.3745134e-05,
  "WETH_viaUSDC": 6.4211522e-05,
  "diff_pct": 0.00729,
  "prefer": "viaUSDC",
  "pool": {
    "address_usdc": "0xca71156bFe3bBecb281B78BF8bd9C083D1db222b",
    "address_weth": "0x4F4F6a4f5A28420B57A49Fe5cc935b441BB52456",
    "krs_usdc": 1199.4774050103258,
    "usdc": 713.856126,
    "krs_weth": 792.9541555295389,
    "weth": 0.10152021643434207,
    "value_usd": 1621.46,
    "value_eth": 0.409932,
    "value_pln": 5932.48
  },
  "ETHPLN": 14471.88,
  "ETHUSD": 3955.44
}