{
  "USDC": 0.25327798,
  "WETH": 6.6919271e-05,
  "WETH_viaUSDC": 6.7311219e-05,
  "diff_pct": 0.00584,
  "prefer": "viaUSDC",
  "pool": {
    "address_usdc": "0xca71156bFe3bBecb281B78BF8bd9C083D1db222b",
    "address_weth": "0x4F4F6a4f5A28420B57A49Fe5cc935b441BB52456",
    "krs_usdc": 1343.9130252815892,
    "usdc": 678.063853,
    "krs_weth": 648.5185352582757,
    "weth": 0.11116823537686693,
    "value_usd": 1601.01,
    "value_eth": 0.425484,
    "value_pln": 5878.01
  },
  "ETHPLN": 13814.9,
  "ETHUSD": 3762.79
}