{
  "WETH": 0.00010062,
  "USDC": 0.25100547,
  "pool": {
    "krs_usdc": 1784.169759975031,
    "usdc": 555.53445,
    "krs_weth": 785.3670285323076,
    "weth": 0.07658194701991602,
    "value_usd": 1003.45,
    "value_eth": 0.395121,
    "value_pln": 3730.64
  },
  "ETHPLN": 9441.76,
  "ETHUSD": 2539.6
}