{
  "WETH": 0.00010075,
  "USDC": 0.25096363,
  "pool": {
    "krs_usdc": 1783.4011395828438,
    "usdc": 551.023106,
    "krs_weth": 786.135648924496,
    "weth": 0.07466795945107073,
    "value_usd": 998.67,
    "value_eth": 0.393871,
    "value_pln": 3708.64
  },
  "ETHPLN": 9415.89,
  "ETHUSD": 2535.53
}