{
  "USDC": 0.25112617,
  "WETH": 5.8446415e-05,
  "WETH_viaUSDC": 5.8711788e-05,
  "diff_pct": 0.00453,
  "prefer": "viaUSDC",
  "pool": {
    "address_usdc": "0xca71156bFe3bBecb281B78BF8bd9C083D1db222b",
    "address_weth": "0x4F4F6a4f5A28420B57A49Fe5cc935b441BB52456",
    "krs_usdc": 1771.777500643571,
    "usdc": 564.850188,
    "krs_weth": 377.66133479274265,
    "weth": 0.03021527113234308,
    "value_usd": 1233.87,
    "value_eth": 0.288471,
    "value_pln": 4489.75
  },
  "ETHPLN": 15563.95,
  "ETHUSD": 4277.27
}