{
  "USDC": 0.24944882,
  "WETH": 8.3654609e-05,
  "WETH_viaUSDC": 8.4070457e-05,
  "diff_pct": 0.004959,
  "prefer": "viaUSDC",
  "pool": {
    "address_usdc": "0xca71156bFe3bBecb281B78BF8bd9C083D1db222b",
    "address_weth": "0x4F4F6a4f5A28420B57A49Fe5cc935b441BB52456",
    "krs_usdc": 2166.7113835035666,
    "usdc": 490.716425,
    "krs_weth": 3298.757994643505,
    "weth": 0.5251077388712656,
    "value_usd": 3412.14,
    "value_eth": 1.149976,
    "value_pln": 12227.51
  },
  "ETHPLN": 10632.84,
  "ETHUSD": 2967.14
}