{
  "USDC": 0.24901243,
  "WETH": 8.4577652e-05,
  "WETH_viaUSDC": 8.4452505e-05,
  "diff_pct": 0.001481,
  "prefer": "viaUSDC",
  "pool": {
    "address_usdc": "0xca71156bFe3bBecb281B78BF8bd9C083D1db222b",
    "address_weth": "0x4F4F6a4f5A28420B57A49Fe5cc935b441BB52456",
    "krs_usdc": 2272.9566803322095,
    "usdc": 472.12481,
    "krs_weth": 3192.5126978148623,
    "weth": 0.5366446546562708,
    "value_usd": 3415.42,
    "value_eth": 1.158338,
    "value_pln": 12200.28
  },
  "ETHPLN": 10532.57,
  "ETHUSD": 2948.55
}