{
  "USDC": 0.24567493,
  "WETH": 9.0210877e-05,
  "WETH_viaUSDC": 8.9708874e-05,
  "diff_pct": 0.00558,
  "prefer": "viaUSDC",
  "pool": {
    "address_usdc": "0xca71156bFe3bBecb281B78BF8bd9C083D1db222b",
    "address_weth": "0x4F4F6a4f5A28420B57A49Fe5cc935b441BB52456",
    "krs_usdc": 2934.316173041491,
    "usdc": 289.278768,
    "krs_weth": 2531.1532051055806,
    "weth": 0.5878541192029749,
    "value_usd": 3241.89,
    "value_eth": 1.183786,
    "value_pln": 11932.06
  },
  "ETHPLN": 10079.57,
  "ETHUSD": 2738.58
}