{
  "WETH": 0.00010057,
  "USDC": 0.25092377,
  "pool": {
    "krs_usdc": 1794.386573321607,
    "usdc": 549.67561,
    "krs_weth": 775.1502151857319,
    "weth": 0.07631414109885785,
    "value_usd": 1000.01,
    "value_eth": 0.397463,
    "value_pln": 3761.78
  },
  "ETHPLN": 9464.49,
  "ETHUSD": 2515.98
}