{
  "WETH": 0.00010351,
  "USDC": 0.25199207,
  "pool": {
    "krs_usdc": 1573.5034906853443,
    "usdc": 604.067874,
    "krs_weth": 996.0332978219956,
    "weth": 0.05421464271593573,
    "value_usd": 1000.68,
    "value_eth": 0.383406,
    "value_pln": 3762.8
  },
  "ETHPLN": 9814.15,
  "ETHUSD": 2609.98
}