{
  "USDC": 0.24942916,
  "WETH": 8.3445567e-05,
  "WETH_viaUSDC": 8.3364804e-05,
  "diff_pct": 0.000968,
  "prefer": "viaUSDC",
  "pool": {
    "address_usdc": "0xca71156bFe3bBecb281B78BF8bd9C083D1db222b",
    "address_weth": "0x4F4F6a4f5A28420B57A49Fe5cc935b441BB52456",
    "krs_usdc": 2153.069734747029,
    "usdc": 485.261565,
    "krs_weth": 3312.3996434000424,
    "weth": 0.5210328121575478,
    "value_usd": 3407.45,
    "value_eth": 1.138846,
    "value_pln": 12451.73
  },
  "ETHPLN": 10933.64,
  "ETHUSD": 2992.02
}