{
  "WETH": 9.777e-05,
  "USDC": 0.24998113,
  "pool": {
    "krs_usdc": 1999.4265308378945,
    "usdc": 503.836703,
    "krs_weth": 570.1102576694434,
    "weth": 0.09919362486974864,
    "value_usd": 1003.71,
    "value_eth": 0.410367,
    "value_pln": 3637.76
  },
  "ETHPLN": 8864.66,
  "ETHUSD": 2445.89
}