{
  "USDC": 0.25447217,
  "WETH": 6.1775483e-05,
  "WETH_viaUSDC": 6.110715e-05,
  "diff_pct": 0.010878,
  "prefer": "viaUSDC",
  "pool": {
    "address_usdc": "0xca71156bFe3bBecb281B78BF8bd9C083D1db222b",
    "address_weth": "0x4F4F6a4f5A28420B57A49Fe5cc935b441BB52456",
    "krs_usdc": 1102.2980822544007,
    "usdc": 739.027003,
    "krs_weth": 890.133478285464,
    "weth": 0.09553890515536928,
    "value_usd": 1643.9,
    "value_eth": 0.394755,
    "value_pln": 5996.84
  },
  "ETHPLN": 15191.27,
  "ETHUSD": 4164.36
}