{
  "WETH": 9.987e-05,
  "USDC": 0.25065795,
  "pool": {
    "krs_usdc": 1848.7470763566096,
    "usdc": 535.916933,
    "krs_weth": 720.7897121507294,
    "weth": 0.08168827105075346,
    "value_usd": 999.39,
    "value_eth": 0.400743,
    "value_pln": 3759.65
  },
  "ETHPLN": 9381.7,
  "ETHUSD": 2493.85
}