{
  "USDC": 0.25272553,
  "WETH": 7.8928565e-05,
  "WETH_viaUSDC": 7.8659388e-05,
  "diff_pct": 0.003416,
  "prefer": "viaUSDC",
  "pool": {
    "address_usdc": "0xca71156bFe3bBecb281B78BF8bd9C083D1db222b",
    "address_weth": "0x4F4F6a4f5A28420B57A49Fe5cc935b441BB52456",
    "krs_usdc": 1461.178630986755,
    "usdc": 651.0564,
    "krs_weth": 4004.1942718186533,
    "weth": 0.4622682381569575,
    "value_usd": 3517.52,
    "value_eth": 1.094809,
    "value_pln": 12789.68
  },
  "ETHPLN": 11682.11,
  "ETHUSD": 3212.91
}