{
  "USDC": 0.25324758,
  "WETH": 7.4618237e-05,
  "WETH_viaUSDC": 7.4721714e-05,
  "diff_pct": 0.001386,
  "prefer": "viaUSDC",
  "pool": {
    "address_usdc": "0xca71156bFe3bBecb281B78BF8bd9C083D1db222b",
    "address_weth": "0x4F4F6a4f5A28420B57A49Fe5cc935b441BB52456",
    "krs_usdc": 1352.2238483328078,
    "usdc": 677.051239,
    "krs_weth": 335.44771220705695,
    "weth": 0.13353647316191627,
    "value_usd": 1557.03,
    "value_eth": 0.459409,
    "value_pln": 5753.67
  },
  "ETHPLN": 12524.08,
  "ETHUSD": 3389.21
}