{
  "WETH": 9.958e-05,
  "USDC": 0.2506737,
  "pool": {
    "krs_usdc": 1857.9915687290018,
    "usdc": 539.861464,
    "krs_weth": 711.5452197783359,
    "weth": 0.08511187081741009,
    "value_usd": 1005.68,
    "value_eth": 0.403467,
    "value_pln": 3623.85
  },
  "ETHPLN": 8981.78,
  "ETHUSD": 2492.6
}