{
  "USDC": 0.25376448,
  "WETH": 7.1980976e-05,
  "WETH_viaUSDC": 7.1258539e-05,
  "diff_pct": 0.010087,
  "prefer": "viaUSDC",
  "pool": {
    "address_usdc": "0xca71156bFe3bBecb281B78BF8bd9C083D1db222b",
    "address_weth": "0x4F4F6a4f5A28420B57A49Fe5cc935b441BB52456",
    "krs_usdc": 1248.9177972629118,
    "usdc": 703.839863,
    "krs_weth": 438.753763276953,
    "weth": 0.126139283093009,
    "value_usd": 1581.32,
    "value_eth": 0.444043,
    "value_pln": 5781.43
  },
  "ETHPLN": 13020.0,
  "ETHUSD": 3561.18
}