{
  "USDC": 0.24813627,
  "WETH": 8.5544426e-05,
  "WETH_viaUSDC": 8.4792328e-05,
  "diff_pct": 0.008831,
  "prefer": "viaUSDC",
  "pool": {
    "address_usdc": "0xca71156bFe3bBecb281B78BF8bd9C083D1db222b",
    "address_weth": "0x4F4F6a4f5A28420B57A49Fe5cc935b441BB52456",
    "krs_usdc": 2419.771070043273,
    "usdc": 417.850436,
    "krs_weth": 3045.6983081037984,
    "weth": 0.5431934486554866,
    "value_usd": 3363.63,
    "value_eth": 1.14941,
    "value_pln": 12295.81
  },
  "ETHPLN": 10697.5,
  "ETHUSD": 2926.4
}