{
  "USDC": 0.25441589,
  "WETH": 6.1899739e-05,
  "WETH_viaUSDC": 6.1746483e-05,
  "diff_pct": 0.002479,
  "prefer": "viaUSDC",
  "pool": {
    "address_usdc": "0xca71156bFe3bBecb281B78BF8bd9C083D1db222b",
    "address_weth": "0x4F4F6a4f5A28420B57A49Fe5cc935b441BB52456",
    "krs_usdc": 1111.0593645530917,
    "usdc": 735.50011,
    "krs_weth": 881.3721959867731,
    "weth": 0.09575836021920749,
    "value_usd": 1636.96,
    "value_eth": 0.397289,
    "value_pln": 6000.73
  },
  "ETHPLN": 15104.2,
  "ETHUSD": 4120.33
}