{
  "WETH": 0.00010912,
  "USDC": 0.25410216,
  "pool": {
    "krs_usdc": 1150.3887358251436,
    "usdc": 713.45587,
    "krs_weth": 1419.1480526821956,
    "weth": 0.015277260542260246,
    "value_usd": 1005.93,
    "value_eth": 0.362883,
    "value_pln": 3711.12
  },
  "ETHPLN": 10226.77,
  "ETHUSD": 2772.04
}