{
  "USDC": 0.25068293,
  "WETH": 8.1557201e-05,
  "WETH_viaUSDC": 8.0942225e-05,
  "diff_pct": 0.007569,
  "prefer": "viaUSDC",
  "pool": {
    "address_usdc": "0xca71156bFe3bBecb281B78BF8bd9C083D1db222b",
    "address_weth": "0x4F4F6a4f5A28420B57A49Fe5cc935b441BB52456",
    "krs_usdc": 1879.331482486847,
    "usdc": 546.211954,
    "krs_weth": 3586.0414203185614,
    "weth": 0.49594676378011887,
    "value_usd": 3452.26,
    "value_eth": 1.114691,
    "value_pln": 12550.65
  },
  "ETHPLN": 11259.31,
  "ETHUSD": 3097.06
}