{
  "USDC": 0.25238613,
  "WETH": 7.9356117e-05,
  "WETH_viaUSDC": 7.9659545e-05,
  "diff_pct": 0.003816,
  "prefer": "viaUSDC",
  "pool": {
    "address_usdc": "0xca71156bFe3bBecb281B78BF8bd9C083D1db222b",
    "address_weth": "0x4F4F6a4f5A28420B57A49Fe5cc935b441BB52456",
    "krs_usdc": 1530.4559483339135,
    "usdc": 633.702431,
    "krs_weth": 3934.916954471495,
    "weth": 0.4677955766060566,
    "value_usd": 3495.21,
    "value_eth": 1.103177,
    "value_pln": 12687.13
  },
  "ETHPLN": 11500.53,
  "ETHUSD": 3168.31
}