{
  "USDC": 0.25247509,
  "WETH": 6.2587391e-05,
  "WETH_viaUSDC": 6.5334425e-05,
  "diff_pct": 0.042949,
  "prefer": "viaUSDC",
  "pool": {
    "address_usdc": "0xca71156bFe3bBecb281B78BF8bd9C083D1db222b",
    "address_weth": "0x4F4F6a4f5A28420B57A49Fe5cc935b441BB52456",
    "krs_usdc": 1501.2911242058879,
    "usdc": 635.46605,
    "krs_weth": 845.6477112304259,
    "weth": 0.0977676778560859,
    "value_usd": 1605.82,
    "value_eth": 0.415547,
    "value_pln": 5891.53
  },
  "ETHPLN": 14177.77,
  "ETHUSD": 3864.35
}