{
  "USDC": 0.2538271,
  "WETH": 7.1685158e-05,
  "WETH_viaUSDC": 7.1635792e-05,
  "diff_pct": 0.000689,
  "prefer": "viaUSDC",
  "pool": {
    "address_usdc": "0xca71156bFe3bBecb281B78BF8bd9C083D1db222b",
    "address_weth": "0x4F4F6a4f5A28420B57A49Fe5cc935b441BB52456",
    "krs_usdc": 1236.6970195867946,
    "usdc": 707.152322,
    "krs_weth": 450.9745409530702,
    "weth": 0.1253215815462411,
    "value_usd": 1579.58,
    "value_eth": 0.445794,
    "value_pln": 5750.81
  },
  "ETHPLN": 12900.16,
  "ETHUSD": 3543.3
}