{
  "USDC": 0.25336777,
  "WETH": 6.6510539e-05,
  "WETH_viaUSDC": 6.7247687e-05,
  "diff_pct": 0.011022,
  "prefer": "viaUSDC",
  "pool": {
    "address_usdc": "0xca71156bFe3bBecb281B78BF8bd9C083D1db222b",
    "address_weth": "0x4F4F6a4f5A28420B57A49Fe5cc935b441BB52456",
    "krs_usdc": 1325.716473466524,
    "usdc": 682.659626,
    "krs_weth": 666.7150870733409,
    "weth": 0.10995060695788923,
    "value_usd": 1601.74,
    "value_eth": 0.425125,
    "value_pln": 5882.61
  },
  "ETHPLN": 13837.35,
  "ETHUSD": 3767.68
}