{
  "USDC": 0.24850336,
  "WETH": 8.5532343e-05,
  "WETH_viaUSDC": 8.5791991e-05,
  "diff_pct": 0.003031,
  "prefer": "viaUSDC",
  "pool": {
    "address_usdc": "0xca71156bFe3bBecb281B78BF8bd9C083D1db222b",
    "address_weth": "0x4F4F6a4f5A28420B57A49Fe5cc935b441BB52456",
    "krs_usdc": 2380.810291175297,
    "usdc": 446.283742,
    "krs_weth": 3084.6590869717743,
    "weth": 0.54615723114895,
    "value_usd": 3386.46,
    "value_eth": 1.169123,
    "value_pln": 11976.84
  },
  "ETHPLN": 10244.29,
  "ETHUSD": 2896.58
}