{
  "USDC": 0.25120976,
  "WETH": 5.7602655e-05,
  "WETH_viaUSDC": 5.7129483e-05,
  "diff_pct": 0.008248,
  "prefer": "viaUSDC",
  "pool": {
    "address_usdc": "0xca71156bFe3bBecb281B78BF8bd9C083D1db222b",
    "address_weth": "0x4F4F6a4f5A28420B57A49Fe5cc935b441BB52456",
    "krs_usdc": 1754.938591048014,
    "usdc": 569.228411,
    "krs_weth": 394.50024438829996,
    "weth": 0.029272502543973206,
    "value_usd": 1237.91,
    "value_eth": 0.281521,
    "value_pln": 4515.66
  },
  "ETHPLN": 16040.19,
  "ETHUSD": 4397.2
}