{
  "WETH": 9.762e-05,
  "USDC": 0.24992978,
  "pool": {
    "krs_usdc": 2010.68041452644,
    "usdc": 501.34899,
    "krs_weth": 558.8563739808975,
    "weth": 0.10047921616329661,
    "value_usd": 1003.93,
    "value_eth": 0.411971,
    "value_pln": 3628.99
  },
  "ETHPLN": 8808.85,
  "ETHUSD": 2436.9
}