{
  "USDC": 0.25405193,
  "WETH": 6.3408855e-05,
  "WETH_viaUSDC": 6.2852404e-05,
  "diff_pct": 0.008814,
  "prefer": "viaUSDC",
  "pool": {
    "address_usdc": "0xca71156bFe3bBecb281B78BF8bd9C083D1db222b",
    "address_weth": "0x4F4F6a4f5A28420B57A49Fe5cc935b441BB52456",
    "krs_usdc": 1184.6566314261493,
    "usdc": 716.962602,
    "krs_weth": 807.7749291137154,
    "weth": 0.10041189512337273,
    "value_usd": 1629.01,
    "value_eth": 0.403017,
    "value_pln": 5942.4
  },
  "ETHPLN": 14744.76,
  "ETHUSD": 4042.04
}