{
  "USDC": 0.25407365,
  "WETH": 7.0419127e-05,
  "WETH_viaUSDC": 7.1856455e-05,
  "diff_pct": 0.020205,
  "prefer": "viaUSDC",
  "pool": {
    "address_usdc": "0xca71156bFe3bBecb281B78BF8bd9C083D1db222b",
    "address_weth": "0x4F4F6a4f5A28420B57A49Fe5cc935b441BB52456",
    "krs_usdc": 1186.163015874211,
    "usdc": 719.565597,
    "krs_weth": 501.5085446656538,
    "weth": 0.12161247856917244,
    "value_usd": 1578.36,
    "value_eth": 0.446388,
    "value_pln": 5776.07
  },
  "ETHPLN": 12939.57,
  "ETHUSD": 3535.85
}