{
  "WETH": 0.00011131,
  "USDC": 0.25509061,
  "pool": {
    "krs_usdc": 965.354879459566,
    "usdc": 767.385558,
    "krs_weth": 1664.2016019940193,
    "weth": 0.002060840577658298,
    "value_usd": 1013.82,
    "value_eth": 0.260849,
    "value_pln": 3699.91
  },
  "ETHPLN": 14184.1,
  "ETHUSD": 3886.63
}