{
  "USDC": 0.25451025,
  "WETH": 6.149715e-05,
  "WETH_viaUSDC": 6.1100594e-05,
  "diff_pct": 0.006469,
  "prefer": "viaUSDC",
  "pool": {
    "address_usdc": "0xca71156bFe3bBecb281B78BF8bd9C083D1db222b",
    "address_weth": "0x4F4F6a4f5A28420B57A49Fe5cc935b441BB52456",
    "krs_usdc": 1091.4845966088142,
    "usdc": 740.171625,
    "krs_weth": 900.9469639310506,
    "weth": 0.09447536475945213,
    "value_usd": 1640.8,
    "value_eth": 0.393908,
    "value_pln": 6038.34
  },
  "ETHPLN": 15329.31,
  "ETHUSD": 4165.43
}