{
  "USDC": 0.25371403,
  "WETH": 6.4934635e-05,
  "WETH_viaUSDC": 6.4546451e-05,
  "diff_pct": 0.005996,
  "prefer": "viaUSDC",
  "pool": {
    "address_usdc": "0xca71156bFe3bBecb281B78BF8bd9C083D1db222b",
    "address_weth": "0x4F4F6a4f5A28420B57A49Fe5cc935b441BB52456",
    "krs_usdc": 1254.792842566494,
    "usdc": 700.162585,
    "krs_weth": 737.6387179733706,
    "weth": 0.10516824151038681,
    "value_usd": 1619.06,
    "value_eth": 0.411898,
    "value_pln": 5915.23
  },
  "ETHPLN": 14360.9,
  "ETHUSD": 3930.72
}