{
  "WETH": 9.967e-05,
  "USDC": 0.25058419,
  "pool": {
    "krs_usdc": 1864.0591253144864,
    "usdc": 532.152373,
    "krs_weth": 705.4776631928527,
    "weth": 0.08325230464586297,
    "value_usd": 999.33,
    "value_eth": 0.398052,
    "value_pln": 3759.36
  },
  "ETHPLN": 9444.39,
  "ETHUSD": 2510.54
}