{
  "USDC": 0.25335581,
  "WETH": 6.650639e-05,
  "WETH_viaUSDC": 6.6217252e-05,
  "diff_pct": 0.004357,
  "prefer": "viaUSDC",
  "pool": {
    "address_usdc": "0xca71156bFe3bBecb281B78BF8bd9C083D1db222b",
    "address_weth": "0x4F4F6a4f5A28420B57A49Fe5cc935b441BB52456",
    "krs_usdc": 1326.8328038780467,
    "usdc": 681.716034,
    "krs_weth": 665.5987566618181,
    "weth": 0.10985546982200971,
    "value_usd": 1606.83,
    "value_eth": 0.419963,
    "value_pln": 5871.09
  },
  "ETHPLN": 13980.03,
  "ETHUSD": 3826.13
}