{
  "USDC": 0.25061235,
  "WETH": 6.1201813e-05,
  "WETH_viaUSDC": 6.2120866e-05,
  "diff_pct": 0.014905,
  "prefer": "viaUSDC",
  "pool": {
    "address_usdc": "0xca71156bFe3bBecb281B78BF8bd9C083D1db222b",
    "address_weth": "0x4F4F6a4f5A28420B57A49Fe5cc935b441BB52456",
    "krs_usdc": 1878.1396007706142,
    "usdc": 538.596183,
    "krs_weth": 471.29923466569954,
    "weth": 0.04814915454055111,
    "value_usd": 1321.64,
    "value_eth": 0.327604,
    "value_pln": 4799.96
  },
  "ETHPLN": 14651.73,
  "ETHUSD": 4034.27
}