{
  "USDC": 0.24883318,
  "WETH": 8.4688538e-05,
  "WETH_viaUSDC": 8.4904268e-05,
  "diff_pct": 0.002544,
  "prefer": "viaUSDC",
  "pool": {
    "address_usdc": "0xca71156bFe3bBecb281B78BF8bd9C083D1db222b",
    "address_weth": "0x4F4F6a4f5A28420B57A49Fe5cc935b441BB52456",
    "krs_usdc": 2298.003230206242,
    "usdc": 459.78129,
    "krs_weth": 3167.4661479408296,
    "weth": 0.5367520471214235,
    "value_usd": 3392.86,
    "value_eth": 1.157676,
    "value_pln": 12185.38
  },
  "ETHPLN": 10525.73,
  "ETHUSD": 2930.75
}