{
  "WETH": 9.957e-05,
  "USDC": 0.25054821,
  "pool": {
    "krs_usdc": 1871.282159300086,
    "usdc": 530.252578,
    "krs_weth": 698.2546292072532,
    "weth": 0.08394131119808092,
    "value_usd": 999.17,
    "value_eth": 0.398488,
    "value_pln": 3754.93
  },
  "ETHPLN": 9422.95,
  "ETHUSD": 2507.4
}