{
  "WETH": 9.438e-05,
  "USDC": 0.24867195,
  "pool": {
    "krs_usdc": 2268.1232472191778,
    "usdc": 435.532418,
    "krs_weth": 301.41354128816016,
    "weth": 0.12661444988104287,
    "value_usd": 999.58,
    "value_eth": 0.431879,
    "value_pln": 3652.85
  },
  "ETHPLN": 8458.03,
  "ETHUSD": 2314.49
}