{
  "WETH": 0.00010019,
  "USDC": 0.25074919,
  "pool": {
    "krs_usdc": 1826.787832620879,
    "usdc": 539.8132,
    "krs_weth": 742.7489558864611,
    "weth": 0.07885677097478531,
    "value_usd": 997.95,
    "value_eth": 0.39669,
    "value_pln": 3738.97
  },
  "ETHPLN": 9425.42,
  "ETHUSD": 2515.7
}