{
  "USDC": 0.25026761,
  "WETH": 8.2298603e-05,
  "WETH_viaUSDC": 8.2349794e-05,
  "diff_pct": 0.000622,
  "prefer": "viaUSDC",
  "pool": {
    "address_usdc": "0xca71156bFe3bBecb281B78BF8bd9C083D1db222b",
    "address_weth": "0x4F4F6a4f5A28420B57A49Fe5cc935b441BB52456",
    "krs_usdc": 1979.3818212620192,
    "usdc": 528.425342,
    "krs_weth": 3486.087556885052,
    "weth": 0.5065624616885736,
    "value_usd": 3435.74,
    "value_eth": 1.130519,
    "value_pln": 12585.26
  },
  "ETHPLN": 11132.28,
  "ETHUSD": 3039.08
}