{
  "USDC": 0.25237692,
  "WETH": 7.9693528e-05,
  "WETH_viaUSDC": 7.985171e-05,
  "diff_pct": 0.001983,
  "prefer": "viaUSDC",
  "pool": {
    "address_usdc": "0xca71156bFe3bBecb281B78BF8bd9C083D1db222b",
    "address_weth": "0x4F4F6a4f5A28420B57A49Fe5cc935b441BB52456",
    "krs_usdc": 1531.620373209404,
    "usdc": 633.049658,
    "krs_weth": 156.05118733046064,
    "weth": 0.14777770072806715,
    "value_usd": 1526.04,
    "value_eth": 0.482837,
    "value_pln": 5555.04
  },
  "ETHPLN": 11504.99,
  "ETHUSD": 3160.57
}