{
  "USDC": 0.24582787,
  "WETH": 8.9895161e-05,
  "WETH_viaUSDC": 9.0244519e-05,
  "diff_pct": 0.003879,
  "prefer": "viaUSDC",
  "pool": {
    "address_usdc": "0xca71156bFe3bBecb281B78BF8bd9C083D1db222b",
    "address_weth": "0x4F4F6a4f5A28420B57A49Fe5cc935b441BB52456",
    "krs_usdc": 2901.4490586582574,
    "usdc": 297.122289,
    "krs_weth": 2564.020319488814,
    "weth": 0.5848089397964117,
    "value_usd": 3233.72,
    "value_eth": 1.187113,
    "value_pln": 11890.87
  },
  "ETHPLN": 10016.63,
  "ETHUSD": 2724.02
}