{
  "WETH": 0.00010007,
  "USDC": 0.25073802,
  "pool": {
    "krs_usdc": 1832.7811579677696,
    "usdc": 540.166928,
    "krs_weth": 736.7556305395697,
    "weth": 0.08018988199459354,
    "value_usd": 999.79,
    "value_eth": 0.398475,
    "value_pln": 3738.45
  },
  "ETHPLN": 9381.9,
  "ETHUSD": 2509.04
}