{
  "WETH": 9.636e-05,
  "USDC": 0.24946373,
  "pool": {
    "krs_usdc": 2108.0161711633095,
    "usdc": 477.525889,
    "krs_weth": 461.52061734402827,
    "weth": 0.11071216394549359,
    "value_usd": 1003.44,
    "value_eth": 0.417163,
    "value_pln": 3611.61
  },
  "ETHPLN": 8657.55,
  "ETHUSD": 2405.4
}