{
  "USDC": 0.24904487,
  "WETH": 8.4559101e-05,
  "WETH_viaUSDC": 8.4398244e-05,
  "diff_pct": 0.001904,
  "prefer": "viaUSDC",
  "pool": {
    "address_usdc": "0xca71156bFe3bBecb281B78BF8bd9C083D1db222b",
    "address_weth": "0x4F4F6a4f5A28420B57A49Fe5cc935b441BB52456",
    "krs_usdc": 2268.5129999428705,
    "usdc": 474.3713,
    "krs_weth": 3196.956378204201,
    "weth": 0.536658378316763,
    "value_usd": 3419.11,
    "value_eth": 1.158693,
    "value_pln": 11983.2
  },
  "ETHPLN": 10342.0,
  "ETHUSD": 2950.83
}