{
  "WETH": 0.00010527,
  "USDC": 0.25262448,
  "pool": {
    "krs_usdc": 1442.8160625019823,
    "usdc": 636.065222,
    "krs_weth": 1126.7207260053583,
    "weth": 0.04131913986028213,
    "value_usd": 1000.67,
    "value_eth": 0.37608,
    "value_pln": 3733.1
  },
  "ETHPLN": 9926.35,
  "ETHUSD": 2660.8
}