{
  "USDC": 0.25051938,
  "WETH": 6.1958062e-05,
  "WETH_viaUSDC": 6.2144342e-05,
  "diff_pct": 0.003002,
  "prefer": "viaUSDC",
  "pool": {
    "address_usdc": "0xca71156bFe3bBecb281B78BF8bd9C083D1db222b",
    "address_weth": "0x4F4F6a4f5A28420B57A49Fe5cc935b441BB52456",
    "krs_usdc": 1897.4975396054365,
    "usdc": 533.862333,
    "krs_weth": 451.9412958308772,
    "weth": 0.049370217240450785,
    "value_usd": 1321.47,
    "value_eth": 0.327806,
    "value_pln": 4818.25
  },
  "ETHPLN": 14698.51,
  "ETHUSD": 4031.25
}