{
  "USDC": 0.24675436,
  "WETH": 8.804852e-05,
  "WETH_viaUSDC": 8.8516028e-05,
  "diff_pct": 0.005296,
  "prefer": "viaUSDC",
  "pool": {
    "address_usdc": "0xca71156bFe3bBecb281B78BF8bd9C083D1db222b",
    "address_weth": "0x4F4F6a4f5A28420B57A49Fe5cc935b441BB52456",
    "krs_usdc": 2704.3624556570844,
    "usdc": 344.918485,
    "krs_weth": 2761.106922489987,
    "weth": 0.5670045226104776,
    "value_usd": 3274.17,
    "value_eth": 1.174516,
    "value_pln": 12010.08
  },
  "ETHPLN": 10225.56,
  "ETHUSD": 2787.68
}