{
  "USDC": 0.25006141,
  "WETH": 8.2427462e-05,
  "WETH_viaUSDC": 8.1830125e-05,
  "diff_pct": 0.007273,
  "prefer": "viaUSDC",
  "pool": {
    "address_usdc": "0xca71156bFe3bBecb281B78BF8bd9C083D1db222b",
    "address_weth": "0x4F4F6a4f5A28420B57A49Fe5cc935b441BB52456",
    "krs_usdc": 2010.46768559758,
    "usdc": 514.94951,
    "krs_weth": 3454.9052172078286,
    "weth": 0.5072102435743382,
    "value_usd": 3431.59,
    "value_eth": 1.122955,
    "value_pln": 12530.49
  },
  "ETHPLN": 11158.5,
  "ETHUSD": 3055.86
}