{
  "WETH": 0.0001003,
  "USDC": 0.25086414,
  "pool": {
    "krs_usdc": 1811.128833868468,
    "usdc": 547.739037,
    "krs_weth": 758.4079546388706,
    "weth": 0.0788596263282346,
    "value_usd": 1002.16,
    "value_eth": 0.399069,
    "value_pln": 3704.55
  },
  "ETHPLN": 9282.97,
  "ETHUSD": 2511.25
}