{
  "USDC": 0.25466889,
  "WETH": 7.7108306e-05,
  "WETH_viaUSDC": 7.7437556e-05,
  "diff_pct": 0.004261,
  "prefer": "viaUSDC",
  "pool": {
    "address_usdc": "0xca71156bFe3bBecb281B78BF8bd9C083D1db222b",
    "address_weth": "0x4F4F6a4f5A28420B57A49Fe5cc935b441BB52456",
    "krs_usdc": 1113.733620001299,
    "usdc": 761.862256,
    "krs_weth": 4351.735758145773,
    "weth": 0.442371627613195,
    "value_usd": 3608.57,
    "value_eth": 1.097265,
    "value_pln": 13110.77
  },
  "ETHPLN": 11948.59,
  "ETHUSD": 3288.7
}