{
  "USDC": 0.25149521,
  "WETH": 5.4771703e-05,
  "WETH_viaUSDC": 5.4444796e-05,
  "diff_pct": 0.005986,
  "prefer": "viaUSDC",
  "pool": {
    "address_usdc": "0xca71156bFe3bBecb281B78BF8bd9C083D1db222b",
    "address_weth": "0x4F4F6a4f5A28420B57A49Fe5cc935b441BB52456",
    "krs_usdc": 1696.5816617325204,
    "usdc": 583.940707,
    "krs_weth": 452.85717370379336,
    "weth": 0.026004465581159503,
    "value_usd": 1244.64,
    "value_eth": 0.269444,
    "value_pln": 4506.47
  },
  "ETHPLN": 16725.05,
  "ETHUSD": 4619.27
}