{
  "USDC": 0.2403833,
  "WETH": 0.000103211843,
  "WETH_viaUSDC": 0.000111599079,
  "diff_pct": 0.078089,
  "prefer": "viaUSDC",
  "pool": {
    "address_usdc": "0xca71156bFe3bBecb281B78BF8bd9C083D1db222b",
    "address_weth": "0x4F4F6a4f5A28420B57A49Fe5cc935b441BB52456",
    "krs_usdc": 4122.73997492369,
    "usdc": 24.471505,
    "krs_weth": 1342.729403223381,
    "weth": 0.7113406819151199,
    "value_usd": 2870.5,
    "value_eth": 1.332643,
    "value_pln": 10590.54
  },
  "ETHPLN": 7947.02,
  "ETHUSD": 2153.99
}