{
  "USDC": 0.25337934,
  "WETH": 7.3940454e-05,
  "WETH_viaUSDC": 7.4469673e-05,
  "diff_pct": 0.007132,
  "prefer": "viaUSDC",
  "pool": {
    "address_usdc": "0xca71156bFe3bBecb281B78BF8bd9C083D1db222b",
    "address_weth": "0x4F4F6a4f5A28420B57A49Fe5cc935b441BB52456",
    "krs_usdc": 1326.0296181496208,
    "usdc": 683.925017,
    "krs_weth": 361.64194239024397,
    "weth": 0.1316614589375938,
    "value_usd": 1559.52,
    "value_eth": 0.458351,
    "value_pln": 5719.75
  },
  "ETHPLN": 12478.96,
  "ETHUSD": 3402.45
}