{
  "USDC": 0.24857757,
  "WETH": 8.5367206e-05,
  "WETH_viaUSDC": 8.5468251e-05,
  "diff_pct": 0.001183,
  "prefer": "viaUSDC",
  "pool": {
    "address_usdc": "0xca71156bFe3bBecb281B78BF8bd9C083D1db222b",
    "address_weth": "0x4F4F6a4f5A28420B57A49Fe5cc935b441BB52456",
    "krs_usdc": 2363.6501774773265,
    "usdc": 449.700048,
    "krs_weth": 3101.819200669745,
    "weth": 0.544398566450236,
    "value_usd": 3391.63,
    "value_eth": 1.166143,
    "value_pln": 12157.13
  },
  "ETHPLN": 10425.08,
  "ETHUSD": 2908.42
}