{
  "USDC": 0.25161447,
  "WETH": 8.0844692e-05,
  "WETH_viaUSDC": 8.1262424e-05,
  "diff_pct": 0.005154,
  "prefer": "viaUSDC",
  "pool": {
    "address_usdc": "0xca71156bFe3bBecb281B78BF8bd9C083D1db222b",
    "address_weth": "0x4F4F6a4f5A28420B57A49Fe5cc935b441BB52456",
    "krs_usdc": 1728.1277327804787,
    "usdc": 604.111924,
    "krs_weth": 3737.3416453665927,
    "weth": 0.49019131821135725,
    "value_usd": 3497.09,
    "value_eth": 1.129435,
    "value_pln": 12606.2
  },
  "ETHPLN": 11161.51,
  "ETHUSD": 3096.32
}