{
  "WETH": 9.18e-05,
  "USDC": 0.24769343,
  "pool": {
    "krs_usdc": 2473.007794489995,
    "usdc": 385.022838,
    "krs_weth": 96.52899401734311,
    "weth": 0.14877422172523042,
    "value_usd": 997.58,
    "value_eth": 0.442782,
    "value_pln": 3700.42
  },
  "ETHPLN": 8357.2,
  "ETHUSD": 2252.98
}