{
  "WETH": 9.976e-05,
  "USDC": 0.25058853,
  "pool": {
    "krs_usdc": 1860.0265990493326,
    "usdc": 531.586591,
    "krs_weth": 709.5101894580072,
    "weth": 0.08222337060868429,
    "value_usd": 997.76,
    "value_eth": 0.400716,
    "value_pln": 3737.7
  },
  "ETHPLN": 9327.56,
  "ETHUSD": 2489.94
}