{
  "WETH": 0.00010173,
  "USDC": 0.25139672,
  "pool": {
    "krs_usdc": 1701.5496444778157,
    "usdc": 575.062091,
    "krs_weth": 867.9871440295233,
    "weth": 0.06793434758762408,
    "value_usd": 1002.91,
    "value_eth": 0.389447,
    "value_pln": 3705.74
  },
  "ETHPLN": 9515.41,
  "ETHUSD": 2575.23
}