{
  "WETH": 9.164e-05,
  "USDC": 0.24762944,
  "pool": {
    "krs_usdc": 2486.1090576719903,
    "usdc": 381.632297,
    "krs_weth": 83.42773083534806,
    "weth": 0.15013833625611042,
    "value_usd": 997.27,
    "value_eth": 0.443093,
    "value_pln": 3704.05
  },
  "ETHPLN": 8359.54,
  "ETHUSD": 2250.71
}