{
  "USDC": 0.25508953,
  "WETH": 7.6609189e-05,
  "WETH_viaUSDC": 7.5872985e-05,
  "diff_pct": 0.009656,
  "prefer": "viaUSDC",
  "pool": {
    "address_usdc": "0xca71156bFe3bBecb281B78BF8bd9C083D1db222b",
    "address_weth": "0x4F4F6a4f5A28420B57A49Fe5cc935b441BB52456",
    "krs_usdc": 1029.1377264084385,
    "usdc": 783.295383,
    "krs_weth": 4436.331651738633,
    "weth": 0.43583094843686876,
    "value_usd": 3642.77,
    "value_eth": 1.083493,
    "value_pln": 13282.24
  },
  "ETHPLN": 12258.72,
  "ETHUSD": 3362.06
}