{
  "WETH": 0.00010014,
  "USDC": 0.25053707
}