{
  "WETH": 9.748e-05,
  "USDC": 0.24986723,
  "pool": {
    "krs_usdc": 2022.4706578232388,
    "usdc": 497.838841,
    "krs_weth": 547.0661306840991,
    "weth": 0.10145671105018478,
    "value_usd": 1003.24,
    "value_eth": 0.411422,
    "value_pln": 3659.69
  },
  "ETHPLN": 8895.22,
  "ETHUSD": 2438.47
}