{
  "WETH": 0.00011131,
  "USDC": 0.2552013,
  "pool": {
    "krs_usdc": 943.2286534291508,
    "usdc": 773.047964,
    "krs_weth": 1674.1259805619736,
    "weth": 0.002079670923399771,
    "value_usd": 1013.95,
    "value_eth": 0.222323,
    "value_pln": 3693.36
  },
  "ETHPLN": 16612.62,
  "ETHUSD": 4560.7
}