{
  "USDC": 0.25205487,
  "WETH": 8.0342246e-05,
  "WETH_viaUSDC": 8.0820492e-05,
  "diff_pct": 0.005935,
  "prefer": "viaUSDC",
  "pool": {
    "address_usdc": "0xca71156bFe3bBecb281B78BF8bd9C083D1db222b",
    "address_weth": "0x4F4F6a4f5A28420B57A49Fe5cc935b441BB52456",
    "krs_usdc": 1643.3987119053957,
    "usdc": 628.069688,
    "krs_weth": 3822.070666241676,
    "weth": 0.4841863056106704,
    "value_usd": 3515.7,
    "value_eth": 1.127297,
    "value_pln": 12712.64
  },
  "ETHPLN": 11277.1,
  "ETHUSD": 3118.7
}