{
  "USDC": 0.25462411,
  "WETH": 6.1177253e-05,
  "WETH_viaUSDC": 6.1727507e-05,
  "diff_pct": 0.008954,
  "prefer": "viaUSDC",
  "pool": {
    "address_usdc": "0xca71156bFe3bBecb281B78BF8bd9C083D1db222b",
    "address_weth": "0x4F4F6a4f5A28420B57A49Fe5cc935b441BB52456",
    "krs_usdc": 1071.9579543523512,
    "usdc": 746.844783,
    "krs_weth": 920.4736061875136,
    "weth": 0.09369651497492615,
    "value_usd": 1640.66,
    "value_eth": 0.397739,
    "value_pln": 5964.29
  },
  "ETHPLN": 14995.48,
  "ETHUSD": 4124.97
}