{
  "WETH": 0.00010287,
  "USDC": 0.25183563,
  "pool": {
    "krs_usdc": 1613.491582445168,
    "usdc": 598.058269,
    "krs_weth": 956.0452060621708,
    "weth": 0.059652892478651985,
    "value_usd": 1004.49,
    "value_eth": 0.389622,
    "value_pln": 3720.32
  },
  "ETHPLN": 9548.54,
  "ETHUSD": 2578.12
}