{
  "WETH": 0.00010416,
  "USDC": 0.25226502,
  "pool": {
    "krs_usdc": 1520.8759709640071,
    "usdc": 618.847239,
    "krs_weth": 1048.660817543332,
    "weth": 0.04973124725341278,
    "value_usd": 1002.62,
    "value_eth": 0.378756,
    "value_pln": 3748.97
  },
  "ETHPLN": 9898.11,
  "ETHUSD": 2647.14
}