{
  "USDC": 0.25167155,
  "WETH": 8.051501e-05,
  "WETH_viaUSDC": 7.9579686e-05,
  "diff_pct": 0.011685,
  "prefer": "viaUSDC",
  "pool": {
    "address_usdc": "0xca71156bFe3bBecb281B78BF8bd9C083D1db222b",
    "address_weth": "0x4F4F6a4f5A28420B57A49Fe5cc935b441BB52456",
    "krs_usdc": 1696.2387535026116,
    "usdc": 601.97313,
    "krs_weth": 3769.2306246444596,
    "weth": 0.48433423437545203,
    "value_usd": 3509.19,
    "value_eth": 1.109621,
    "value_pln": 12750.7
  },
  "ETHPLN": 11491.04,
  "ETHUSD": 3162.51
}