{
  "WETH": 0.00010639,
  "USDC": 0.25302475,
  "pool": {
    "krs_usdc": 1360.427588039109,
    "usdc": 656.313919,
    "krs_weth": 1209.1092004682318,
    "weth": 0.03331716611132597,
    "value_usd": 1000.66,
    "value_eth": 0.373233,
    "value_pln": 3749.9
  },
  "ETHPLN": 10047.06,
  "ETHUSD": 2681.07
}