{
  "USDC": 0.25188754,
  "WETH": 8.050344e-05,
  "WETH_viaUSDC": 8.084824e-05,
  "diff_pct": 0.004274,
  "prefer": "viaUSDC",
  "pool": {
    "address_usdc": "0xca71156bFe3bBecb281B78BF8bd9C083D1db222b",
    "address_weth": "0x4F4F6a4f5A28420B57A49Fe5cc935b441BB52456",
    "krs_usdc": 1673.2658678066184,
    "usdc": 618.384835,
    "krs_weth": 3792.203510340453,
    "weth": 0.4859135196970596,
    "value_usd": 3508.96,
    "value_eth": 1.12627,
    "value_pln": 12637.84
  },
  "ETHPLN": 11220.97,
  "ETHUSD": 3115.56
}