{
  "WETH": 0.00010075,
  "USDC": 0.25096104,
  "pool": {
    "krs_usdc": 1783.6847310247642,
    "usdc": 550.827478,
    "krs_weth": 785.8520574825757,
    "weth": 0.07464673352147752,
    "value_usd": 998.54,
    "value_eth": 0.393203,
    "value_pln": 3752.43
  },
  "ETHPLN": 9543.24,
  "ETHUSD": 2539.51
}