{
  "WETH": 9.606e-05,
  "USDC": 0.24932505,
  "pool": {
    "krs_usdc": 2134.1085303959626,
    "usdc": 469.700859,
    "krs_weth": 435.42825811137567,
    "weth": 0.11288046142294268,
    "value_usd": 1001.83,
    "value_eth": 0.418403,
    "value_pln": 3684.75
  },
  "ETHPLN": 8806.68,
  "ETHUSD": 2394.41
}