{
  "USDC": 0.25412265,
  "WETH": 5.6267173e-05,
  "WETH_viaUSDC": 5.6698748e-05,
  "diff_pct": 0.007641,
  "prefer": "viaUSDC",
  "pool": {
    "address_usdc": "0xca71156bFe3bBecb281B78BF8bd9C083D1db222b",
    "address_weth": "0x4F4F6a4f5A28420B57A49Fe5cc935b441BB52456",
    "krs_usdc": 1166.6719797951396,
    "usdc": 719.635289,
    "krs_weth": 1180.266855641174,
    "weth": 0.07777464218573674,
    "value_usd": 1664.63,
    "value_eth": 0.371405,
    "value_pln": 6052.03
  },
  "ETHPLN": 16294.95,
  "ETHUSD": 4481.98
}