{
  "WETH": 9.745e-05,
  "USDC": 0.24986283,
  "pool": {
    "krs_usdc": 2024.1666320185118,
    "usdc": 497.808182,
    "krs_weth": 545.3701564888258,
    "weth": 0.10179181394342925,
    "value_usd": 1003.63,
    "value_eth": 0.410706,
    "value_pln": 3639.31
  },
  "ETHPLN": 8861.12,
  "ETHUSD": 2443.66
}