{
  "WETH": 9.877e-05,
  "USDC": 0.25024562,
  "pool": {
    "krs_usdc": 1933.4985044695698,
    "usdc": 514.626923,
    "krs_weth": 636.0382840377692,
    "weth": 0.09019611959715326,
    "value_usd": 998.54,
    "value_eth": 0.402207,
    "value_pln": 3757.24
  },
  "ETHPLN": 9341.55,
  "ETHUSD": 2482.65
}