{
  "USDC": 0.24808847,
  "WETH": 8.5505271e-05,
  "WETH_viaUSDC": 8.6062042e-05,
  "diff_pct": 0.00649,
  "prefer": "viaUSDC",
  "pool": {
    "address_usdc": "0xca71156bFe3bBecb281B78BF8bd9C083D1db222b",
    "address_weth": "0x4F4F6a4f5A28420B57A49Fe5cc935b441BB52456",
    "krs_usdc": 2422.4789455037967,
    "usdc": 413.57582,
    "krs_weth": 3042.893957301612,
    "weth": 0.5421779181331056,
    "value_usd": 3332.39,
    "value_eth": 1.156009,
    "value_pln": 12240.06
  },
  "ETHPLN": 10588.21,
  "ETHUSD": 2882.67
}