{
  "USDC": 0.25588225,
  "WETH": 5.8896356e-05,
  "WETH_viaUSDC": 5.904162e-05,
  "diff_pct": 0.002463,
  "prefer": "viaUSDC",
  "pool": {
    "address_usdc": "0xca71156bFe3bBecb281B78BF8bd9C083D1db222b",
    "address_weth": "0x4F4F6a4f5A28420B57A49Fe5cc935b441BB52456",
    "krs_usdc": 813.1330768160053,
    "usdc": 809.293701,
    "krs_weth": 533.8057586203084,
    "weth": 0.044453906649411984,
    "value_usd": 1346.61,
    "value_eth": 0.310714,
    "value_pln": 4887.43
  },
  "ETHPLN": 15729.7,
  "ETHUSD": 4333.93
}