{
  "WETH": 0.00010038,
  "USDC": 0.25089789,
  "pool": {
    "krs_usdc": 1804.4331468684798,
    "usdc": 549.536831,
    "krs_weth": 765.1036416388589,
    "weth": 0.07823910401341647,
    "value_usd": 1002.34,
    "value_eth": 0.399182,
    "value_pln": 3704.28
  },
  "ETHPLN": 9279.68,
  "ETHUSD": 2510.99
}