{
  "WETH": 0.00011028,
  "USDC": 0.25452153,
  "pool": {
    "krs_usdc": 1065.890556069222,
    "usdc": 734.880283,
    "krs_weth": 1503.6462324381173,
    "weth": 0.007551199797729929,
    "value_usd": 1006.34,
    "value_eth": 0.357919,
    "value_pln": 3725.28
  },
  "ETHPLN": 10408.17,
  "ETHUSD": 2811.64
}