{
  "USDC": 0.2512652,
  "WETH": 5.7035545e-05,
  "WETH_viaUSDC": 5.664842e-05,
  "diff_pct": 0.006811,
  "prefer": "viaUSDC",
  "pool": {
    "address_usdc": "0xca71156bFe3bBecb281B78BF8bd9C083D1db222b",
    "address_weth": "0x4F4F6a4f5A28420B57A49Fe5cc935b441BB52456",
    "krs_usdc": 1743.5971503435392,
    "usdc": 572.08638,
    "krs_weth": 405.8416850927745,
    "weth": 0.028624379548544222,
    "value_usd": 1239.13,
    "value_eth": 0.279365,
    "value_pln": 4493.29
  },
  "ETHPLN": 16083.95,
  "ETHUSD": 4435.52
}