{
  "USDC": 0.25121086,
  "WETH": 5.7576991e-05,
  "WETH_viaUSDC": 5.7150398e-05,
  "diff_pct": 0.007437,
  "prefer": "viaUSDC",
  "pool": {
    "address_usdc": "0xca71156bFe3bBecb281B78BF8bd9C083D1db222b",
    "address_weth": "0x4F4F6a4f5A28420B57A49Fe5cc935b441BB52456",
    "krs_usdc": 1754.5716718641465,
    "usdc": 569.249282,
    "krs_weth": 394.86716357216727,
    "weth": 0.029234987564692786,
    "value_usd": 1237.72,
    "value_eth": 0.28158,
    "value_pln": 4499.5
  },
  "ETHPLN": 15979.46,
  "ETHUSD": 4395.61
}