{
  "USDC": 0.24891128,
  "WETH": 8.451834e-05,
  "WETH_viaUSDC": 8.5531818e-05,
  "diff_pct": 0.01192,
  "prefer": "viaUSDC",
  "pool": {
    "address_usdc": "0xca71156bFe3bBecb281B78BF8bd9C083D1db222b",
    "address_weth": "0x4F4F6a4f5A28420B57A49Fe5cc935b441BB52456",
    "krs_usdc": 2280.01946806847,
    "usdc": 463.383056,
    "krs_weth": 3185.4499100786015,
    "weth": 0.5349343140345081,
    "value_usd": 3380.54,
    "value_eth": 1.161635,
    "value_pln": 12131.68
  },
  "ETHPLN": 10443.62,
  "ETHUSD": 2910.16
}