{
  "USDC": 0.24937971,
  "WETH": 8.3353262e-05,
  "WETH_viaUSDC": 8.3139042e-05,
  "diff_pct": 0.002573,
  "prefer": "viaUSDC",
  "pool": {
    "address_usdc": "0xca71156bFe3bBecb281B78BF8bd9C083D1db222b",
    "address_weth": "0x4F4F6a4f5A28420B57A49Fe5cc935b441BB52456",
    "krs_usdc": 2151.2020596799853,
    "usdc": 479.699524,
    "krs_weth": 3314.170843125423,
    "weth": 0.5188405888626377,
    "value_usd": 3398.94,
    "value_eth": 1.13315,
    "value_pln": 12412.62
  },
  "ETHPLN": 10954.08,
  "ETHUSD": 2999.55
}