{
  "WETH": 9.943e-05,
  "USDC": 0.25056492,
  "pool": {
    "krs_usdc": 1874.9719055258192,
    "usdc": 532.909529,
    "krs_weth": 694.564882981519,
    "weth": 0.08571851910303795,
    "value_usd": 1002.78,
    "value_eth": 0.401185,
    "value_pln": 3738.27
  },
  "ETHPLN": 9318.07,
  "ETHUSD": 2499.55
}