{
  "USDC": 0.25303326,
  "WETH": 6.8069339e-05,
  "WETH_viaUSDC": 6.8288994e-05,
  "diff_pct": 0.003222,
  "prefer": "viaUSDC",
  "pool": {
    "address_usdc": "0xca71156bFe3bBecb281B78BF8bd9C083D1db222b",
    "address_weth": "0x4F4F6a4f5A28420B57A49Fe5cc935b441BB52456",
    "krs_usdc": 1393.895901946649,
    "usdc": 665.618463,
    "krs_weth": 598.5356585932157,
    "weth": 0.11459690060206722,
    "value_usd": 1594.39,
    "value_eth": 0.430296,
    "value_pln": 5887.84
  },
  "ETHPLN": 13683.22,
  "ETHUSD": 3705.33
}