{
  "USDC": 0.25398898,
  "WETH": 7.7857409e-05,
  "WETH_viaUSDC": 7.8149253e-05,
  "diff_pct": 0.003741,
  "prefer": "viaUSDC",
  "pool": {
    "address_usdc": "0xca71156bFe3bBecb281B78BF8bd9C083D1db222b",
    "address_weth": "0x4F4F6a4f5A28420B57A49Fe5cc935b441BB52456",
    "krs_usdc": 1245.0258319411932,
    "usdc": 725.686336,
    "krs_weth": 4220.443546205878,
    "weth": 0.45169014713166605,
    "value_usd": 3581.87,
    "value_eth": 1.102097,
    "value_pln": 12896.3
  },
  "ETHPLN": 11701.6,
  "ETHUSD": 3250.05
}