{
  "USDC": 0.25252611,
  "WETH": 7.967454e-05,
  "WETH_viaUSDC": 7.9745002e-05,
  "diff_pct": 0.000884,
  "prefer": "viaUSDC",
  "pool": {
    "address_usdc": "0xca71156bFe3bBecb281B78BF8bd9C083D1db222b",
    "address_weth": "0x4F4F6a4f5A28420B57A49Fe5cc935b441BB52456",
    "krs_usdc": 1541.9888972121498,
    "usdc": 650.891155,
    "krs_weth": 3923.4804809349216,
    "weth": 0.47520733174852786,
    "value_usd": 3535.89,
    "value_eth": 1.116596,
    "value_pln": 12734.64
  },
  "ETHPLN": 11404.88,
  "ETHUSD": 3166.67
}