{
  "USDC": 0.24925993,
  "WETH": 8.4174842e-05,
  "WETH_viaUSDC": 8.3435962e-05,
  "diff_pct": 0.008817,
  "prefer": "viaUSDC",
  "pool": {
    "address_usdc": "0xca71156bFe3bBecb281B78BF8bd9C083D1db222b",
    "address_weth": "0x4F4F6a4f5A28420B57A49Fe5cc935b441BB52456",
    "krs_usdc": 2223.8282618597686,
    "usdc": 485.471208,
    "krs_weth": 3241.641116287303,
    "weth": 0.532877128316763,
    "value_usd": 3439.73,
    "value_eth": 1.151398,
    "value_pln": 12050.76
  },
  "ETHPLN": 10466.2,
  "ETHUSD": 2987.44
}