{
  "WETH": 0.00010011,
  "USDC": 0.25082107,
  "pool": {
    "krs_usdc": 1822.6233743666342,
    "usdc": 546.185796,
    "krs_weth": 746.913414140704,
    "weth": 0.0805326338735974,
    "value_usd": 1003.41,
    "value_eth": 0.39914,
    "value_pln": 3721.81
  },
  "ETHPLN": 9324.58,
  "ETHUSD": 2513.94
}