{
  "USDC": 0.25012249,
  "WETH": 8.2569734e-05,
  "WETH_viaUSDC": 8.2677468e-05,
  "diff_pct": 0.001304,
  "prefer": "viaUSDC",
  "pool": {
    "address_usdc": "0xca71156bFe3bBecb281B78BF8bd9C083D1db222b",
    "address_weth": "0x4F4F6a4f5A28420B57A49Fe5cc935b441BB52456",
    "krs_usdc": 2015.0893213531322,
    "usdc": 522.38519,
    "krs_weth": 3450.3800567939393,
    "weth": 0.5104650059607121,
    "value_usd": 3433.72,
    "value_eth": 1.13501,
    "value_pln": 12480.54
  },
  "ETHPLN": 10995.98,
  "ETHUSD": 3025.28
}