{
  "USDC": 0.24715497,
  "WETH": 8.772154e-05,
  "WETH_viaUSDC": 8.7660704e-05,
  "diff_pct": 0.000694,
  "prefer": "viaUSDC",
  "pool": {
    "address_usdc": "0xca71156bFe3bBecb281B78BF8bd9C083D1db222b",
    "address_weth": "0x4F4F6a4f5A28420B57A49Fe5cc935b441BB52456",
    "krs_usdc": 2644.3410903965405,
    "usdc": 371.76447,
    "krs_weth": 2821.128287750531,
    "weth": 0.5658756127558181,
    "value_usd": 3318.04,
    "value_eth": 1.17684,
    "value_pln": 11894.39
  },
  "ETHPLN": 10107.06,
  "ETHUSD": 2819.45
}