{
  "USDC": 0.2403821,
  "WETH": 0.000103909444,
  "WETH_viaUSDC": 0.000145452517,
  "diff_pct": 0.333195,
  "prefer": "viaUSDC",
  "pool": {
    "address_usdc": "0xca71156bFe3bBecb281B78BF8bd9C083D1db222b",
    "address_weth": "0x4F4F6a4f5A28420B57A49Fe5cc935b441BB52456",
    "krs_usdc": 4128.314013375548,
    "usdc": 25.688286,
    "krs_weth": 1288.3750433424743,
    "weth": 0.7179836185963303,
    "value_usd": 2514.34,
    "value_eth": 1.521398,
    "value_pln": 9258.36
  },
  "ETHPLN": 6085.43,
  "ETHUSD": 1652.65
}