{
  "USDC": 0.25028014,
  "WETH": 8.2529801e-05,
  "WETH_viaUSDC": 8.2006093e-05,
  "diff_pct": 0.006366,
  "prefer": "viaUSDC",
  "pool": {
    "address_usdc": "0xca71156bFe3bBecb281B78BF8bd9C083D1db222b",
    "address_weth": "0x4F4F6a4f5A28420B57A49Fe5cc935b441BB52456",
    "krs_usdc": 1995.7896748071553,
    "usdc": 533.829592,
    "krs_weth": 3469.679703339916,
    "weth": 0.5110408534230714,
    "value_usd": 3461.41,
    "value_eth": 1.134156,
    "value_pln": 12425.38
  },
  "ETHPLN": 10955.62,
  "ETHUSD": 3051.97
}