{
  "USDC": 0.24719503,
  "WETH": 8.7619896e-05,
  "WETH_viaUSDC": 8.7475727e-05,
  "diff_pct": 0.001647,
  "prefer": "viaUSDC",
  "pool": {
    "address_usdc": "0xca71156bFe3bBecb281B78BF8bd9C083D1db222b",
    "address_weth": "0x4F4F6a4f5A28420B57A49Fe5cc935b441BB52456",
    "krs_usdc": 2634.5483139505636,
    "usdc": 373.500463,
    "krs_weth": 2830.921064196508,
    "weth": 0.5647771093471163,
    "value_usd": 3320.52,
    "value_eth": 1.175045,
    "value_pln": 11913.66
  },
  "ETHPLN": 10138.9,
  "ETHUSD": 2825.87
}