{
  "WETH": 9.848e-05,
  "USDC": 0.25025822,
  "pool": {
    "krs_usdc": 1943.3184772223544,
    "usdc": 518.392557,
    "krs_weth": 626.2183112849832,
    "weth": 0.09368883413817093,
    "value_usd": 1004.79,
    "value_eth": 0.407636,
    "value_pln": 3632.62
  },
  "ETHPLN": 8911.43,
  "ETHUSD": 2464.91
}