{
  "USDC": 0.24881522,
  "WETH": 8.4603563e-05,
  "WETH_viaUSDC": 8.5107805e-05,
  "diff_pct": 0.005942,
  "prefer": "viaUSDC",
  "pool": {
    "address_usdc": "0xca71156bFe3bBecb281B78BF8bd9C083D1db222b",
    "address_weth": "0x4F4F6a4f5A28420B57A49Fe5cc935b441BB52456",
    "krs_usdc": 2294.9464830877264,
    "usdc": 457.161576,
    "krs_weth": 3170.522895059345,
    "weth": 0.535344417073926,
    "value_usd": 3382.15,
    "value_eth": 1.156872,
    "value_pln": 12162.27
  },
  "ETHPLN": 10513.07,
  "ETHUSD": 2923.53
}