{
  "WETH": 0.00010075,
  "USDC": 0.25103433,
  "pool": {
    "krs_usdc": 1776.1448288749523,
    "usdc": 556.491908,
    "krs_weth": 793.3919596323866,
    "weth": 0.07536896667365618,
    "value_usd": 1002.45,
    "value_eth": 0.39864,
    "value_pln": 3706.69
  },
  "ETHPLN": 9298.32,
  "ETHUSD": 2514.66
}