{
  "WETH": 9.68e-05,
  "USDC": 0.24960281,
  "pool": {
    "krs_usdc": 2076.4426863591807,
    "usdc": 484.012875,
    "krs_weth": 493.0941021481574,
    "weth": 0.1068696889567161,
    "value_usd": 1002.35,
    "value_eth": 0.413402,
    "value_pln": 3693.81
  },
  "ETHPLN": 8935.15,
  "ETHUSD": 2424.63
}