{
  "USDC": 0.25139917,
  "WETH": 5.5719267e-05,
  "WETH_viaUSDC": 5.5611164e-05,
  "diff_pct": 0.001942,
  "prefer": "viaUSDC",
  "pool": {
    "address_usdc": "0xca71156bFe3bBecb281B78BF8bd9C083D1db222b",
    "address_weth": "0x4F4F6a4f5A28420B57A49Fe5cc935b441BB52456",
    "krs_usdc": 1716.407432572677,
    "usdc": 579.041893,
    "krs_weth": 433.03140286363674,
    "weth": 0.027118571601935662,
    "value_usd": 1242.0,
    "value_eth": 0.274739,
    "value_pln": 4472.22
  },
  "ETHPLN": 16278.05,
  "ETHUSD": 4520.66
}