{
  "WETH": 0.00010943,
  "USDC": 0.25420909,
  "pool": {
    "krs_usdc": 1128.406945382236,
    "usdc": 718.814504,
    "krs_weth": 1441.1298431251032,
    "weth": 0.01318390546872,
    "value_usd": 1005.82,
    "value_eth": 0.363444,
    "value_pln": 3751.67
  },
  "ETHPLN": 10322.56,
  "ETHUSD": 2767.48
}