{
  "WETH": 0.00010299,
  "USDC": 0.25179736,
  "pool": {
    "krs_usdc": 1612.9811215609814,
    "usdc": 593.992226,
    "krs_weth": 956.5556669463584,
    "weth": 0.057987927458622995,
    "value_usd": 1000.24,
    "value_eth": 0.383671,
    "value_pln": 3717.3
  },
  "ETHPLN": 9688.77,
  "ETHUSD": 2607.01
}