{
  "WETH": 0.00018154,
  "USDC": 0.24910087,
  "pool": {
    "krs_usdc": 2188.5842087659935,
    "usdc": 460.122044,
    "krs_weth": 193.64884790068533,
    "weth": 0.011414939590314465,
    "value_usd": 1005.34,
    "value_eth": 0.223273,
    "value_pln": 3684.81
  },
  "ETHPLN": 16503.58,
  "ETHUSD": 4502.71
}