{
  "USDC": 0.24854029,
  "WETH": 8.5462465e-05,
  "WETH_viaUSDC": 8.5844749e-05,
  "diff_pct": 0.004463,
  "prefer": "viaUSDC",
  "pool": {
    "address_usdc": "0xca71156bFe3bBecb281B78BF8bd9C083D1db222b",
    "address_weth": "0x4F4F6a4f5A28420B57A49Fe5cc935b441BB52456",
    "krs_usdc": 2372.976533119048,
    "usdc": 448.159242,
    "krs_weth": 3092.4928450280236,
    "weth": 0.5454629454441008,
    "value_usd": 3385.79,
    "value_eth": 1.169437,
    "value_pln": 12010.56
  },
  "ETHPLN": 10270.38,
  "ETHUSD": 2895.23
}