{
  "WETH": 0.0001104,
  "USDC": 0.25470671,
  "pool": {
    "krs_usdc": 1042.2084712277172,
    "usdc": 747.736737,
    "krs_weth": 1526.3330102298623,
    "weth": 0.008071114892352101,
    "value_usd": 1013.36,
    "value_eth": 0.360286,
    "value_pln": 3684.87
  },
  "ETHPLN": 10227.63,
  "ETHUSD": 2812.66
}