{
  "USDC": 0.25428544,
  "WETH": 5.5707492e-05,
  "WETH_viaUSDC": 5.4965066e-05,
  "diff_pct": 0.013417,
  "prefer": "viaUSDC",
  "pool": {
    "address_usdc": "0xca71156bFe3bBecb281B78BF8bd9C083D1db222b",
    "address_weth": "0x4F4F6a4f5A28420B57A49Fe5cc935b441BB52456",
    "krs_usdc": 1134.0570815134838,
    "usdc": 728.004954,
    "krs_weth": 1212.8817539228298,
    "weth": 0.07596600614776365,
    "value_usd": 1676.24,
    "value_eth": 0.362328,
    "value_pln": 6097.56
  },
  "ETHPLN": 16828.87,
  "ETHUSD": 4626.31
}