{
  "WETH": 9.982e-05,
  "USDC": 0.25064257,
  "pool": {
    "krs_usdc": 1852.310303476341,
    "usdc": 535.225393,
    "krs_weth": 717.2264850309981,
    "weth": 0.08212566465074073,
    "value_usd": 999.56,
    "value_eth": 0.401027,
    "value_pln": 3756.68
  },
  "ETHPLN": 9367.63,
  "ETHUSD": 2492.51
}