{
  "USDC": 0.25303326,
  "WETH": 6.8069339e-05,
  "WETH_viaUSDC": 6.7840973e-05,
  "diff_pct": 0.003361,
  "prefer": "viaUSDC",
  "pool": {
    "address_usdc": "0xca71156bFe3bBecb281B78BF8bd9C083D1db222b",
    "address_weth": "0x4F4F6a4f5A28420B57A49Fe5cc935b441BB52456",
    "krs_usdc": 1393.895901946649,
    "usdc": 665.618463,
    "krs_weth": 598.5356585932157,
    "weth": 0.11459690060206722,
    "value_usd": 1597.19,
    "value_eth": 0.428225,
    "value_pln": 5892.12
  },
  "ETHPLN": 13759.41,
  "ETHUSD": 3729.8
}