{
  "WETH": 0.0001019,
  "USDC": 0.25125283
}