{
  "WETH": 0.0001842,
  "USDC": 0.24913542,
  "pool": {
    "krs_usdc": 2181.402431648528,
    "usdc": 461.905787,
    "krs_weth": 389.5608776268437,
    "weth": 0.016641774749443998,
    "value_usd": 1005.44,
    "value_eth": 0.221405,
    "value_pln": 3687.51
  },
  "ETHPLN": 16655.02,
  "ETHUSD": 4541.18
}