{
  "WETH": 9.684e-05,
  "USDC": 0.2496303,
  "pool": {
    "krs_usdc": 2072.0371692193576,
    "usdc": 485.752572,
    "krs_weth": 497.4996192879803,
    "weth": 0.10667830452551746,
    "value_usd": 1003.04,
    "value_eth": 0.416149,
    "value_pln": 3638.4
  },
  "ETHPLN": 8743.02,
  "ETHUSD": 2410.3
}