{
  "USDC": 0.25368284,
  "WETH": 7.2388141e-05,
  "WETH_viaUSDC": 7.2563949e-05,
  "diff_pct": 0.002426,
  "prefer": "viaUSDC",
  "pool": {
    "address_usdc": "0xca71156bFe3bBecb281B78BF8bd9C083D1db222b",
    "address_weth": "0x4F4F6a4f5A28420B57A49Fe5cc935b441BB52456",
    "krs_usdc": 1265.2242681465627,
    "usdc": 699.613101,
    "krs_weth": 422.447292393302,
    "weth": 0.1272907877401408,
    "value_usd": 1572.75,
    "value_eth": 0.449874,
    "value_pln": 5737.58
  },
  "ETHPLN": 12753.76,
  "ETHUSD": 3495.99
}