{
  "USDC": 0.24702206,
  "WETH": 8.7588475e-05,
  "WETH_viaUSDC": 8.7040282e-05,
  "diff_pct": 0.006278,
  "prefer": "viaUSDC",
  "pool": {
    "address_usdc": "0xca71156bFe3bBecb281B78BF8bd9C083D1db222b",
    "address_weth": "0x4F4F6a4f5A28420B57A49Fe5cc935b441BB52456",
    "krs_usdc": 2650.984819426944,
    "usdc": 359.540024,
    "krs_weth": 2814.4845587201276,
    "weth": 0.5628349761478961,
    "value_usd": 3306.97,
    "value_eth": 1.165238,
    "value_pln": 12172.03
  },
  "ETHPLN": 10445.96,
  "ETHUSD": 2838.02
}