{
  "USDC": 0.25028827,
  "WETH": 8.2110133e-05,
  "WETH_viaUSDC": 8.2349274e-05,
  "diff_pct": 0.002908,
  "prefer": "viaUSDC",
  "pool": {
    "address_usdc": "0xca71156bFe3bBecb281B78BF8bd9C083D1db222b",
    "address_weth": "0x4F4F6a4f5A28420B57A49Fe5cc935b441BB52456",
    "krs_usdc": 1962.7229483694123,
    "usdc": 526.410571,
    "krs_weth": 3502.6499544359963,
    "weth": 0.5031225342147564,
    "value_usd": 3423.49,
    "value_eth": 1.12639,
    "value_pln": 12491.15
  },
  "ETHPLN": 11089.54,
  "ETHUSD": 3039.35
}