{
  "USDC": 0.25119982,
  "WETH": 5.76779e-05,
  "WETH_viaUSDC": 5.7298315e-05,
  "diff_pct": 0.006603,
  "prefer": "viaUSDC",
  "pool": {
    "address_usdc": "0xca71156bFe3bBecb281B78BF8bd9C083D1db222b",
    "address_weth": "0x4F4F6a4f5A28420B57A49Fe5cc935b441BB52456",
    "krs_usdc": 1756.7021268636965,
    "usdc": 568.647958,
    "krs_weth": 392.73670857261726,
    "weth": 0.02934260744472258,
    "value_usd": 1237.23,
    "value_eth": 0.28221,
    "value_pln": 4509.77
  },
  "ETHPLN": 15980.23,
  "ETHUSD": 4384.07
}