{
  "USDC": 0.25238529,
  "WETH": 7.9632561e-05,
  "WETH_viaUSDC": 7.972017e-05,
  "diff_pct": 0.0011,
  "prefer": "viaUSDC",
  "pool": {
    "address_usdc": "0xca71156bFe3bBecb281B78BF8bd9C083D1db222b",
    "address_weth": "0x4F4F6a4f5A28420B57A49Fe5cc935b441BB52456",
    "krs_usdc": 1529.726997016829,
    "usdc": 633.431652,
    "krs_weth": 157.94456352303564,
    "weth": 0.1475965638434793,
    "value_usd": 1526.65,
    "value_eth": 0.482218,
    "value_pln": 5552.67
  },
  "ETHPLN": 11514.85,
  "ETHUSD": 3165.89
}