{
  "USDC": 0.25403928,
  "WETH": 5.6560975e-05,
  "WETH_viaUSDC": 5.6407797e-05,
  "diff_pct": 0.002712,
  "prefer": "viaUSDC",
  "pool": {
    "address_usdc": "0xca71156bFe3bBecb281B78BF8bd9C083D1db222b",
    "address_weth": "0x4F4F6a4f5A28420B57A49Fe5cc935b441BB52456",
    "krs_usdc": 1183.4932075780482,
    "usdc": 715.374158,
    "krs_weth": 1163.4456278582657,
    "weth": 0.07872644837641478,
    "value_usd": 1666.14,
    "value_eth": 0.369956,
    "value_pln": 6036.29
  },
  "ETHPLN": 16316.21,
  "ETHUSD": 4503.62
}