{
  "WETH": 9.887e-05,
  "USDC": 0.25034629,
  "pool": {
    "krs_usdc": 1919.3683338608673,
    "usdc": 521.486129,
    "krs_weth": 650.1684546464714,
    "weth": 0.09007439115611066,
    "value_usd": 1002.06,
    "value_eth": 0.403822,
    "value_pln": 3737.09
  },
  "ETHPLN": 9254.3,
  "ETHUSD": 2481.43
}