{
  "USDC": 0.25029397,
  "WETH": 6.3800988e-05,
  "WETH_viaUSDC": 6.3181297e-05,
  "diff_pct": 0.00976,
  "prefer": "viaUSDC",
  "pool": {
    "address_usdc": "0xca71156bFe3bBecb281B78BF8bd9C083D1db222b",
    "address_weth": "0x4F4F6a4f5A28420B57A49Fe5cc935b441BB52456",
    "krs_usdc": 1943.8411332958497,
    "usdc": 522.222669,
    "krs_weth": 405.59770214046415,
    "weth": 0.052275226228622934,
    "value_usd": 1317.36,
    "value_eth": 0.33254,
    "value_pln": 4819.39
  },
  "ETHPLN": 14492.67,
  "ETHUSD": 3961.52
}