{
  "WETH": 0.00010004,
  "USDC": 0.2507982,
  "pool": {
    "krs_usdc": 1827.6320048950167,
    "usdc": 545.086508,
    "krs_weth": 741.9047836123215,
    "weth": 0.08109539777422704,
    "value_usd": 1003.53,
    "value_eth": 0.402053,
    "value_pln": 3718.32
  },
  "ETHPLN": 9248.34,
  "ETHUSD": 2496.01
}