{
  "WETH": 0.00010217,
  "USDC": 0.25152377,
  "pool": {
    "krs_usdc": 1671.9283236323386,
    "usdc": 580.683546,
    "krs_weth": 897.6084648750005,
    "weth": 0.06432951873016265,
    "value_usd": 1001.3,
    "value_eth": 0.387442,
    "value_pln": 3741.65
  },
  "ETHPLN": 9657.31,
  "ETHUSD": 2584.4
}