{
  "USDC": 0.25398801,
  "WETH": 7.0747482e-05,
  "WETH_viaUSDC": 7.0837542e-05,
  "diff_pct": 0.001272,
  "prefer": "viaUSDC",
  "pool": {
    "address_usdc": "0xca71156bFe3bBecb281B78BF8bd9C083D1db222b",
    "address_weth": "0x4F4F6a4f5A28420B57A49Fe5cc935b441BB52456",
    "krs_usdc": 1201.5185967100913,
    "usdc": 714.699911,
    "krs_weth": 486.1529638297734,
    "weth": 0.12241921998254462,
    "value_usd": 1582.28,
    "value_eth": 0.4413,
    "value_pln": 5842.38
  },
  "ETHPLN": 13239.0,
  "ETHUSD": 3585.5
}