{
  "USDC": 0.25341873,
  "WETH": 7.3703172e-05,
  "WETH_viaUSDC": 7.358417e-05,
  "diff_pct": 0.001616,
  "prefer": "viaUSDC",
  "pool": {
    "address_usdc": "0xca71156bFe3bBecb281B78BF8bd9C083D1db222b",
    "address_weth": "0x4F4F6a4f5A28420B57A49Fe5cc935b441BB52456",
    "krs_usdc": 1317.5012407485403,
    "usdc": 685.802086,
    "krs_weth": 370.17031979132446,
    "weth": 0.13094810815121352,
    "value_usd": 1564.47,
    "value_eth": 0.454268,
    "value_pln": 5793.95
  },
  "ETHPLN": 12754.48,
  "ETHUSD": 3443.93
}