{
  "USDC": 0.25149044,
  "WETH": 5.4836059e-05,
  "WETH_viaUSDC": 5.4682059e-05,
  "diff_pct": 0.002812,
  "prefer": "viaUSDC",
  "pool": {
    "address_usdc": "0xca71156bFe3bBecb281B78BF8bd9C083D1db222b",
    "address_weth": "0x4F4F6a4f5A28420B57A49Fe5cc935b441BB52456",
    "krs_usdc": 1697.7565478076501,
    "usdc": 583.745673,
    "krs_weth": 651.6822876286636,
    "weth": 0.03766783799466781,
    "value_usd": 1347.85,
    "value_eth": 0.293065,
    "value_pln": 4871.52
  },
  "ETHPLN": 16622.65,
  "ETHUSD": 4599.14
}