{
  "USDC": 0.25398887,
  "WETH": 5.6761234e-05,
  "WETH_viaUSDC": 5.7401078e-05,
  "diff_pct": 0.011209,
  "prefer": "viaUSDC",
  "pool": {
    "address_usdc": "0xca71156bFe3bBecb281B78BF8bd9C083D1db222b",
    "address_weth": "0x4F4F6a4f5A28420B57A49Fe5cc935b441BB52456",
    "krs_usdc": 1194.2774668313245,
    "usdc": 712.951751,
    "krs_weth": 1152.661368604989,
    "weth": 0.07940748769190445,
    "value_usd": 1660.41,
    "value_eth": 0.37525,
    "value_pln": 6085.98
  },
  "ETHPLN": 16218.45,
  "ETHUSD": 4424.81
}