{
  "WETH": 0.00010183,
  "USDC": 0.25136765,
  "pool": {
    "krs_usdc": 1700.71068493761,
    "usdc": 571.854597,
    "krs_weth": 868.8261035697298,
    "weth": 0.06652883039109936,
    "value_usd": 999.45,
    "value_eth": 0.388796,
    "value_pln": 3716.78
  },
  "ETHPLN": 9559.71,
  "ETHUSD": 2570.62
}