{
  "USDC": 0.24552936,
  "WETH": 9.1353472e-05,
  "WETH_viaUSDC": 9.1139333e-05,
  "diff_pct": 0.002347,
  "prefer": "viaUSDC",
  "pool": {
    "address_usdc": "0xca71156bFe3bBecb281B78BF8bd9C083D1db222b",
    "address_weth": "0x4F4F6a4f5A28420B57A49Fe5cc935b441BB52456",
    "krs_usdc": 3009.3543041892112,
    "usdc": 292.759714,
    "krs_weth": 2456.11507395786,
    "weth": 0.602333495746953,
    "value_usd": 3257.38,
    "value_eth": 1.209124,
    "value_pln": 11583.09
  },
  "ETHPLN": 9579.74,
  "ETHUSD": 2694.0
}