{
  "USDC": 0.25160779,
  "WETH": 5.3716953e-05,
  "WETH_viaUSDC": 5.4273657e-05,
  "diff_pct": 0.01031,
  "prefer": "viaUSDC",
  "pool": {
    "address_usdc": "0xca71156bFe3bBecb281B78BF8bd9C083D1db222b",
    "address_weth": "0x4F4F6a4f5A28420B57A49Fe5cc935b441BB52456",
    "krs_usdc": 1673.6310751499238,
    "usdc": 589.750083,
    "krs_weth": 475.8077602863899,
    "weth": 0.024767331888058554,
    "value_usd": 1245.38,
    "value_eth": 0.268639,
    "value_pln": 4518.32
  },
  "ETHPLN": 16819.31,
  "ETHUSD": 4635.91
}