{
  "USDC": 0.25151877,
  "WETH": 8.0808731e-05,
  "WETH_viaUSDC": 8.0801454e-05,
  "diff_pct": 9e-05,
  "prefer": "viaUSDC",
  "pool": {
    "address_usdc": "0xca71156bFe3bBecb281B78BF8bd9C083D1db222b",
    "address_weth": "0x4F4F6a4f5A28420B57A49Fe5cc935b441BB52456",
    "krs_usdc": 1735.0784040577428,
    "usdc": 596.033244,
    "krs_weth": 3730.3909740893287,
    "weth": 0.48868572082580025,
    "value_usd": 3491.88,
    "value_eth": 1.121782,
    "value_pln": 12548.98
  },
  "ETHPLN": 11186.65,
  "ETHUSD": 3112.8
}