{
  "WETH": 9.77e-05,
  "USDC": 0.24995883,
  "pool": {
    "krs_usdc": 2004.369454584121,
    "usdc": 502.770599,
    "krs_weth": 565.1673339232166,
    "weth": 0.09976902442325293,
    "value_usd": 1003.84,
    "value_eth": 0.408944,
    "value_pln": 3632.24
  },
  "ETHPLN": 8882.0,
  "ETHUSD": 2454.7
}