{
  "USDC": 0.25363339,
  "WETH": 6.5274838e-05,
  "WETH_viaUSDC": 6.5588002e-05,
  "diff_pct": 0.004786,
  "prefer": "viaUSDC",
  "pool": {
    "address_usdc": "0xca71156bFe3bBecb281B78BF8bd9C083D1db222b",
    "address_weth": "0x4F4F6a4f5A28420B57A49Fe5cc935b441BB52456",
    "krs_usdc": 1270.801752528338,
    "usdc": 695.962341,
    "krs_weth": 721.6298080115267,
    "weth": 0.10617478593736178,
    "value_usd": 1611.89,
    "value_eth": 0.416826,
    "value_pln": 5889.94
  },
  "ETHPLN": 14130.46,
  "ETHUSD": 3867.07
}