{
  "USDC": 0.24689492,
  "WETH": 8.7848072e-05,
  "WETH_viaUSDC": 8.7346962e-05,
  "diff_pct": 0.005721,
  "prefer": "viaUSDC",
  "pool": {
    "address_usdc": "0xca71156bFe3bBecb281B78BF8bd9C083D1db222b",
    "address_weth": "0x4F4F6a4f5A28420B57A49Fe5cc935b441BB52456",
    "krs_usdc": 2678.6080149583195,
    "usdc": 353.160038,
    "krs_weth": 2786.861363188752,
    "weth": 0.5654146979946582,
    "value_usd": 3300.76,
    "value_eth": 1.167748,
    "value_pln": 12067.96
  },
  "ETHPLN": 10334.38,
  "ETHUSD": 2826.6
}