{
  "USDC": 0.25326837,
  "WETH": 7.446262e-05,
  "WETH_viaUSDC": 7.6360863e-05,
  "diff_pct": 0.025172,
  "prefer": "viaUSDC",
  "pool": {
    "address_usdc": "0xca71156bFe3bBecb281B78BF8bd9C083D1db222b",
    "address_weth": "0x4F4F6a4f5A28420B57A49Fe5cc935b441BB52456",
    "krs_usdc": 1347.1822671328755,
    "usdc": 677.906247,
    "krs_weth": 340.4892934069893,
    "weth": 0.13303472197071498,
    "value_usd": 1546.58,
    "value_eth": 0.466297,
    "value_pln": 5739.69
  },
  "ETHPLN": 12309.09,
  "ETHUSD": 3316.73
}