{
  "USDC": 0.25420923,
  "WETH": 7.7651274e-05,
  "WETH_viaUSDC": 7.7527869e-05,
  "diff_pct": 0.00159,
  "prefer": "viaUSDC",
  "pool": {
    "address_usdc": "0xca71156bFe3bBecb281B78BF8bd9C083D1db222b",
    "address_weth": "0x4F4F6a4f5A28420B57A49Fe5cc935b441BB52456",
    "krs_usdc": 1205.6234545419288,
    "usdc": 738.218235,
    "krs_weth": 4259.845923605142,
    "weth": 0.44940218665797305,
    "value_usd": 3601.15,
    "value_eth": 1.098268,
    "value_pln": 13101.27
  },
  "ETHPLN": 11929.03,
  "ETHUSD": 3278.94
}