{
  "WETH": 9.722e-05,
  "USDC": 0.24977503,
  "pool": {
    "krs_usdc": 2042.2827255109798,
    "usdc": 493.26882,
    "krs_weth": 527.2540629963578,
    "weth": 0.1036474622337242,
    "value_usd": 1003.43,
    "value_eth": 0.410816,
    "value_pln": 3635.3
  },
  "ETHPLN": 8848.97,
  "ETHUSD": 2442.53
}