{
  "USDC": 0.24939866,
  "WETH": 8.3521383e-05,
  "WETH_viaUSDC": 8.3000085e-05,
  "diff_pct": 0.006261,
  "prefer": "viaUSDC",
  "pool": {
    "address_usdc": "0xca71156bFe3bBecb281B78BF8bd9C083D1db222b",
    "address_weth": "0x4F4F6a4f5A28420B57A49Fe5cc935b441BB52456",
    "krs_usdc": 2161.9218550275814,
    "usdc": 484.313781,
    "krs_weth": 3303.54752311949,
    "weth": 0.5222009407735535,
    "value_usd": 3416.5,
    "value_eth": 1.137015,
    "value_pln": 12493.25
  },
  "ETHPLN": 10987.76,
  "ETHUSD": 3004.8
}