{
  "USDC": 0.25227456,
  "WETH": 8.0302116e-05,
  "WETH_viaUSDC": 8.1266689e-05,
  "diff_pct": 0.01194,
  "prefer": "viaUSDC",
  "pool": {
    "address_usdc": "0xca71156bFe3bBecb281B78BF8bd9C083D1db222b",
    "address_weth": "0x4F4F6a4f5A28420B57A49Fe5cc935b441BB52456",
    "krs_usdc": 1552.3718409254327,
    "usdc": 627.770092,
    "krs_weth": 135.29971961443215,
    "weth": 0.14942397197718008,
    "value_usd": 1517.38,
    "value_eth": 0.488803,
    "value_pln": 5517.93
  },
  "ETHPLN": 11288.66,
  "ETHUSD": 3104.28
}