{
  "USDC": 0.25020289,
  "WETH": 8.2388542e-05,
  "WETH_viaUSDC": 8.2393565e-05,
  "diff_pct": 6.1e-05,
  "prefer": "viaUSDC",
  "pool": {
    "address_usdc": "0xca71156bFe3bBecb281B78BF8bd9C083D1db222b",
    "address_weth": "0x4F4F6a4f5A28420B57A49Fe5cc935b441BB52456",
    "krs_usdc": 1992.9457426982083,
    "usdc": 525.143051,
    "krs_weth": 3472.523635448863,
    "weth": 0.5077161220448995,
    "value_usd": 3434.39,
    "value_eth": 1.130969,
    "value_pln": 12551.02
  },
  "ETHPLN": 11097.58,
  "ETHUSD": 3036.68
}