{
  "USDC": 0.25293877,
  "WETH": 7.8903146e-05,
  "WETH_viaUSDC": 7.9104424e-05,
  "diff_pct": 0.002548,
  "prefer": "viaUSDC",
  "pool": {
    "address_usdc": "0xca71156bFe3bBecb281B78BF8bd9C083D1db222b",
    "address_weth": "0x4F4F6a4f5A28420B57A49Fe5cc935b441BB52456",
    "krs_usdc": 1437.5117812409953,
    "usdc": 666.881167,
    "krs_weth": 4027.957596906076,
    "weth": 0.4635948527456955,
    "value_usd": 3531.67,
    "value_eth": 1.104499,
    "value_pln": 12809.76
  },
  "ETHPLN": 11597.8,
  "ETHUSD": 3197.53
}