{
  "USDC": 0.25366426,
  "WETH": 7.2465102e-05,
  "WETH_viaUSDC": 7.2049587e-05,
  "diff_pct": 0.005751,
  "prefer": "viaUSDC",
  "pool": {
    "address_usdc": "0xca71156bFe3bBecb281B78BF8bd9C083D1db222b",
    "address_weth": "0x4F4F6a4f5A28420B57A49Fe5cc935b441BB52456",
    "krs_usdc": 1268.6171071925526,
    "usdc": 698.570082,
    "krs_weth": 419.0544533473123,
    "weth": 0.12748489899337861,
    "value_usd": 1575.51,
    "value_eth": 0.447499,
    "value_pln": 5776.45
  },
  "ETHPLN": 12908.28,
  "ETHUSD": 3520.69
}