{
  "USDC": 0.24148174,
  "WETH": 0.000100537701,
  "WETH_viaUSDC": 0.000100666885,
  "diff_pct": 0.001284,
  "prefer": "viaUSDC",
  "pool": {
    "address_usdc": "0xca71156bFe3bBecb281B78BF8bd9C083D1db222b",
    "address_weth": "0x4F4F6a4f5A28420B57A49Fe5cc935b441BB52456",
    "krs_usdc": 3885.5480298325415,
    "usdc": 82.803494,
    "krs_weth": 1579.9213483145297,
    "weth": 0.6876409333075519,
    "value_usd": 3052.14,
    "value_eth": 1.272351,
    "value_pln": 11062.86
  },
  "ETHPLN": 8694.82,
  "ETHUSD": 2398.82
}