{
  "USDC": 0.24944134,
  "WETH": 8.3666678e-05,
  "WETH_viaUSDC": 8.3609194e-05,
  "diff_pct": 0.000687,
  "prefer": "viaUSDC",
  "pool": {
    "address_usdc": "0xca71156bFe3bBecb281B78BF8bd9C083D1db222b",
    "address_weth": "0x4F4F6a4f5A28420B57A49Fe5cc935b441BB52456",
    "krs_usdc": 2168.3886259319092,
    "usdc": 490.362575,
    "krs_weth": 3297.080752215162,
    "weth": 0.5252697247147885,
    "value_usd": 3420.78,
    "value_eth": 1.146596,
    "value_pln": 12285.65
  },
  "ETHPLN": 10714.89,
  "ETHUSD": 2983.42
}