{
  "USDC": 0.25384927,
  "WETH": 7.14437e-05,
  "WETH_viaUSDC": 7.2065497e-05,
  "diff_pct": 0.008666,
  "prefer": "viaUSDC",
  "pool": {
    "address_usdc": "0xca71156bFe3bBecb281B78BF8bd9C083D1db222b",
    "address_weth": "0x4F4F6a4f5A28420B57A49Fe5cc935b441BB52456",
    "krs_usdc": 1229.6155526383914,
    "usdc": 707.626873,
    "krs_weth": 458.05600790147344,
    "weth": 0.12443389229881148,
    "value_usd": 1574.36,
    "value_eth": 0.446946,
    "value_pln": 5814.1
  },
  "ETHPLN": 13008.51,
  "ETHUSD": 3522.48
}