{
  "USDC": 0.25487533,
  "WETH": 7.6840394e-05,
  "WETH_viaUSDC": 7.7512348e-05,
  "diff_pct": 0.008707,
  "prefer": "viaUSDC",
  "pool": {
    "address_usdc": "0xca71156bFe3bBecb281B78BF8bd9C083D1db222b",
    "address_weth": "0x4F4F6a4f5A28420B57A49Fe5cc935b441BB52456",
    "krs_usdc": 1070.3031487031863,
    "usdc": 771.901843,
    "krs_weth": 4395.166229443886,
    "weth": 0.43871980385996123,
    "value_usd": 3607.51,
    "value_eth": 1.097111,
    "value_pln": 13056.95
  },
  "ETHPLN": 11901.21,
  "ETHUSD": 3288.19
}