{
  "USDC": 0.25350846,
  "WETH": 7.3325147e-05,
  "WETH_viaUSDC": 7.3589497e-05,
  "diff_pct": 0.003599,
  "prefer": "viaUSDC",
  "pool": {
    "address_usdc": "0xca71156bFe3bBecb281B78BF8bd9C083D1db222b",
    "address_weth": "0x4F4F6a4f5A28420B57A49Fe5cc935b441BB52456",
    "krs_usdc": 1301.144347177482,
    "usdc": 690.85316,
    "krs_weth": 386.52721336238295,
    "weth": 0.13000810560767292,
    "value_usd": 1566.56,
    "value_eth": 0.454747,
    "value_pln": 5699.82
  },
  "ETHPLN": 12534.06,
  "ETHUSD": 3444.9
}