{
  "WETH": 0.00010854,
  "USDC": 0.25389143,
  "pool": {
    "krs_usdc": 1192.9278226295114,
    "usdc": 702.683494,
    "krs_weth": 1376.6089658778278,
    "weth": 0.019197715278600543,
    "value_usd": 1005.71,
    "value_eth": 0.365825,
    "value_pln": 3727.26
  },
  "ETHPLN": 10188.64,
  "ETHUSD": 2749.15
}