{
  "USDC": 0.24920502,
  "WETH": 8.358877e-05,
  "WETH_viaUSDC": 8.4158474e-05,
  "diff_pct": 0.006792,
  "prefer": "viaUSDC",
  "pool": {
    "address_usdc": "0xca71156bFe3bBecb281B78BF8bd9C083D1db222b",
    "address_weth": "0x4F4F6a4f5A28420B57A49Fe5cc935b441BB52456",
    "krs_usdc": 2186.994726921684,
    "usdc": 470.567612,
    "krs_weth": 3278.3781758837245,
    "weth": 0.5217584960912663,
    "value_usd": 3377.57,
    "value_eth": 1.14063,
    "value_pln": 12369.39
  },
  "ETHPLN": 10844.35,
  "ETHUSD": 2961.14
}