{
  "WETH": 9.252e-05,
  "USDC": 0.24797366,
  "pool": {
    "krs_usdc": 2414.6713007563785,
    "usdc": 399.612823,
    "krs_weth": 154.86548775095957,
    "weth": 0.14250226476711156,
    "value_usd": 998.4,
    "value_eth": 0.432207,
    "value_pln": 3689.06
  },
  "ETHPLN": 8535.41,
  "ETHUSD": 2310.01
}