{
  "WETH": 0.00010905,
  "USDC": 0.25407017,
  "pool": {
    "krs_usdc": 1156.1662956869604,
    "usdc": 711.648504,
    "krs_weth": 1413.3704928203788,
    "weth": 0.015685108964003342,
    "value_usd": 1005.55,
    "value_eth": 0.363763,
    "value_pln": 3747.08
  },
  "ETHPLN": 10300.87,
  "ETHUSD": 2764.3
}