{
  "USDC": 0.24851305,
  "WETH": 8.5250471e-05,
  "WETH_viaUSDC": 8.4849753e-05,
  "diff_pct": 0.004712,
  "prefer": "viaUSDC",
  "pool": {
    "address_usdc": "0xca71156bFe3bBecb281B78BF8bd9C083D1db222b",
    "address_weth": "0x4F4F6a4f5A28420B57A49Fe5cc935b441BB52456",
    "krs_usdc": 2363.6826949494803,
    "usdc": 442.985418,
    "krs_weth": 3101.786683197591,
    "weth": 0.5421758983467231,
    "value_usd": 3389.18,
    "value_eth": 1.157168,
    "value_pln": 12126.75
  },
  "ETHPLN": 10479.68,
  "ETHUSD": 2928.86
}