{
  "WETH": 0.00010316,
  "USDC": 0.25193478,
  "pool": {
    "krs_usdc": 1592.594000655837,
    "usdc": 602.98824,
    "krs_weth": 976.9427878515019,
    "weth": 0.05749598649907187,
    "value_usd": 1004.32,
    "value_eth": 0.385143,
    "value_pln": 3712.46
  },
  "ETHPLN": 9639.17,
  "ETHUSD": 2607.65
}