{
  "USDC": 0.25037103,
  "WETH": 8.2162138e-05,
  "WETH_viaUSDC": 8.2563399e-05,
  "diff_pct": 0.004872,
  "prefer": "viaUSDC",
  "pool": {
    "address_usdc": "0xca71156bFe3bBecb281B78BF8bd9C083D1db222b",
    "address_weth": "0x4F4F6a4f5A28420B57A49Fe5cc935b441BB52456",
    "krs_usdc": 1958.2476204669981,
    "usdc": 533.801484,
    "krs_weth": 3507.2217576800736,
    "weth": 0.504852734777538,
    "value_usd": 3433.15,
    "value_eth": 1.132129,
    "value_pln": 12522.22
  },
  "ETHPLN": 11060.77,
  "ETHUSD": 3032.47
}