{
  "WETH": 0.00010444,
  "USDC": 0.2523009,
  "pool": {
    "krs_usdc": 1507.2624041202114,
    "usdc": 619.102623,
    "krs_weth": 1063.3156088505077,
    "weth": 0.04710607205713507,
    "value_usd": 999.5,
    "value_eth": 0.376762,
    "value_pln": 3744.84
  },
  "ETHPLN": 9939.54,
  "ETHUSD": 2652.86
}