{
  "USDC": 0.24918185,
  "WETH": 8.4288429e-05,
  "WETH_viaUSDC": 8.4443805e-05,
  "diff_pct": 0.001842,
  "prefer": "viaUSDC",
  "pool": {
    "address_usdc": "0xca71156bFe3bBecb281B78BF8bd9C083D1db222b",
    "address_weth": "0x4F4F6a4f5A28420B57A49Fe5cc935b441BB52456",
    "krs_usdc": 2238.5550025711873,
    "usdc": 481.071583,
    "krs_weth": 3226.914375575884,
    "weth": 0.5338679070921228,
    "value_usd": 3418.34,
    "value_eth": 1.158421,
    "value_pln": 12163.57
  },
  "ETHPLN": 10500.13,
  "ETHUSD": 2950.86
}