{
  "USDC": 0.24040048,
  "WETH": 0.000103155698,
  "WETH_viaUSDC": 0.000102664609,
  "diff_pct": 0.004772,
  "prefer": "viaUSDC",
  "pool": {
    "address_usdc": "0xca71156bFe3bBecb281B78BF8bd9C083D1db222b",
    "address_weth": "0x4F4F6a4f5A28420B57A49Fe5cc935b441BB52456",
    "krs_usdc": 4118.442727160347,
    "usdc": 25.261924,
    "krs_weth": 1347.0266509867242,
    "weth": 0.7107934338249631,
    "value_usd": 3003.56,
    "value_eth": 1.282692,
    "value_pln": 10749.72
  },
  "ETHPLN": 8380.59,
  "ETHUSD": 2341.61
}