{
  "USDC": 0.2405167,
  "WETH": 0.000102982351,
  "WETH_viaUSDC": 0.000103153887,
  "diff_pct": 0.001664,
  "prefer": "viaUSDC",
  "pool": {
    "address_usdc": "0xca71156bFe3bBecb281B78BF8bd9C083D1db222b",
    "address_weth": "0x4F4F6a4f5A28420B57A49Fe5cc935b441BB52456",
    "krs_usdc": 4098.251451922143,
    "usdc": 32.623949,
    "krs_weth": 1367.2179262249288,
    "weth": 0.7097030924310449,
    "value_usd": 3001.93,
    "value_eth": 1.287479,
    "value_pln": 10781.48
  },
  "ETHPLN": 8374.1,
  "ETHUSD": 2331.63
}