{
  "USDC": 0.25309221,
  "WETH": 7.547871e-05,
  "WETH_viaUSDC": 7.4951422e-05,
  "diff_pct": 0.00701,
  "prefer": "viaUSDC",
  "pool": {
    "address_usdc": "0xca71156bFe3bBecb281B78BF8bd9C083D1db222b",
    "address_weth": "0x4F4F6a4f5A28420B57A49Fe5cc935b441BB52456",
    "krs_usdc": 1384.0363582460836,
    "usdc": 669.171303,
    "krs_weth": 303.6352022937812,
    "weth": 0.13597598883758108,
    "value_usd": 1555.46,
    "value_eth": 0.46064,
    "value_pln": 5700.54
  },
  "ETHPLN": 12375.27,
  "ETHUSD": 3376.75
}