{
  "USDC": 0.25139917,
  "WETH": 5.5719267e-05,
  "WETH_viaUSDC": 5.5761031e-05,
  "diff_pct": 0.000749,
  "prefer": "viaUSDC",
  "pool": {
    "address_usdc": "0xca71156bFe3bBecb281B78BF8bd9C083D1db222b",
    "address_weth": "0x4F4F6a4f5A28420B57A49Fe5cc935b441BB52456",
    "krs_usdc": 1716.407432572677,
    "usdc": 579.041893,
    "krs_weth": 433.03140286363674,
    "weth": 0.027118571601935662,
    "value_usd": 1241.67,
    "value_eth": 0.275407,
    "value_pln": 4472.25
  },
  "ETHPLN": 16238.73,
  "ETHUSD": 4508.51
}