{
  "USDC": 0.25160501,
  "WETH": 5.3739272e-05,
  "WETH_viaUSDC": 5.3484504e-05,
  "diff_pct": 0.004752,
  "prefer": "viaUSDC",
  "pool": {
    "address_usdc": "0xca71156bFe3bBecb281B78BF8bd9C083D1db222b",
    "address_weth": "0x4F4F6a4f5A28420B57A49Fe5cc935b441BB52456",
    "krs_usdc": 1674.1602162034449,
    "usdc": 589.597796,
    "krs_weth": 475.278619232869,
    "weth": 0.02479168348787939,
    "value_usd": 1247.03,
    "value_eth": 0.265086,
    "value_pln": 4523.68
  },
  "ETHPLN": 17064.96,
  "ETHUSD": 4704.26
}