{
  "WETH": 9.708e-05,
  "USDC": 0.24969091,
  "pool": {
    "krs_usdc": 2056.442658306765,
    "usdc": 488.120937,
    "krs_weth": 513.0941302005731,
    "weth": 0.10443297607588248,
    "value_usd": 1001.65,
    "value_eth": 0.415419,
    "value_pln": 3708.83
  },
  "ETHPLN": 8927.92,
  "ETHUSD": 2411.17
}