{
  "USDC": 0.24095803,
  "WETH": 0.000101735955,
  "WETH_viaUSDC": 0.00010164561,
  "diff_pct": 0.000888,
  "prefer": "viaUSDC",
  "pool": {
    "address_usdc": "0xca71156bFe3bBecb281B78BF8bd9C083D1db222b",
    "address_weth": "0x4F4F6a4f5A28420B57A49Fe5cc935b441BB52456",
    "krs_usdc": 3995.7379006196074,
    "usdc": 54.376307,
    "krs_weth": 1469.7314775274642,
    "weth": 0.698045022494658,
    "value_usd": 3026.09,
    "value_eth": 1.276524,
    "value_pln": 10740.46
  },
  "ETHPLN": 8413.83,
  "ETHUSD": 2370.57
}