{
  "WETH": 0.00010046,
  "USDC": 0.25095279,
  "pool": {
    "krs_usdc": 1795.618207996088,
    "usdc": 552.981426,
    "krs_weth": 773.9185805112504,
    "weth": 0.07784790530680821,
    "value_usd": 1003.67,
    "value_eth": 0.395163,
    "value_pln": 3725.25
  },
  "ETHPLN": 9427.13,
  "ETHUSD": 2539.9
}