{
  "WETH": 0.00010141,
  "USDC": 0.25117161,
  "pool": {
    "krs_usdc": 1737.6078437378465,
    "usdc": 560.941986,
    "krs_weth": 832.9701692328725,
    "weth": 0.06942143544151871,
    "value_usd": 997.46,
    "value_eth": 0.390128,
    "value_pln": 3723.45
  },
  "ETHPLN": 9544.16,
  "ETHUSD": 2556.76
}