{
  "USDC": 0.24654347,
  "WETH": 8.8457818e-05,
  "WETH_viaUSDC": 9.1030538e-05,
  "diff_pct": 0.028667,
  "prefer": "viaUSDC",
  "pool": {
    "address_usdc": "0xca71156bFe3bBecb281B78BF8bd9C083D1db222b",
    "address_weth": "0x4F4F6a4f5A28420B57A49Fe5cc935b441BB52456",
    "krs_usdc": 2748.849919769521,
    "usdc": 333.97862,
    "krs_weth": 2716.6194583775505,
    "weth": 0.5709424856306964,
    "value_usd": 3227.77,
    "value_eth": 1.191781,
    "value_pln": 11861.55
  },
  "ETHPLN": 9952.79,
  "ETHUSD": 2708.36
}