{
  "USDC": 0.24070879,
  "WETH": 0.000102408733,
  "WETH_viaUSDC": 0.000103183169,
  "diff_pct": 0.007534,
  "prefer": "viaUSDC",
  "pool": {
    "address_usdc": "0xca71156bFe3bBecb281B78BF8bd9C083D1db222b",
    "address_weth": "0x4F4F6a4f5A28420B57A49Fe5cc935b441BB52456",
    "krs_usdc": 4052.3827900407573,
    "usdc": 41.794125,
    "krs_weth": 1413.0865881063141,
    "weth": 0.7042674434855405,
    "value_usd": 3000.32,
    "value_eth": 1.286128,
    "value_pln": 10797.61
  },
  "ETHPLN": 8395.44,
  "ETHUSD": 2332.83
}