{
  "USDC": 0.24915541,
  "WETH": 8.4101159e-05,
  "WETH_viaUSDC": 8.3645127e-05,
  "diff_pct": 0.005437,
  "prefer": "viaUSDC",
  "pool": {
    "address_usdc": "0xca71156bFe3bBecb281B78BF8bd9C083D1db222b",
    "address_weth": "0x4F4F6a4f5A28420B57A49Fe5cc935b441BB52456",
    "krs_usdc": 2230.358402496345,
    "usdc": 476.260866,
    "krs_weth": 3235.1109756507262,
    "weth": 0.5309206824731617,
    "value_usd": 3419.48,
    "value_eth": 1.147968,
    "value_pln": 12229.66
  },
  "ETHPLN": 10653.31,
  "ETHUSD": 2978.72
}