{
  "USDC": 0.25033615,
  "WETH": 8.2059751e-05,
  "WETH_viaUSDC": 0.0,
  "diff_pct": 0.0,
  "prefer": "viaUSDC",
  "pool": {
    "address_usdc": "0xca71156bFe3bBecb281B78BF8bd9C083D1db222b",
    "address_weth": "0x4F4F6a4f5A28420B57A49Fe5cc935b441BB52456",
    "krs_usdc": 1953.910753925578,
    "usdc": 529.142563,
    "krs_weth": 3511.4621488798307,
    "weth": 0.5025727634496538,
    "value_usd": 1897.32,
    "value_eth": 0.0,
    "value_pln": 0.0
  },
  "ETHPLN": 11215.54,
  "ETHUSD": 0.0
}