{
  "USDC": 0.25366953,
  "WETH": 6.5120893e-05,
  "WETH_viaUSDC": 6.56651e-05,
  "diff_pct": 0.008322,
  "prefer": "viaUSDC",
  "pool": {
    "address_usdc": "0xca71156bFe3bBecb281B78BF8bd9C083D1db222b",
    "address_weth": "0x4F4F6a4f5A28420B57A49Fe5cc935b441BB52456",
    "krs_usdc": 1263.5996381927482,
    "usdc": 697.838544,
    "krs_weth": 728.8319223471166,
    "weth": 0.10571794673999109,
    "value_usd": 1611.65,
    "value_eth": 0.417194,
    "value_pln": 5858.53
  },
  "ETHPLN": 14042.69,
  "ETHUSD": 3863.08
}