{
  "WETH": 0.00011131,
  "USDC": 0.25489859,
  "pool": {
    "krs_usdc": 990.0960133900883,
    "usdc": 754.127993,
    "krs_weth": 1579.4407751172507,
    "weth": 0.000689570692285483,
    "value_usd": 1006.68,
    "value_eth": 0.352673,
    "value_pln": 3720.45
  },
  "ETHPLN": 10549.28,
  "ETHUSD": 2854.42
}