{
  "WETH": 0.00010075,
  "USDC": 0.25105012,
  "pool": {
    "krs_usdc": 1774.480055237235,
    "usdc": 557.700354,
    "krs_weth": 795.0567332701037,
    "weth": 0.07551365800727469,
    "value_usd": 1003.26,
    "value_eth": 0.399767,
    "value_pln": 3722.99
  },
  "ETHPLN": 9312.9,
  "ETHUSD": 2509.62
}