{
  "USDC": 0.25054502,
  "WETH": 6.1736578e-05,
  "WETH_viaUSDC": 6.2192358e-05,
  "diff_pct": 0.007356,
  "prefer": "viaUSDC",
  "pool": {
    "address_usdc": "0xca71156bFe3bBecb281B78BF8bd9C083D1db222b",
    "address_weth": "0x4F4F6a4f5A28420B57A49Fe5cc935b441BB52456",
    "krs_usdc": 1892.0091964439653,
    "usdc": 535.131185,
    "krs_weth": 457.42963899234854,
    "weth": 0.04900426469335971,
    "value_usd": 1321.19,
    "value_eth": 0.327956,
    "value_pln": 4799.58
  },
  "ETHPLN": 14634.81,
  "ETHUSD": 4028.55
}