{
  "USDC": 0.24894223,
  "WETH": 8.4658692e-05,
  "WETH_viaUSDC": 8.3976141e-05,
  "diff_pct": 0.008095,
  "prefer": "viaUSDC",
  "pool": {
    "address_usdc": "0xca71156bFe3bBecb281B78BF8bd9C083D1db222b",
    "address_weth": "0x4F4F6a4f5A28420B57A49Fe5cc935b441BB52456",
    "krs_usdc": 2284.944585754468,
    "usdc": 467.848592,
    "krs_weth": 3180.5247923926036,
    "weth": 0.537221677143732,
    "value_usd": 3421.0,
    "value_eth": 1.154011,
    "value_pln": 12322.31
  },
  "ETHPLN": 10677.81,
  "ETHUSD": 2964.44
}