{
  "WETH": 0.00010338,
  "USDC": 0.25195366,
  "pool": {
    "krs_usdc": 1582.1134084903674,
    "usdc": 602.28913,
    "krs_weth": 987.4233800169721,
    "weth": 0.05519629747395321,
    "value_usd": 1001.01,
    "value_eth": 0.38433,
    "value_pln": 3755.58
  },
  "ETHPLN": 9771.77,
  "ETHUSD": 2604.56
}