{
  "WETH": 0.00011131,
  "USDC": 0.2552013,
  "pool": {
    "krs_usdc": 943.2286534291508,
    "usdc": 773.047964,
    "krs_weth": 1674.1259805619736,
    "weth": 0.002079670923399771,
    "value_usd": 1013.95,
    "value_eth": 0.214915,
    "value_pln": 3688.86
  },
  "ETHPLN": 17164.22,
  "ETHUSD": 4717.89
}