{
  "USDC": 0.24179966,
  "WETH": 9.9747357e-05,
  "WETH_viaUSDC": 9.9238946e-05,
  "diff_pct": 0.00511,
  "prefer": "viaUSDC",
  "pool": {
    "address_usdc": "0xca71156bFe3bBecb281B78BF8bd9C083D1db222b",
    "address_weth": "0x4F4F6a4f5A28420B57A49Fe5cc935b441BB52456",
    "krs_usdc": 3815.4305819989468,
    "usdc": 99.235321,
    "krs_weth": 1650.0387961481244,
    "weth": 0.6804256545815436,
    "value_usd": 3078.67,
    "value_eth": 1.263541,
    "value_pln": 10992.39
  },
  "ETHPLN": 8699.67,
  "ETHUSD": 2436.54
}