{
  "USDC": 0.24083134,
  "WETH": 0.000102176052,
  "WETH_viaUSDC": 0.000102454825,
  "diff_pct": 0.002725,
  "prefer": "viaUSDC",
  "pool": {
    "address_usdc": "0xca71156bFe3bBecb281B78BF8bd9C083D1db222b",
    "address_weth": "0x4F4F6a4f5A28420B57A49Fe5cc935b441BB52456",
    "krs_usdc": 4028.852571225038,
    "usdc": 49.016882,
    "krs_weth": 1436.6168069220332,
    "weth": 0.7024608120117185,
    "value_usd": 3016.48,
    "value_eth": 1.283277,
    "value_pln": 10986.42
  },
  "ETHPLN": 8561.22,
  "ETHUSD": 2350.61
}