{
  "USDC": 0.24850884,
  "WETH": 8.5149922e-05,
  "WETH_viaUSDC": 8.4534293e-05,
  "diff_pct": 0.007256,
  "prefer": "viaUSDC",
  "pool": {
    "address_usdc": "0xca71156bFe3bBecb281B78BF8bd9C083D1db222b",
    "address_weth": "0x4F4F6a4f5A28420B57A49Fe5cc935b441BB52456",
    "krs_usdc": 2358.3511202929676,
    "usdc": 441.222917,
    "krs_weth": 3107.118257854104,
    "weth": 0.540667310628687,
    "value_usd": 3388.86,
    "value_eth": 1.152776,
    "value_pln": 12175.06
  },
  "ETHPLN": 10561.51,
  "ETHUSD": 2939.74
}