{
  "USDC": 0.2507615,
  "WETH": 6.0073945e-05,
  "WETH_viaUSDC": 6.0403498e-05,
  "diff_pct": 0.005471,
  "prefer": "viaUSDC",
  "pool": {
    "address_usdc": "0xca71156bFe3bBecb281B78BF8bd9C083D1db222b",
    "address_weth": "0x4F4F6a4f5A28420B57A49Fe5cc935b441BB52456",
    "krs_usdc": 1847.858812860371,
    "usdc": 546.377054,
    "krs_weth": 501.58002257594285,
    "weth": 0.046359619997403366,
    "value_usd": 1327.99,
    "value_eth": 0.319885,
    "value_pln": 4834.22
  },
  "ETHPLN": 15112.34,
  "ETHUSD": 4151.44
}