{
  "WETH": 9.637e-05,
  "USDC": 0.24943943,
  "pool": {
    "krs_usdc": 2110.211957851982,
    "usdc": 475.561374,
    "krs_weth": 459.3248306553561,
    "weth": 0.11035560914996455,
    "value_usd": 1001.98,
    "value_eth": 0.413853,
    "value_pln": 3693.54
  },
  "ETHPLN": 8924.75,
  "ETHUSD": 2421.09
}