{
  "USDC": 0.2545654,
  "WETH": 6.1285582e-05,
  "WETH_viaUSDC": 6.1792519e-05,
  "diff_pct": 0.008238,
  "prefer": "viaUSDC",
  "pool": {
    "address_usdc": "0xca71156bFe3bBecb281B78BF8bd9C083D1db222b",
    "address_weth": "0x4F4F6a4f5A28420B57A49Fe5cc935b441BB52456",
    "krs_usdc": 1080.6003713222722,
    "usdc": 743.042905,
    "krs_weth": 911.8311892175925,
    "weth": 0.09383134677816701,
    "value_usd": 1636.8,
    "value_eth": 0.397313,
    "value_pln": 6019.39
  },
  "ETHPLN": 15150.24,
  "ETHUSD": 4119.68
}