{
  "USDC": 0.24987499,
  "WETH": 8.3314157e-05,
  "WETH_viaUSDC": 8.2979383e-05,
  "diff_pct": 0.004026,
  "prefer": "viaUSDC",
  "pool": {
    "address_usdc": "0xca71156bFe3bBecb281B78BF8bd9C083D1db222b",
    "address_weth": "0x4F4F6a4f5A28420B57A49Fe5cc935b441BB52456",
    "krs_usdc": 2097.076679120713,
    "usdc": 517.370572,
    "krs_weth": 3368.3926990263585,
    "weth": 0.5223526711606816,
    "value_usd": 3456.01,
    "value_eth": 1.147684,
    "value_pln": 12183.47
  },
  "ETHPLN": 10615.7,
  "ETHUSD": 3011.29
}