{
  "WETH": 0.00010975,
  "USDC": 0.25446956,
  "pool": {
    "krs_usdc": 1089.7056062949237,
    "usdc": 735.575519,
    "krs_weth": 1478.8358751626558,
    "weth": 0.01236140978383682,
    "value_usd": 1013.03,
    "value_eth": 0.365337,
    "value_pln": 3691.47
  },
  "ETHPLN": 10104.31,
  "ETHUSD": 2772.88
}