{
  "USDC": 0.24529995,
  "WETH": 9.0941508e-05,
  "WETH_viaUSDC": 9.035355e-05,
  "diff_pct": 0.006486,
  "prefer": "viaUSDC",
  "pool": {
    "address_usdc": "0xca71156bFe3bBecb281B78BF8bd9C083D1db222b",
    "address_weth": "0x4F4F6a4f5A28420B57A49Fe5cc935b441BB52456",
    "krs_usdc": 3012.3350554427902,
    "usdc": 269.376503,
    "krs_weth": 2453.134322704281,
    "weth": 0.5946458583923759,
    "value_usd": 3224.45,
    "value_eth": 1.187692,
    "value_pln": 11892.97
  },
  "ETHPLN": 10013.51,
  "ETHUSD": 2714.89
}