{
  "USDC": 0.25465395,
  "WETH": 6.0954824e-05,
  "WETH_viaUSDC": 6.1334021e-05,
  "diff_pct": 0.006202,
  "prefer": "viaUSDC",
  "pool": {
    "address_usdc": "0xca71156bFe3bBecb281B78BF8bd9C083D1db222b",
    "address_weth": "0x4F4F6a4f5A28420B57A49Fe5cc935b441BB52456",
    "krs_usdc": 1063.3004227002045,
    "usdc": 747.693006,
    "krs_weth": 929.1311378396603,
    "weth": 0.09283354587523392,
    "value_usd": 1640.51,
    "value_eth": 0.395121,
    "value_pln": 6001.95
  },
  "ETHPLN": 15190.15,
  "ETHUSD": 4151.92
}