{
  "WETH": 0.0001009,
  "USDC": 0.25105125,
  "pool": {
    "krs_usdc": 1768.5694490327405,
    "usdc": 556.325775,
    "krs_weth": 800.9673394745986,
    "weth": 0.07381892051918922,
    "value_usd": 1000.41,
    "value_eth": 0.394869,
    "value_pln": 3741.14
  },
  "ETHPLN": 9474.38,
  "ETHUSD": 2533.52
}