{
  "WETH": 9.705e-05,
  "USDC": 0.24972327,
  "pool": {
    "krs_usdc": 2054.232232571239,
    "usdc": 490.909736,
    "krs_weth": 515.3045559360988,
    "weth": 0.10513367511744569,
    "value_usd": 1003.95,
    "value_eth": 0.417338,
    "value_pln": 3616.58
  },
  "ETHPLN": 8665.82,
  "ETHUSD": 2405.6
}