{
  "WETH": 0.00011131,
  "USDC": 0.25504049,
  "pool": {
    "krs_usdc": 975.3798794595659,
    "usdc": 764.82083,
    "krs_weth": 1593.1616019980136,
    "weth": 0.002060830787274543,
    "value_usd": 1013.76,
    "value_eth": 0.334059,
    "value_pln": 3712.55
  },
  "ETHPLN": 11113.44,
  "ETHUSD": 3034.67
}