{
  "USDC": 0.25441465,
  "WETH": 6.1879186e-05,
  "WETH_viaUSDC": 6.2243335e-05,
  "diff_pct": 0.005868,
  "prefer": "viaUSDC",
  "pool": {
    "address_usdc": "0xca71156bFe3bBecb281B78BF8bd9C083D1db222b",
    "address_weth": "0x4F4F6a4f5A28420B57A49Fe5cc935b441BB52456",
    "krs_usdc": 1110.6709052707292,
    "usdc": 735.274739,
    "krs_weth": 881.7606552691356,
    "weth": 0.09565537663336976,
    "value_usd": 1633.16,
    "value_eth": 0.399558,
    "value_pln": 6002.63
  },
  "ETHPLN": 15023.18,
  "ETHUSD": 4087.42
}