{
  "USDC": 0.25357488,
  "WETH": 7.8356996e-05,
  "WETH_viaUSDC": 7.8546036e-05,
  "diff_pct": 0.00241,
  "prefer": "viaUSDC",
  "pool": {
    "address_usdc": "0xca71156bFe3bBecb281B78BF8bd9C083D1db222b",
    "address_weth": "0x4F4F6a4f5A28420B57A49Fe5cc935b441BB52456",
    "krs_usdc": 1328.2616316487383,
    "usdc": 704.392136,
    "krs_weth": 4137.207746498333,
    "weth": 0.4581390451833219,
    "value_usd": 3569.34,
    "value_eth": 1.105619,
    "value_pln": 12833.01
  },
  "ETHPLN": 11607.08,
  "ETHUSD": 3228.36
}