{
  "WETH": 0.00010274,
  "USDC": 0.25178422,
  "pool": {
    "krs_usdc": 1623.7939568105721,
    "usdc": 595.365611,
    "krs_weth": 945.7428316967665,
    "weth": 0.060616990039276605,
    "value_usd": 1004.31,
    "value_eth": 0.390396,
    "value_pln": 3710.87
  },
  "ETHPLN": 9505.42,
  "ETHUSD": 2572.54
}