{
  "USDC": 0.25167669,
  "WETH": 8.0831244e-05,
  "WETH_viaUSDC": 8.1157754e-05,
  "diff_pct": 0.004031,
  "prefer": "viaUSDC",
  "pool": {
    "address_usdc": "0xca71156bFe3bBecb281B78BF8bd9C083D1db222b",
    "address_weth": "0x4F4F6a4f5A28420B57A49Fe5cc935b441BB52456",
    "krs_usdc": 1720.7096009240229,
    "usdc": 608.656143,
    "krs_weth": 3744.759777223049,
    "weth": 0.49043525670280547,
    "value_usd": 3505.07,
    "value_eth": 1.130273,
    "value_pln": 12640.84
  },
  "ETHPLN": 11183.88,
  "ETHUSD": 3101.08
}