{
  "WETH": 0.00010126,
  "USDC": 0.25132274,
  "pool": {
    "krs_usdc": 1726.801297780753,
    "usdc": 573.784273,
    "krs_weth": 841.7401836768265,
    "weth": 0.07254189078939108,
    "value_usd": 1007.85,
    "value_eth": 0.395241,
    "value_pln": 3630.69
  },
  "ETHPLN": 9186.0,
  "ETHUSD": 2549.97
}