{
  "USDC": 0.25230962,
  "WETH": 7.9949539e-05,
  "WETH_viaUSDC": 8.026749e-05,
  "diff_pct": 0.003969,
  "prefer": "viaUSDC",
  "pool": {
    "address_usdc": "0xca71156bFe3bBecb281B78BF8bd9C083D1db222b",
    "address_weth": "0x4F4F6a4f5A28420B57A49Fe5cc935b441BB52456",
    "krs_usdc": 1586.1008066604818,
    "usdc": 639.789927,
    "krs_weth": 3879.3685714865896,
    "weth": 0.47873858174852785,
    "value_usd": 3523.63,
    "value_eth": 1.120975,
    "value_pln": 12700.86
  },
  "ETHPLN": 11330.19,
  "ETHUSD": 3143.36
}