{
  "USDC": 0.24784697,
  "WETH": 8.6059799e-05,
  "WETH_viaUSDC": 8.5749218e-05,
  "diff_pct": 0.003615,
  "prefer": "viaUSDC",
  "pool": {
    "address_usdc": "0xca71156bFe3bBecb281B78BF8bd9C083D1db222b",
    "address_weth": "0x4F4F6a4f5A28420B57A49Fe5cc935b441BB52456",
    "krs_usdc": 2479.2533283370403,
    "usdc": 402.622896,
    "krs_weth": 2986.216049810031,
    "weth": 0.5481329411553179,
    "value_usd": 3341.53,
    "value_eth": 1.156091,
    "value_pln": 12298.99
  },
  "ETHPLN": 10638.43,
  "ETHUSD": 2890.37
}