{
  "USDC": 0.25149044,
  "WETH": 5.4836059e-05,
  "WETH_viaUSDC": 5.4645345e-05,
  "diff_pct": 0.003484,
  "prefer": "viaUSDC",
  "pool": {
    "address_usdc": "0xca71156bFe3bBecb281B78BF8bd9C083D1db222b",
    "address_weth": "0x4F4F6a4f5A28420B57A49Fe5cc935b441BB52456",
    "krs_usdc": 1697.7565478076501,
    "usdc": 583.745673,
    "krs_weth": 451.6822876286637,
    "weth": 0.02609072000827137,
    "value_usd": 1244.38,
    "value_eth": 0.270387,
    "value_pln": 4493.62
  },
  "ETHPLN": 16619.21,
  "ETHUSD": 4602.23
}