{
  "WETH": 0.0001048,
  "USDC": 0.25247478,
  "pool": {
    "krs_usdc": 1475.8018898566806,
    "usdc": 629.021951,
    "krs_weth": 1093.734898650659,
    "weth": 0.04495176085506692,
    "value_usd": 1001.74,
    "value_eth": 0.38101,
    "value_pln": 3753.66
  },
  "ETHPLN": 9851.88,
  "ETHUSD": 2629.17
}