{
  "USDC": 0.25144697,
  "WETH": 6.7117554e-05,
  "WETH_viaUSDC": 6.720324e-05,
  "diff_pct": 0.001276,
  "prefer": "viaUSDC",
  "pool": {
    "address_usdc": "0xca71156bFe3bBecb281B78BF8bd9C083D1db222b",
    "address_weth": "0x4F4F6a4f5A28420B57A49Fe5cc935b441BB52456",
    "krs_usdc": 1711.615873286187,
    "usdc": 582.76536,
    "krs_weth": 635.3229621501267,
    "weth": 0.11147526850641508,
    "value_usd": 1589.99,
    "value_eth": 0.424951,
    "value_pln": 5827.4
  },
  "ETHPLN": 13713.12,
  "ETHUSD": 3741.59
}