{
  "USDC": 0.24642429,
  "WETH": 8.8851973e-05,
  "WETH_viaUSDC": 8.8290572e-05,
  "diff_pct": 0.006338,
  "prefer": "viaUSDC",
  "pool": {
    "address_usdc": "0xca71156bFe3bBecb281B78BF8bd9C083D1db222b",
    "address_weth": "0x4F4F6a4f5A28420B57A49Fe5cc935b441BB52456",
    "krs_usdc": 2782.7218692890133,
    "usdc": 329.950011,
    "krs_weth": 2682.747508858058,
    "weth": 0.5754770261498465,
    "value_usd": 3282.97,
    "value_eth": 1.176243,
    "value_pln": 11939.22
  },
  "ETHPLN": 10150.3,
  "ETHUSD": 2791.06
}