{
  "USDC": 0.25120537,
  "WETH": 5.7615696e-05,
  "WETH_viaUSDC": 5.7814017e-05,
  "diff_pct": 0.003436,
  "prefer": "viaUSDC",
  "pool": {
    "address_usdc": "0xca71156bFe3bBecb281B78BF8bd9C083D1db222b",
    "address_weth": "0x4F4F6a4f5A28420B57A49Fe5cc935b441BB52456",
    "krs_usdc": 1755.5176677646568,
    "usdc": 568.921849,
    "krs_weth": 393.92116767165703,
    "weth": 0.029268880868998325,
    "value_usd": 1236.05,
    "value_eth": 0.284472,
    "value_pln": 4499.21
  },
  "ETHPLN": 15816.0,
  "ETHUSD": 4345.06
}