{
  "WETH": 9.968e-05,
  "USDC": 0.25056052,
  "pool": {
    "krs_usdc": 1866.104239458846,
    "usdc": 530.221908,
    "krs_weth": 703.4325490484938,
    "weth": 0.08289595508313502,
    "value_usd": 997.86,
    "value_eth": 0.398268,
    "value_pln": 3721.14
  },
  "ETHPLN": 9343.32,
  "ETHUSD": 2505.51
}