{
  "USDC": 0.25407365,
  "WETH": 7.0419127e-05,
  "WETH_viaUSDC": 7.0384606e-05,
  "diff_pct": 0.00049,
  "prefer": "viaUSDC",
  "pool": {
    "address_usdc": "0xca71156bFe3bBecb281B78BF8bd9C083D1db222b",
    "address_weth": "0x4F4F6a4f5A28420B57A49Fe5cc935b441BB52456",
    "krs_usdc": 1186.163015874211,
    "usdc": 719.565597,
    "krs_weth": 501.5085446656538,
    "weth": 0.12161247856917244,
    "value_usd": 1587.35,
    "value_eth": 0.439736,
    "value_pln": 5814.68
  },
  "ETHPLN": 13223.11,
  "ETHUSD": 3609.79
}