{
  "USDC": 0.24937971,
  "WETH": 8.3353262e-05,
  "WETH_viaUSDC": 8.2988534e-05,
  "diff_pct": 0.004385,
  "prefer": "viaUSDC",
  "pool": {
    "address_usdc": "0xca71156bFe3bBecb281B78BF8bd9C083D1db222b",
    "address_weth": "0x4F4F6a4f5A28420B57A49Fe5cc935b441BB52456",
    "krs_usdc": 2151.2020596799853,
    "usdc": 479.699524,
    "krs_weth": 3314.170843125423,
    "weth": 0.5188405888626377,
    "value_usd": 3401.76,
    "value_eth": 1.132038,
    "value_pln": 12419.64
  },
  "ETHPLN": 10971.04,
  "ETHUSD": 3004.99
}