{
  "USDC": 0.25331468,
  "WETH": 6.6639874e-05,
  "WETH_viaUSDC": 6.5845962e-05,
  "diff_pct": 0.011985,
  "prefer": "viaUSDC",
  "pool": {
    "address_usdc": "0xca71156bFe3bBecb281B78BF8bd9C083D1db222b",
    "address_weth": "0x4F4F6a4f5A28420B57A49Fe5cc935b441BB52456",
    "krs_usdc": 1333.9794056209842,
    "usdc": 679.309144,
    "krs_weth": 658.4521549188806,
    "weth": 0.11017691007071821,
    "value_usd": 1607.88,
    "value_eth": 0.417948,
    "value_pln": 5836.93
  },
  "ETHPLN": 13965.67,
  "ETHUSD": 3847.08
}