{
  "WETH": 0.00010487,
  "USDC": 0.25247709,
  "pool": {
    "krs_usdc": 1472.8251397525364,
    "usdc": 628.509143,
    "krs_weth": 1096.7116487548044,
    "weth": 0.04418387154516966,
    "value_usd": 1000.48,
    "value_eth": 0.379396,
    "value_pln": 3728.96
  },
  "ETHPLN": 9828.67,
  "ETHUSD": 2637.03
}