{
  "WETH": 9.716e-05,
  "USDC": 0.24976785,
  "pool": {
    "krs_usdc": 2045.1916568242357,
    "usdc": 493.255066,
    "krs_weth": 524.3451316831018,
    "weth": 0.10423881269883326,
    "value_usd": 1004.13,
    "value_eth": 0.411203,
    "value_pln": 3619.61
  },
  "ETHPLN": 8802.48,
  "ETHUSD": 2441.93
}