{
  "USDC": 0.25390248,
  "WETH": 7.1288315e-05,
  "WETH_viaUSDC": 7.1049893e-05,
  "diff_pct": 0.00335,
  "prefer": "viaUSDC",
  "pool": {
    "address_usdc": "0xca71156bFe3bBecb281B78BF8bd9C083D1db222b",
    "address_weth": "0x4F4F6a4f5A28420B57A49Fe5cc935b441BB52456",
    "krs_usdc": 1221.1187565041837,
    "usdc": 710.917423,
    "krs_weth": 466.55280403568116,
    "weth": 0.12415390598764114,
    "value_usd": 1583.1,
    "value_eth": 0.443,
    "value_pln": 5788.69
  },
  "ETHPLN": 13067.03,
  "ETHUSD": 3573.58
}