{
  "USDC": 0.25191607,
  "WETH": 8.0238533e-05,
  "WETH_viaUSDC": 7.9656248e-05,
  "diff_pct": 0.007283,
  "prefer": "viaUSDC",
  "pool": {
    "address_usdc": "0xca71156bFe3bBecb281B78BF8bd9C083D1db222b",
    "address_weth": "0x4F4F6a4f5A28420B57A49Fe5cc935b441BB52456",
    "krs_usdc": 1649.2982655005487,
    "usdc": 615.296054,
    "krs_weth": 3816.171112646523,
    "weth": 0.4810465801026043,
    "value_usd": 3513.46,
    "value_eth": 1.110963,
    "value_pln": 12751.92
  },
  "ETHPLN": 11478.26,
  "ETHUSD": 3162.54
}