{
  "USDC": 0.25143185,
  "WETH": 5.5381424e-05,
  "WETH_viaUSDC": 5.4780806e-05,
  "diff_pct": 0.010904,
  "prefer": "viaUSDC",
  "pool": {
    "address_usdc": "0xca71156bFe3bBecb281B78BF8bd9C083D1db222b",
    "address_weth": "0x4F4F6a4f5A28420B57A49Fe5cc935b441BB52456",
    "krs_usdc": 1709.5275749862735,
    "usdc": 580.675486,
    "krs_weth": 439.9112604500403,
    "weth": 0.02671533205139129,
    "value_usd": 1243.73,
    "value_eth": 0.270978,
    "value_pln": 4507.55
  },
  "ETHPLN": 16634.35,
  "ETHUSD": 4589.78
}