{
  "WETH": 0.00010255,
  "USDC": 0.25179185,
  "pool": {
    "krs_usdc": 1629.9813254249225,
    "usdc": 597.693925,
    "krs_weth": 939.5554630824153,
    "weth": 0.06276830732201087,
    "value_usd": 1008.21,
    "value_eth": 0.389195,
    "value_pln": 3645.3
  },
  "ETHPLN": 9366.25,
  "ETHUSD": 2590.49
}