{
  "WETH": 0.00010323,
  "USDC": 0.25206366,
  "pool": {
    "krs_usdc": 1575.9510830810946,
    "usdc": 612.025659,
    "krs_weth": 992.5903983764849,
    "weth": 0.05789378343864303,
    "value_usd": 1009.37,
    "value_eth": 0.386996,
    "value_pln": 3652.89
  },
  "ETHPLN": 9439.08,
  "ETHUSD": 2608.21
}