{
  "USDC": 0.24616211,
  "WETH": 9.0050254e-05,
  "WETH_viaUSDC": 8.9801839e-05,
  "diff_pct": 0.002762,
  "prefer": "viaUSDC",
  "pool": {
    "address_usdc": "0xca71156bFe3bBecb281B78BF8bd9C083D1db222b",
    "address_weth": "0x4F4F6a4f5A28420B57A49Fe5cc935b441BB52456",
    "krs_usdc": 2874.3090228128954,
    "usdc": 325.411704,
    "krs_weth": 2591.160355334176,
    "weth": 0.5898825741670628,
    "value_usd": 3287.77,
    "value_eth": 1.199404,
    "value_pln": 11602.07
  },
  "ETHPLN": 9673.19,
  "ETHUSD": 2741.17
}