{
  "WETH": 0.00010211,
  "USDC": 0.25164606,
  "pool": {
    "krs_usdc": 1661.068719653363,
    "usdc": 590.52387,
    "krs_weth": 907.4727618042166,
    "weth": 0.06615909292595092,
    "value_usd": 1008.62,
    "value_eth": 0.391578,
    "value_pln": 3648.2
  },
  "ETHPLN": 9316.66,
  "ETHUSD": 2575.78
}