{
  "USDC": 0.24883318,
  "WETH": 8.4688538e-05,
  "WETH_viaUSDC": 8.4686681e-05,
  "diff_pct": 2.2e-05,
  "prefer": "viaUSDC",
  "pool": {
    "address_usdc": "0xca71156bFe3bBecb281B78BF8bd9C083D1db222b",
    "address_weth": "0x4F4F6a4f5A28420B57A49Fe5cc935b441BB52456",
    "krs_usdc": 2298.003230206242,
    "usdc": 459.78129,
    "krs_weth": 3167.4661479408296,
    "weth": 0.5367520471214235,
    "value_usd": 3396.9,
    "value_eth": 1.156084,
    "value_pln": 12197.86
  },
  "ETHPLN": 10551.01,
  "ETHUSD": 2938.28
}