{
  "WETH": 9.917e-05,
  "USDC": 0.25052391,
  "pool": {
    "krs_usdc": 1889.5030586681962,
    "usdc": 532.317071,
    "krs_weth": 680.0337298391415,
    "weth": 0.08842559070111092,
    "value_usd": 1005.75,
    "value_eth": 0.402846,
    "value_pln": 3641.47
  },
  "ETHPLN": 9039.34,
  "ETHUSD": 2496.61
}