{
  "USDC": 0.24724612,
  "WETH": 8.7100502e-05,
  "WETH_viaUSDC": 8.7704854e-05,
  "diff_pct": 0.006915,
  "prefer": "viaUSDC",
  "pool": {
    "address_usdc": "0xca71156bFe3bBecb281B78BF8bd9C083D1db222b",
    "address_weth": "0x4F4F6a4f5A28420B57A49Fe5cc935b441BB52456",
    "krs_usdc": 2600.4340366612696,
    "usdc": 370.307902,
    "krs_weth": 2864.938866144139,
    "weth": 0.5578123543299022,
    "value_usd": 3294.11,
    "value_eth": 1.16851,
    "value_pln": 12104.73
  },
  "ETHPLN": 10359.11,
  "ETHUSD": 2819.07
}