{
  "WETH": 0.00010273,
  "USDC": 0.25166333,
  "pool": {
    "krs_usdc": 1637.1183908275132,
    "usdc": 586.282802,
    "krs_weth": 933.459622143206,
    "weth": 0.059605193908111524,
    "value_usd": 998.38,
    "value_eth": 0.385587,
    "value_pln": 3737.62
  },
  "ETHPLN": 9693.31,
  "ETHUSD": 2589.25
}