{
  "USDC": 0.24633224,
  "WETH": 8.9714768e-05,
  "WETH_viaUSDC": 8.9904902e-05,
  "diff_pct": 0.002117,
  "prefer": "viaUSDC",
  "pool": {
    "address_usdc": "0xca71156bFe3bBecb281B78BF8bd9C083D1db222b",
    "address_weth": "0x4F4F6a4f5A28420B57A49Fe5cc935b441BB52456",
    "krs_usdc": 2838.582008930804,
    "usdc": 334.30595,
    "krs_weth": 2626.8873692162674,
    "weth": 0.5867066321272832,
    "value_usd": 3288.16,
    "value_eth": 1.200092,
    "value_pln": 11600.02
  },
  "ETHPLN": 9665.94,
  "ETHUSD": 2739.92
}