{
  "WETH": 0.00010306,
  "USDC": 0.25185483,
  "pool": {
    "krs_usdc": 1604.382505999578,
    "usdc": 597.735258,
    "krs_weth": 965.1542825077612,
    "weth": 0.057766745594175176,
    "value_usd": 1001.91,
    "value_eth": 0.381954,
    "value_pln": 3748.43
  },
  "ETHPLN": 9813.83,
  "ETHUSD": 2623.11
}