{
  "USDC": 0.25312958,
  "WETH": 7.875162e-05,
  "WETH_viaUSDC": 7.8861236e-05,
  "diff_pct": 0.001391,
  "prefer": "viaUSDC",
  "pool": {
    "address_usdc": "0xca71156bFe3bBecb281B78BF8bd9C083D1db222b",
    "address_weth": "0x4F4F6a4f5A28420B57A49Fe5cc935b441BB52456",
    "krs_usdc": 1405.7720217034284,
    "usdc": 678.419917,
    "krs_weth": 4059.697356443643,
    "weth": 0.4621932192018084,
    "value_usd": 3545.44,
    "value_eth": 1.104565,
    "value_pln": 12742.06
  },
  "ETHPLN": 11535.82,
  "ETHUSD": 3209.81
}