{
  "USDC": 0.25198582,
  "WETH": 8.0381706e-05,
  "WETH_viaUSDC": 8.0200967e-05,
  "diff_pct": 0.002251,
  "prefer": "viaUSDC",
  "pool": {
    "address_usdc": "0xca71156bFe3bBecb281B78BF8bd9C083D1db222b",
    "address_weth": "0x4F4F6a4f5A28420B57A49Fe5cc935b441BB52456",
    "krs_usdc": 1653.5761893768736,
    "usdc": 623.528144,
    "krs_weth": 3811.893188770198,
    "weth": 0.4843881421735702,
    "value_usd": 3522.66,
    "value_eth": 1.121178,
    "value_pln": 12718.26
  },
  "ETHPLN": 11343.66,
  "ETHUSD": 3141.93
}