{
  "USDC": 0.24038198,
  "WETH": 0.000103293405,
  "WETH_viaUSDC": 0.000103039983,
  "diff_pct": 0.002456,
  "prefer": "viaUSDC",
  "pool": {
    "address_usdc": "0xca71156bFe3bBecb281B78BF8bd9C083D1db222b",
    "address_weth": "0x4F4F6a4f5A28420B57A49Fe5cc935b441BB52456",
    "krs_usdc": 4126.39263301448,
    "usdc": 25.212398,
    "krs_weth": 1339.0767451325912,
    "weth": 0.7123510883866901,
    "value_usd": 3000.86,
    "value_eth": 1.28632,
    "value_pln": 10898.03
  },
  "ETHPLN": 8472.25,
  "ETHUSD": 2332.9
}