{
  "USDC": 0.25394672,
  "WETH": 6.39382e-05,
  "WETH_viaUSDC": 6.2820468e-05,
  "diff_pct": 0.017636,
  "prefer": "viaUSDC",
  "pool": {
    "address_usdc": "0xca71156bFe3bBecb281B78BF8bd9C083D1db222b",
    "address_weth": "0x4F4F6a4f5A28420B57A49Fe5cc935b441BB52456",
    "krs_usdc": 1207.9162723129823,
    "usdc": 712.097085,
    "krs_weth": 784.5152882268824,
    "weth": 0.10215683494782714,
    "value_usd": 1631.03,
    "value_eth": 0.403478,
    "value_pln": 5951.19
  },
  "ETHPLN": 14749.7,
  "ETHUSD": 4042.42
}