{
  "WETH": 0.00010162,
  "USDC": 0.25135568,
  "pool": {
    "krs_usdc": 1710.1262895083778,
    "usdc": 572.994115,
    "krs_weth": 859.4104989989611,
    "weth": 0.06881238174200649,
    "value_usd": 1002.93,
    "value_eth": 0.39049,
    "value_pln": 3710.22
  },
  "ETHPLN": 9501.45,
  "ETHUSD": 2568.39
}