{
  "USDC": 0.25394919,
  "WETH": 5.6899121e-05,
  "WETH_viaUSDC": 5.6459124e-05,
  "diff_pct": 0.007763,
  "prefer": "viaUSDC",
  "pool": {
    "address_usdc": "0xca71156bFe3bBecb281B78BF8bd9C083D1db222b",
    "address_weth": "0x4F4F6a4f5A28420B57A49Fe5cc935b441BB52456",
    "krs_usdc": 1202.1869487916379,
    "usdc": 710.89735,
    "krs_weth": 1144.751886644676,
    "weth": 0.07984680120495144,
    "value_usd": 1666.05,
    "value_eth": 0.370403,
    "value_pln": 6089.0
  },
  "ETHPLN": 16438.85,
  "ETHUSD": 4497.93
}