{
  "USDC": 0.247554,
  "WETH": 8.6960413e-05,
  "WETH_viaUSDC": 8.7621671e-05,
  "diff_pct": 0.007575,
  "prefer": "viaUSDC",
  "pool": {
    "address_usdc": "0xca71156bFe3bBecb281B78BF8bd9C083D1db222b",
    "address_weth": "0x4F4F6a4f5A28420B57A49Fe5cc935b441BB52456",
    "krs_usdc": 2560.419101580034,
    "usdc": 392.407795,
    "krs_weth": 2905.0502765670376,
    "weth": 0.5585050609612332,
    "value_usd": 3323.33,
    "value_eth": 1.176291,
    "value_pln": 11916.29
  },
  "ETHPLN": 10130.39,
  "ETHUSD": 2825.26
}