{
  "WETH": 0.00010437,
  "USDC": 0.25229638,
  "pool": {
    "krs_usdc": 1509.8472215947636,
    "usdc": 619.291452,
    "krs_weth": 1059.689566912577,
    "weth": 0.04777054912662837,
    "value_usd": 1000.33,
    "value_eth": 0.379123,
    "value_pln": 3740.68
  },
  "ETHPLN": 9866.68,
  "ETHUSD": 2638.54
}