{
  "USDC": 0.25005903,
  "WETH": 8.2859296e-05,
  "WETH_viaUSDC": 8.2361652e-05,
  "diff_pct": 0.006024,
  "prefer": "viaUSDC",
  "pool": {
    "address_usdc": "0xca71156bFe3bBecb281B78BF8bd9C083D1db222b",
    "address_weth": "0x4F4F6a4f5A28420B57A49Fe5cc935b441BB52456",
    "krs_usdc": 2043.6802257793693,
    "usdc": 522.997222,
    "krs_weth": 3421.789152367702,
    "weth": 0.5153839942736962,
    "value_usd": 3454.45,
    "value_eth": 1.137788,
    "value_pln": 12360.76
  },
  "ETHPLN": 10863.85,
  "ETHUSD": 3036.11
}