{
  "WETH": 0.00010126,
  "USDC": 0.25132274,
  "pool": {
    "krs_usdc": 1726.801297780753,
    "usdc": 573.784273,
    "krs_weth": 841.7401836768265,
    "weth": 0.07254189078939108,
    "value_usd": 1007.85,
    "value_eth": 0.394496,
    "value_pln": 3631.5
  },
  "ETHPLN": 9205.41,
  "ETHUSD": 2554.79
}