{
  "USDC": 0.25149323,
  "WETH": 8.075046e-05,
  "WETH_viaUSDC": 8.1157742e-05,
  "diff_pct": 0.005031,
  "prefer": "viaUSDC",
  "pool": {
    "address_usdc": "0xca71156bFe3bBecb281B78BF8bd9C083D1db222b",
    "address_weth": "0x4F4F6a4f5A28420B57A49Fe5cc935b441BB52456",
    "krs_usdc": 1733.0931524292255,
    "usdc": 592.899602,
    "krs_weth": 3732.376225717846,
    "weth": 0.48736931314668475,
    "value_usd": 3477.7,
    "value_eth": 1.122265,
    "value_pln": 12625.24
  },
  "ETHPLN": 11249.78,
  "ETHUSD": 3098.82
}