{
  "WETH": 0.0001069,
  "USDC": 0.25329364,
  "pool": {
    "krs_usdc": 1314.0328452614815,
    "usdc": 672.138706,
    "krs_weth": 1255.5039432458575,
    "weth": 0.030501303471548606,
    "value_usd": 1005.11,
    "value_eth": 0.373551,
    "value_pln": 3703.38
  },
  "ETHPLN": 9913.99,
  "ETHUSD": 2690.69
}