{
  "USDC": 0.247554,
  "WETH": 8.6960413e-05,
  "WETH_viaUSDC": 8.6940978e-05,
  "diff_pct": 0.000224,
  "prefer": "viaUSDC",
  "pool": {
    "address_usdc": "0xca71156bFe3bBecb281B78BF8bd9C083D1db222b",
    "address_weth": "0x4F4F6a4f5A28420B57A49Fe5cc935b441BB52456",
    "krs_usdc": 2560.419101580034,
    "usdc": 392.407795,
    "krs_weth": 2905.0502765670376,
    "weth": 0.5585050609612332,
    "value_usd": 3335.68,
    "value_eth": 1.171492,
    "value_pln": 11966.38
  },
  "ETHPLN": 10214.65,
  "ETHUSD": 2847.38
}