{
  "USDC": 0.25363339,
  "WETH": 6.5274838e-05,
  "WETH_viaUSDC": 6.5262119e-05,
  "diff_pct": 0.000195,
  "prefer": "viaUSDC",
  "pool": {
    "address_usdc": "0xca71156bFe3bBecb281B78BF8bd9C083D1db222b",
    "address_weth": "0x4F4F6a4f5A28420B57A49Fe5cc935b441BB52456",
    "krs_usdc": 1270.801752528338,
    "usdc": 695.962341,
    "krs_weth": 721.6298080115267,
    "weth": 0.10617478593736178,
    "value_usd": 1613.95,
    "value_eth": 0.415282,
    "value_pln": 5889.48
  },
  "ETHPLN": 14181.86,
  "ETHUSD": 3886.38
}