{
  "WETH": 0.00010326,
  "USDC": 0.25190432,
  "pool": {
    "krs_usdc": 1591.641724955744,
    "usdc": 599.616952,
    "krs_weth": 977.8950635515957,
    "weth": 0.05601465165199601,
    "value_usd": 1000.66,
    "value_eth": 0.384195,
    "value_pln": 3757.1
  },
  "ETHPLN": 9779.14,
  "ETHUSD": 2604.56
}