{
  "WETH": 9.768e-05,
  "USDC": 0.24983344,
  "pool": {
    "krs_usdc": 2018.4294324626155,
    "usdc": 493.32694,
    "krs_weth": 551.1073560447236,
    "weth": 0.09881709775151395,
    "value_usd": 997.65,
    "value_eth": 0.406569,
    "value_pln": 3734.35
  },
  "ETHPLN": 9185.03,
  "ETHUSD": 2453.83
}