{
  "WETH": 3.4025678654032517e+30,
  "USDC": 0.25112694,
  "pool": {
    "krs_usdc": 1770.0314641665195,
    "usdc": 564.49299,
    "krs_weth": 0.9318451088522263,
    "weth": 1.37e-16,
    "value_usd": 3.170666222913781e+30,
    "value_eth": 6.969324321817932e+26,
    "value_pln": 1.1638067715679443e+31
  },
  "ETHPLN": 16698.99,
  "ETHUSD": 4549.46
}