{
  "USDC": 0.24083134,
  "WETH": 0.000102176052,
  "WETH_viaUSDC": 0.000101379191,
  "diff_pct": 0.007829,
  "prefer": "viaUSDC",
  "pool": {
    "address_usdc": "0xca71156bFe3bBecb281B78BF8bd9C083D1db222b",
    "address_weth": "0x4F4F6a4f5A28420B57A49Fe5cc935b441BB52456",
    "krs_usdc": 4028.852571225038,
    "usdc": 49.016882,
    "krs_weth": 1436.6168069220332,
    "weth": 0.7024608120117185,
    "value_usd": 3034.0,
    "value_eth": 1.27718,
    "value_pln": 11046.63
  },
  "ETHPLN": 8649.24,
  "ETHUSD": 2375.55
}