{
  "WETH": 0.00010158,
  "USDC": 0.25113364
}