{
  "WETH": 0.00010569,
  "USDC": 0.25276985,
  "pool": {
    "krs_usdc": 1412.217463268504,
    "usdc": 643.255694,
    "krs_weth": 1157.3193252388369,
    "weth": 0.03821587017379034,
    "value_usd": 1000.34,
    "value_eth": 0.376177,
    "value_pln": 3749.04
  },
  "ETHPLN": 9966.18,
  "ETHUSD": 2659.24
}