{
  "USDC": 0.24944134,
  "WETH": 8.3666678e-05,
  "WETH_viaUSDC": 8.3300665e-05,
  "diff_pct": 0.004384,
  "prefer": "viaUSDC",
  "pool": {
    "address_usdc": "0xca71156bFe3bBecb281B78BF8bd9C083D1db222b",
    "address_weth": "0x4F4F6a4f5A28420B57A49Fe5cc935b441BB52456",
    "krs_usdc": 2168.3886259319092,
    "usdc": 490.362575,
    "krs_weth": 3297.080752215162,
    "weth": 0.5252697247147885,
    "value_usd": 3426.58,
    "value_eth": 1.144303,
    "value_pln": 12298.96
  },
  "ETHPLN": 10747.99,
  "ETHUSD": 2994.47
}