{
  "USDC": 0.25258221,
  "WETH": 7.8309368e-05,
  "WETH_viaUSDC": 7.7196468e-05,
  "diff_pct": 0.014313,
  "prefer": "viaUSDC",
  "pool": {
    "address_usdc": "0xca71156bFe3bBecb281B78BF8bd9C083D1db222b",
    "address_weth": "0x4F4F6a4f5A28420B57A49Fe5cc935b441BB52456",
    "krs_usdc": 1486.796886716246,
    "usdc": 642.813684,
    "krs_weth": 200.87467382361868,
    "weth": 0.14376281715330094,
    "value_usd": 1539.47,
    "value_eth": 0.470508,
    "value_pln": 5707.25
  },
  "ETHPLN": 12129.98,
  "ETHUSD": 3271.94
}