{
  "USDC": 0.24893971,
  "WETH": 8.4433732e-05,
  "WETH_viaUSDC": 8.3878804e-05,
  "diff_pct": 0.006594,
  "prefer": "viaUSDC",
  "pool": {
    "address_usdc": "0xca71156bFe3bBecb281B78BF8bd9C083D1db222b",
    "address_weth": "0x4F4F6a4f5A28420B57A49Fe5cc935b441BB52456",
    "krs_usdc": 2272.1485287569685,
    "usdc": 464.363046,
    "krs_weth": 3193.320849390103,
    "weth": 0.5339400947830345,
    "value_usd": 3409.59,
    "value_eth": 1.148842,
    "value_pln": 12263.92
  },
  "ETHPLN": 10675.03,
  "ETHUSD": 2967.85
}