{
  "USDC": 0.25461781,
  "WETH": 6.1199972e-05,
  "WETH_viaUSDC": 6.1233583e-05,
  "diff_pct": 0.000549,
  "prefer": "viaUSDC",
  "pool": {
    "address_usdc": "0xca71156bFe3bBecb281B78BF8bd9C083D1db222b",
    "address_weth": "0x4F4F6a4f5A28420B57A49Fe5cc935b441BB52456",
    "krs_usdc": 1073.1673975975662,
    "usdc": 746.508194,
    "krs_weth": 919.2641629422988,
    "weth": 0.09376364869716104,
    "value_usd": 1643.7,
    "value_eth": 0.395297,
    "value_pln": 5977.78
  },
  "ETHPLN": 15122.25,
  "ETHUSD": 4158.14
}