{
  "USDC": 0.25082174,
  "WETH": 5.9614878e-05,
  "WETH_viaUSDC": 6.0089153e-05,
  "diff_pct": 0.007924,
  "prefer": "viaUSDC",
  "pool": {
    "address_usdc": "0xca71156bFe3bBecb281B78BF8bd9C083D1db222b",
    "address_weth": "0x4F4F6a4f5A28420B57A49Fe5cc935b441BB52456",
    "krs_usdc": 1835.4643712042714,
    "usdc": 549.47615,
    "krs_weth": 513.9744642320424,
    "weth": 0.045615655495312636,
    "value_usd": 1329.17,
    "value_eth": 0.318429,
    "value_pln": 4835.81
  },
  "ETHPLN": 15186.45,
  "ETHUSD": 4174.16
}