{
  "WETH": 9.78e-05,
  "USDC": 0.24998621,
  "pool": {
    "krs_usdc": 1997.759354278224,
    "usdc": 503.943642,
    "krs_weth": 571.7774342291139,
    "weth": 0.09889664217154888,
    "value_usd": 1003.41,
    "value_eth": 0.410472,
    "value_pln": 3679.61
  },
  "ETHPLN": 8964.32,
  "ETHUSD": 2444.53
}