{
  "WETH": 9.709e-05,
  "USDC": 0.24972876,
  "pool": {
    "krs_usdc": 2052.0962673170443,
    "usdc": 490.94256,
    "krs_weth": 517.4405211902933,
    "weth": 0.10470897338130486,
    "value_usd": 1003.46,
    "value_eth": 0.411723,
    "value_pln": 3630.77
  },
  "ETHPLN": 8818.47,
  "ETHUSD": 2437.22
}