{
  "WETH": 9.857e-05,
  "USDC": 0.25029537,
  "pool": {
    "krs_usdc": 1935.9735864269785,
    "usdc": 520.386781,
    "krs_weth": 633.5632020803592,
    "weth": 0.09300636463584247,
    "value_usd": 1005.01,
    "value_eth": 0.410621,
    "value_pln": 3609.24
  },
  "ETHPLN": 8789.73,
  "ETHUSD": 2447.55
}