{
  "USDC": 0.24617982,
  "WETH": 8.9194316e-05,
  "WETH_viaUSDC": 8.8863957e-05,
  "diff_pct": 0.003711,
  "prefer": "viaUSDC",
  "pool": {
    "address_usdc": "0xca71156bFe3bBecb281B78BF8bd9C083D1db222b",
    "address_weth": "0x4F4F6a4f5A28420B57A49Fe5cc935b441BB52456",
    "krs_usdc": 2826.9142431105233,
    "usdc": 315.403128,
    "krs_weth": 2638.5551350365486,
    "weth": 0.5781147076533304,
    "value_usd": 3262.44,
    "value_eth": 1.17765,
    "value_pln": 12017.51
  },
  "ETHPLN": 10204.66,
  "ETHUSD": 2770.3
}