{
  "USDC": 0.25295465,
  "WETH": 7.913537e-05,
  "WETH_viaUSDC": 7.9241481e-05,
  "diff_pct": 0.00134,
  "prefer": "viaUSDC",
  "pool": {
    "address_usdc": "0xca71156bFe3bBecb281B78BF8bd9C083D1db222b",
    "address_weth": "0x4F4F6a4f5A28420B57A49Fe5cc935b441BB52456",
    "krs_usdc": 1454.8356340756625,
    "usdc": 672.852214,
    "krs_weth": 4010.633744071409,
    "weth": 0.4682661471304268,
    "value_usd": 3550.17,
    "value_eth": 1.112138,
    "value_pln": 12770.73
  },
  "ETHPLN": 11483.04,
  "ETHUSD": 3192.2
}