{
  "WETH": 9.913e-05,
  "USDC": 0.25048801,
  "pool": {
    "krs_usdc": 1894.7911723426225,
    "usdc": 529.941522,
    "krs_weth": 674.7456161647154,
    "weth": 0.08853298512514127,
    "value_usd": 1004.63,
    "value_eth": 0.407196,
    "value_pln": 3638.42
  },
  "ETHPLN": 8935.29,
  "ETHUSD": 2467.19
}