{
  "USDC": 0.24987905,
  "WETH": 8.2827897e-05,
  "WETH_viaUSDC": 8.3154427e-05,
  "diff_pct": 0.003935,
  "prefer": "viaUSDC",
  "pool": {
    "address_usdc": "0xca71156bFe3bBecb281B78BF8bd9C083D1db222b",
    "address_weth": "0x4F4F6a4f5A28420B57A49Fe5cc935b441BB52456",
    "krs_usdc": 2059.873850864236,
    "usdc": 508.45849,
    "krs_weth": 3405.5955272828355,
    "weth": 0.5132615506309255,
    "value_usd": 3416.52,
    "value_eth": 1.136944,
    "value_pln": 12481.03
  },
  "ETHPLN": 10977.7,
  "ETHUSD": 3005.0
}