{
  "USDC": 0.25295284,
  "WETH": 7.6233188e-05,
  "WETH_viaUSDC": 7.7082872e-05,
  "diff_pct": 0.011084,
  "prefer": "viaUSDC",
  "pool": {
    "address_usdc": "0xca71156bFe3bBecb281B78BF8bd9C083D1db222b",
    "address_weth": "0x4F4F6a4f5A28420B57A49Fe5cc935b441BB52456",
    "krs_usdc": 1412.0366377114462,
    "usdc": 661.958029,
    "krs_weth": 275.63492282841855,
    "weth": 0.1380612111101054,
    "value_usd": 1541.92,
    "value_eth": 0.469872,
    "value_pln": 5682.84
  },
  "ETHPLN": 12094.46,
  "ETHUSD": 3281.57
}