{
  "USDC": 0.25380295,
  "WETH": 6.4546316e-05,
  "WETH_viaUSDC": 6.3825231e-05,
  "diff_pct": 0.011234,
  "prefer": "viaUSDC",
  "pool": {
    "address_usdc": "0xca71156bFe3bBecb281B78BF8bd9C083D1db222b",
    "address_weth": "0x4F4F6a4f5A28420B57A49Fe5cc935b441BB52456",
    "krs_usdc": 1236.7631001201753,
    "usdc": 704.696135,
    "krs_weth": 755.6684604196895,
    "weth": 0.10399037930736317,
    "value_usd": 1623.9,
    "value_eth": 0.408372,
    "value_pln": 5920.41
  },
  "ETHPLN": 14497.61,
  "ETHUSD": 3976.53
}