{
  "USDC": 0.24055563,
  "WETH": 0.000102798043,
  "WETH_viaUSDC": 0.000103024332,
  "diff_pct": 0.002199,
  "prefer": "viaUSDC",
  "pool": {
    "address_usdc": "0xca71156bFe3bBecb281B78BF8bd9C083D1db222b",
    "address_weth": "0x4F4F6a4f5A28420B57A49Fe5cc935b441BB52456",
    "krs_usdc": 4086.0246529794535,
    "usdc": 33.77792,
    "krs_weth": 1379.4447251676181,
    "weth": 0.7077441361235305,
    "value_usd": 3001.07,
    "value_eth": 1.285287,
    "value_pln": 10795.56
  },
  "ETHPLN": 8399.34,
  "ETHUSD": 2334.94
}