{
  "USDC": 0.25529822,
  "WETH": 7.6366002e-05,
  "WETH_viaUSDC": 7.6336715e-05,
  "diff_pct": 0.000384,
  "prefer": "viaUSDC",
  "pool": {
    "address_usdc": "0xca71156bFe3bBecb281B78BF8bd9C083D1db222b",
    "address_weth": "0x4F4F6a4f5A28420B57A49Fe5cc935b441BB52456",
    "krs_usdc": 987.4330266253213,
    "usdc": 793.970191,
    "krs_weth": 4478.0363515217505,
    "weth": 0.4326506299280035,
    "value_usd": 3636.24,
    "value_eth": 1.087272,
    "value_pln": 13261.69
  },
  "ETHPLN": 12197.22,
  "ETHUSD": 3344.37
}