{
  "USDC": 0.25298443,
  "WETH": 7.6154508e-05,
  "WETH_viaUSDC": 7.7576408e-05,
  "diff_pct": 0.018499,
  "prefer": "viaUSDC",
  "pool": {
    "address_usdc": "0xca71156bFe3bBecb281B78BF8bd9C083D1db222b",
    "address_weth": "0x4F4F6a4f5A28420B57A49Fe5cc935b441BB52456",
    "krs_usdc": 1407.3970780854415,
    "usdc": 664.025774,
    "krs_weth": 280.2744824544232,
    "weth": 0.1379718850199114,
    "value_usd": 1540.92,
    "value_eth": 0.472516,
    "value_pln": 5589.25
  },
  "ETHPLN": 11828.71,
  "ETHUSD": 3261.1
}