{
  "USDC": 0.24940849,
  "WETH": 8.3930721e-05,
  "WETH_viaUSDC": 8.4477381e-05,
  "diff_pct": 0.006492,
  "prefer": "viaUSDC",
  "pool": {
    "address_usdc": "0xca71156bFe3bBecb281B78BF8bd9C083D1db222b",
    "address_weth": "0x4F4F6a4f5A28420B57A49Fe5cc935b441BB52456",
    "krs_usdc": 2191.5050253460604,
    "usdc": 492.765725,
    "krs_weth": 3273.964352801011,
    "weth": 0.5298991570921228,
    "value_usd": 3420.36,
    "value_eth": 1.158513,
    "value_pln": 12189.42
  },
  "ETHPLN": 10521.61,
  "ETHUSD": 2952.37
}