{
  "USDC": 0.24865896,
  "WETH": 8.4879307e-05,
  "WETH_viaUSDC": 8.5054937e-05,
  "diff_pct": 0.002067,
  "prefer": "viaUSDC",
  "pool": {
    "address_usdc": "0xca71156bFe3bBecb281B78BF8bd9C083D1db222b",
    "address_weth": "0x4F4F6a4f5A28420B57A49Fe5cc935b441BB52456",
    "krs_usdc": 2327.147207478353,
    "usdc": 449.003048,
    "krs_weth": 3138.3221706687186,
    "weth": 0.5380224837264038,
    "value_usd": 3380.96,
    "value_eth": 1.156471,
    "value_pln": 12138.88
  },
  "ETHPLN": 10496.48,
  "ETHUSD": 2923.51
}