{
  "USDC": 0.24842895,
  "WETH": 8.502249e-05,
  "WETH_viaUSDC": 8.533441e-05,
  "diff_pct": 0.003662,
  "prefer": "viaUSDC",
  "pool": {
    "address_usdc": "0xca71156bFe3bBecb281B78BF8bd9C083D1db222b",
    "address_weth": "0x4F4F6a4f5A28420B57A49Fe5cc935b441BB52456",
    "krs_usdc": 2359.346497013062,
    "usdc": 433.158626,
    "krs_weth": 3106.1228811340093,
    "weth": 0.5381449803064814,
    "value_usd": 3357.61,
    "value_eth": 1.153326,
    "value_pln": 12284.88
  },
  "ETHPLN": 10651.7,
  "ETHUSD": 2911.24
}