{
  "USDC": 0.25197138,
  "WETH": 7.9894945e-05,
  "WETH_viaUSDC": 7.9533156e-05,
  "diff_pct": 0.004539,
  "prefer": "viaUSDC",
  "pool": {
    "address_usdc": "0xca71156bFe3bBecb281B78BF8bd9C083D1db222b",
    "address_weth": "0x4F4F6a4f5A28420B57A49Fe5cc935b441BB52456",
    "krs_usdc": 1616.1411916383804,
    "usdc": 612.689202,
    "krs_weth": 3849.231711167028,
    "weth": 0.47480778069158025,
    "value_usd": 3494.06,
    "value_eth": 1.102878,
    "value_pln": 12735.81
  },
  "ETHPLN": 11547.8,
  "ETHUSD": 3168.13
}