{
  "USDC": 0.25518129,
  "WETH": 7.6268309e-05,
  "WETH_viaUSDC": 7.5595383e-05,
  "diff_pct": 0.008862,
  "prefer": "viaUSDC",
  "pool": {
    "address_usdc": "0xca71156bFe3bBecb281B78BF8bd9C083D1db222b",
    "address_weth": "0x4F4F6a4f5A28420B57A49Fe5cc935b441BB52456",
    "krs_usdc": 990.7390629462179,
    "usdc": 782.947108,
    "krs_weth": 4474.7303152008535,
    "weth": 0.4297382697727407,
    "value_usd": 3628.27,
    "value_eth": 1.074844,
    "value_pln": 13198.43
  },
  "ETHPLN": 12279.39,
  "ETHUSD": 3375.62
}