{
  "WETH": 0.00010462,
  "USDC": 0.25257648,
  "pool": {
    "krs_usdc": 1471.7115833398339,
    "usdc": 638.406506,
    "krs_weth": 1096.8298981177456,
    "weth": 0.047893413027989135,
    "value_usd": 1010.24,
    "value_eth": 0.380703,
    "value_pln": 3662.87
  },
  "ETHPLN": 9621.34,
  "ETHUSD": 2653.62
}