{
  "USDC": 0.24867189,
  "WETH": 8.4949794e-05,
  "WETH_viaUSDC": 8.4645039e-05,
  "diff_pct": 0.003594,
  "prefer": "viaUSDC",
  "pool": {
    "address_usdc": "0xca71156bFe3bBecb281B78BF8bd9C083D1db222b",
    "address_weth": "0x4F4F6a4f5A28420B57A49Fe5cc935b441BB52456",
    "krs_usdc": 2329.8667992376736,
    "usdc": 451.018666,
    "krs_weth": 3135.602578909398,
    "weth": 0.5391707768473002,
    "value_usd": 3394.11,
    "value_eth": 1.155317,
    "value_pln": 12153.69
  },
  "ETHPLN": 10519.79,
  "ETHUSD": 2937.82
}