{
  "USDC": 0.24996732,
  "WETH": 8.3185327e-05,
  "WETH_viaUSDC": 8.3239202e-05,
  "diff_pct": 0.000647,
  "prefer": "viaUSDC",
  "pool": {
    "address_usdc": "0xca71156bFe3bBecb281B78BF8bd9C083D1db222b",
    "address_weth": "0x4F4F6a4f5A28420B57A49Fe5cc935b441BB52456",
    "krs_usdc": 2077.828532278873,
    "usdc": 522.091318,
    "krs_weth": 3387.6408458681985,
    "weth": 0.5207203937364183,
    "value_usd": 3452.0,
    "value_eth": 1.149518,
    "value_pln": 12085.07
  },
  "ETHPLN": 10513.16,
  "ETHUSD": 3003.0
}