{
  "USDC": 0.25571048,
  "WETH": 7.5874225e-05,
  "WETH_viaUSDC": 7.5716263e-05,
  "diff_pct": 0.002084,
  "prefer": "viaUSDC",
  "pool": {
    "address_usdc": "0xca71156bFe3bBecb281B78BF8bd9C083D1db222b",
    "address_weth": "0x4F4F6a4f5A28420B57A49Fe5cc935b441BB52456",
    "krs_usdc": 903.8425742109977,
    "usdc": 814.700116,
    "krs_weth": 4561.626803936074,
    "weth": 0.42609972470764795,
    "value_usd": 3651.31,
    "value_eth": 1.081159,
    "value_pln": 13199.74
  },
  "ETHPLN": 12208.88,
  "ETHUSD": 3377.22
}