{
  "USDC": 0.25076377,
  "WETH": 6.0024955e-05,
  "WETH_viaUSDC": 6.0134187e-05,
  "diff_pct": 0.001818,
  "prefer": "viaUSDC",
  "pool": {
    "address_usdc": "0xca71156bFe3bBecb281B78BF8bd9C083D1db222b",
    "address_weth": "0x4F4F6a4f5A28420B57A49Fe5cc935b441BB52456",
    "krs_usdc": 1846.9665532168387,
    "usdc": 546.387449,
    "krs_weth": 502.47228221947495,
    "weth": 0.04625405436656689,
    "value_usd": 1328.42,
    "value_eth": 0.318562,
    "value_pln": 4788.6
  },
  "ETHPLN": 15031.94,
  "ETHUSD": 4170.07
}