{
  "WETH": 9.743e-05,
  "USDC": 0.24986711,
  "pool": {
    "krs_usdc": 2024.4610018815288,
    "usdc": 498.324135,
    "krs_weth": 545.0757866258089,
    "weth": 0.10206282745453796,
    "value_usd": 1004.22,
    "value_eth": 0.413531,
    "value_pln": 3623.72
  },
  "ETHPLN": 8762.86,
  "ETHUSD": 2428.41
}