{
  "USDC": 0.24829447,
  "WETH": 8.526727e-05,
  "WETH_viaUSDC": 8.4803209e-05,
  "diff_pct": 0.005457,
  "prefer": "viaUSDC",
  "pool": {
    "address_usdc": "0xca71156bFe3bBecb281B78BF8bd9C083D1db222b",
    "address_weth": "0x4F4F6a4f5A28420B57A49Fe5cc935b441BB52456",
    "krs_usdc": 2387.4222010020485,
    "usdc": 426.206616,
    "krs_weth": 3078.047177145023,
    "weth": 0.5405426733649913,
    "value_usd": 3365.9,
    "value_eth": 1.1496,
    "value_pln": 12303.78
  },
  "ETHPLN": 10702.66,
  "ETHUSD": 2927.89
}