{
  "USDC": 0.25115531,
  "WETH": 5.8153625e-05,
  "WETH_viaUSDC": 5.8359488e-05,
  "diff_pct": 0.003534,
  "prefer": "viaUSDC",
  "pool": {
    "address_usdc": "0xca71156bFe3bBecb281B78BF8bd9C083D1db222b",
    "address_weth": "0x4F4F6a4f5A28420B57A49Fe5cc935b441BB52456",
    "krs_usdc": 1765.9406898623436,
    "usdc": 566.384984,
    "krs_weth": 383.49814557397013,
    "weth": 0.029890877540372545,
    "value_usd": 1234.87,
    "value_eth": 0.286939,
    "value_pln": 4512.37
  },
  "ETHPLN": 15725.91,
  "ETHUSD": 4303.59
}