{
  "WETH": 0.0001003,
  "USDC": 0.25086414,
  "pool": {
    "krs_usdc": 1811.128833868468,
    "usdc": 547.739037,
    "krs_weth": 758.4079546388706,
    "weth": 0.0788596263282346,
    "value_usd": 1002.16,
    "value_eth": 0.400407,
    "value_pln": 3705.71
  },
  "ETHPLN": 9254.86,
  "ETHUSD": 2502.86
}