{
  "WETH": 0.00010261,
  "USDC": 0.25181201,
  "pool": {
    "krs_usdc": 1625.9299193404463,
    "usdc": 598.746447,
    "krs_weth": 943.6068691668914,
    "weth": 0.06238589346231974,
    "value_usd": 1008.27,
    "value_eth": 0.387625,
    "value_pln": 3643.95
  },
  "ETHPLN": 9400.7,
  "ETHUSD": 2601.15
}