{
  "WETH": 0.00011131,
  "USDC": 0.2552013,
  "pool": {
    "krs_usdc": 943.2286534291508,
    "usdc": 773.047964,
    "krs_weth": 1674.1259805619736,
    "weth": 0.002079670923399771,
    "value_usd": 1013.95,
    "value_eth": 0.236799,
    "value_pln": 3684.76
  },
  "ETHPLN": 15560.69,
  "ETHUSD": 4281.89
}