{
  "WETH": 0.0001104,
  "USDC": 0.25470671,
  "pool": {
    "krs_usdc": 1042.2084712277172,
    "usdc": 747.736737,
    "krs_weth": 1526.3330102298623,
    "weth": 0.008071114892352101,
    "value_usd": 1013.36,
    "value_eth": 0.359254,
    "value_pln": 3684.62
  },
  "ETHPLN": 10256.31,
  "ETHUSD": 2820.74
}