{
  "USDC": 0.24583448,
  "WETH": 8.9891893e-05,
  "WETH_viaUSDC": 8.9363159e-05,
  "diff_pct": 0.005899,
  "prefer": "viaUSDC",
  "pool": {
    "address_usdc": "0xca71156bFe3bBecb281B78BF8bd9C083D1db222b",
    "address_weth": "0x4F4F6a4f5A28420B57A49Fe5cc935b441BB52456",
    "krs_usdc": 2900.577195304859,
    "usdc": 297.59523,
    "krs_weth": 2564.8921828422126,
    "weth": 0.584824996989924,
    "value_usd": 3250.03,
    "value_eth": 1.181415,
    "value_pln": 11962.99
  },
  "ETHPLN": 10125.98,
  "ETHUSD": 2750.96
}