{
  "USDC": 0.25091886,
  "WETH": 5.8896356e-05,
  "WETH_viaUSDC": 5.8536866e-05,
  "diff_pct": 0.006122,
  "prefer": "viaUSDC",
  "pool": {
    "address_usdc": "0xca71156bFe3bBecb281B78BF8bd9C083D1db222b",
    "address_weth": "0x4F4F6a4f5A28420B57A49Fe5cc935b441BB52456",
    "krs_usdc": 1815.6330768160053,
    "usdc": 554.507468,
    "krs_weth": 533.8057586203084,
    "weth": 0.044453906649411984,
    "value_usd": 1334.58,
    "value_eth": 0.311344,
    "value_pln": 4843.68
  },
  "ETHPLN": 15557.34,
  "ETHUSD": 4286.51
}