{
  "USDC": 0.24661101,
  "WETH": 8.8481832e-05,
  "WETH_viaUSDC": 9.0225962e-05,
  "diff_pct": 0.019519,
  "prefer": "viaUSDC",
  "pool": {
    "address_usdc": "0xca71156bFe3bBecb281B78BF8bd9C083D1db222b",
    "address_weth": "0x4F4F6a4f5A28420B57A49Fe5cc935b441BB52456",
    "krs_usdc": 2743.035770397129,
    "usdc": 339.57369,
    "krs_weth": 2722.4336077499424,
    "weth": 0.5719005537673129,
    "value_usd": 3250.57,
    "value_eth": 1.189265,
    "value_pln": 11823.44
  },
  "ETHPLN": 9941.8,
  "ETHUSD": 2733.26
}