{
  "USDC": 0.25173344,
  "WETH": 8.0659508e-05,
  "WETH_viaUSDC": 8.0564755e-05,
  "diff_pct": 0.001175,
  "prefer": "viaUSDC",
  "pool": {
    "address_usdc": "0xca71156bFe3bBecb281B78BF8bd9C083D1db222b",
    "address_weth": "0x4F4F6a4f5A28420B57A49Fe5cc935b441BB52456",
    "krs_usdc": 1701.3560588594357,
    "usdc": 609.608479,
    "krs_weth": 3764.113319287636,
    "weth": 0.48763609400350005,
    "value_usd": 3509.12,
    "value_eth": 1.123059,
    "value_pln": 12606.61
  },
  "ETHPLN": 11225.24,
  "ETHUSD": 3124.61
}