{
  "WETH": 0.00010509,
  "USDC": 0.25258178,
  "pool": {
    "krs_usdc": 1454.0135821337626,
    "usdc": 634.507608,
    "krs_weth": 1115.523206373577,
    "weth": 0.0428692646475576,
    "value_usd": 1001.88,
    "value_eth": 0.379827,
    "value_pln": 3752.94
  },
  "ETHPLN": 9880.65,
  "ETHUSD": 2637.73
}