{
  "WETH": 0.00010084,
  "USDC": 0.25098865,
  "pool": {
    "krs_usdc": 1777.542469696766,
    "usdc": 552.130267,
    "krs_weth": 791.9943188105742,
    "weth": 0.0739427651271771,
    "value_usd": 998.35,
    "value_eth": 0.395251,
    "value_pln": 3739.93
  },
  "ETHPLN": 9462.17,
  "ETHUSD": 2525.87
}