{
  "USDC": 0.25377623,
  "WETH": 6.4586224e-05,
  "WETH_viaUSDC": 6.4587417e-05,
  "diff_pct": 1.8e-05,
  "prefer": "viaUSDC",
  "pool": {
    "address_usdc": "0xca71156bFe3bBecb281B78BF8bd9C083D1db222b",
    "address_weth": "0x4F4F6a4f5A28420B57A49Fe5cc935b441BB52456",
    "krs_usdc": 1240.3928952765798,
    "usdc": 702.88129,
    "krs_weth": 752.0386652632851,
    "weth": 0.10399658492581232,
    "value_usd": 1617.14,
    "value_eth": 0.41157,
    "value_pln": 5876.16
  },
  "ETHPLN": 14277.44,
  "ETHUSD": 3929.19
}