{
  "USDC": 0.24038237,
  "WETH": 0.000103279746,
  "WETH_viaUSDC": 0.00010376292,
  "diff_pct": 0.004667,
  "prefer": "viaUSDC",
  "pool": {
    "address_usdc": "0xca71156bFe3bBecb281B78BF8bd9C083D1db222b",
    "address_weth": "0x4F4F6a4f5A28420B57A49Fe5cc935b441BB52456",
    "krs_usdc": 4125.762753720963,
    "usdc": 25.101847,
    "krs_weth": 1339.7066244261082,
    "weth": 0.7121837324783278,
    "value_usd": 2988.78,
    "value_eth": 1.290132,
    "value_pln": 10813.95
  },
  "ETHPLN": 8382.05,
  "ETHUSD": 2316.65
}