{
  "USDC": 0.24855955,
  "WETH": 8.4766891e-05,
  "WETH_viaUSDC": 8.4972977e-05,
  "diff_pct": 0.002428,
  "prefer": "viaUSDC",
  "pool": {
    "address_usdc": "0xca71156bFe3bBecb281B78BF8bd9C083D1db222b",
    "address_weth": "0x4F4F6a4f5A28420B57A49Fe5cc935b441BB52456",
    "krs_usdc": 2330.9990611957674,
    "usdc": 439.634846,
    "krs_weth": 3134.470316951304,
    "weth": 0.535543974527149,
    "value_usd": 3364.68,
    "value_eth": 1.150255,
    "value_pln": 12371.2
  },
  "ETHPLN": 10755.18,
  "ETHUSD": 2925.16
}