{
  "USDC": 0.24690572,
  "WETH": 8.7810376e-05,
  "WETH_viaUSDC": 8.7161757e-05,
  "diff_pct": 0.007414,
  "prefer": "viaUSDC",
  "pool": {
    "address_usdc": "0xca71156bFe3bBecb281B78BF8bd9C083D1db222b",
    "address_weth": "0x4F4F6a4f5A28420B57A49Fe5cc935b441BB52456",
    "krs_usdc": 2675.405811131819,
    "usdc": 353.490773,
    "krs_weth": 2790.0635670152524,
    "weth": 0.564970256260166,
    "value_usd": 3303.35,
    "value_eth": 1.166138,
    "value_pln": 12151.02
  },
  "ETHPLN": 10419.88,
  "ETHUSD": 2832.73
}