{
  "WETH": 9.697e-05,
  "USDC": 0.24964861,
  "pool": {
    "krs_usdc": 2064.9614708211657,
    "usdc": 485.879436,
    "krs_weth": 504.5753176861726,
    "weth": 0.1052636209135484,
    "value_usd": 1001.44,
    "value_eth": 0.412189,
    "value_pln": 3713.32
  },
  "ETHPLN": 9008.78,
  "ETHUSD": 2429.57
}