{
  "WETH": 9.735e-05,
  "USDC": 0.24979198,
  "pool": {
    "krs_usdc": 2035.5165154837007,
    "usdc": 493.331383,
    "krs_weth": 534.0202730236376,
    "weth": 0.10227386924421847,
    "value_usd": 1001.84,
    "value_eth": 0.412061,
    "value_pln": 3705.74
  },
  "ETHPLN": 8993.2,
  "ETHUSD": 2431.29
}