{
  "USDC": 0.24666241,
  "WETH": 8.82733e-05,
  "WETH_viaUSDC": 8.8392674e-05,
  "diff_pct": 0.001351,
  "prefer": "viaUSDC",
  "pool": {
    "address_usdc": "0xca71156bFe3bBecb281B78BF8bd9C083D1db222b",
    "address_weth": "0x4F4F6a4f5A28420B57A49Fe5cc935b441BB52456",
    "krs_usdc": 2726.296564502986,
    "usdc": 340.774999,
    "krs_weth": 2739.1728136440856,
    "weth": 0.5693950477529256,
    "value_usd": 3277.81,
    "value_eth": 1.174621,
    "value_pln": 12217.58
  },
  "ETHPLN": 10401.3,
  "ETHUSD": 2790.53
}