{
  "USDC": 0.2403833,
  "WETH": 0.000103211843,
  "WETH_viaUSDC": 0.000104153563,
  "diff_pct": 0.009083,
  "prefer": "viaUSDC",
  "pool": {
    "address_usdc": "0xca71156bFe3bBecb281B78BF8bd9C083D1db222b",
    "address_weth": "0x4F4F6a4f5A28420B57A49Fe5cc935b441BB52456",
    "krs_usdc": 4122.73997492369,
    "usdc": 24.471505,
    "krs_weth": 1342.729403223381,
    "weth": 0.7113383138793561,
    "value_usd": 2980.03,
    "value_eth": 1.291189,
    "value_pln": 10807.77
  },
  "ETHPLN": 8370.4,
  "ETHUSD": 2307.97
}