{
  "USDC": 0.25175829,
  "WETH": 6.5689954e-05,
  "WETH_viaUSDC": 6.6157992e-05,
  "diff_pct": 0.0071,
  "prefer": "viaUSDC",
  "pool": {
    "address_usdc": "0xca71156bFe3bBecb281B78BF8bd9C083D1db222b",
    "address_weth": "0x4F4F6a4f5A28420B57A49Fe5cc935b441BB52456",
    "krs_usdc": 1647.7408604455975,
    "usdc": 598.721437,
    "krs_weth": 699.1979749907163,
    "weth": 0.10720360721512413,
    "value_usd": 1597.54,
    "value_eth": 0.419807,
    "value_pln": 5854.45
  },
  "ETHPLN": 13945.58,
  "ETHUSD": 3805.41
}