{
  "WETH": 0.00011131,
  "USDC": 0.2552013,
  "pool": {
    "krs_usdc": 943.2286534291508,
    "usdc": 773.047964,
    "krs_weth": 1664.1259805620275,
    "weth": 0.002079591826714423,
    "value_usd": 1013.95,
    "value_eth": 0.229054,
    "value_pln": 3689.26
  },
  "ETHPLN": 16106.48,
  "ETHUSD": 4426.66
}