{
  "USDC": 0.24038237,
  "WETH": 0.000103279746,
  "WETH_viaUSDC": 0.000103943289,
  "diff_pct": 0.006404,
  "prefer": "viaUSDC",
  "pool": {
    "address_usdc": "0xca71156bFe3bBecb281B78BF8bd9C083D1db222b",
    "address_weth": "0x4F4F6a4f5A28420B57A49Fe5cc935b441BB52456",
    "krs_usdc": 4125.762753720963,
    "usdc": 25.101847,
    "krs_weth": 1339.7066244261082,
    "weth": 0.7121837324783278,
    "value_usd": 2985.92,
    "value_eth": 1.291137,
    "value_pln": 10808.66
  },
  "ETHPLN": 8371.43,
  "ETHUSD": 2312.63
}