{
  "USDC": 0.25318818,
  "WETH": 6.7332099e-05,
  "WETH_viaUSDC": 6.8244791e-05,
  "diff_pct": 0.013464,
  "prefer": "viaUSDC",
  "pool": {
    "address_usdc": "0xca71156bFe3bBecb281B78BF8bd9C083D1db222b",
    "address_weth": "0x4F4F6a4f5A28420B57A49Fe5cc935b441BB52456",
    "krs_usdc": 1362.1235151458332,
    "usdc": 673.46619,
    "krs_weth": 630.3080453940315,
    "weth": 0.11239429939914082,
    "value_usd": 1594.91,
    "value_eth": 0.429895,
    "value_pln": 5854.58
  },
  "ETHPLN": 13618.63,
  "ETHUSD": 3710.0
}