{
  "WETH": 0.00010505,
  "USDC": 0.25253181,
  "pool": {
    "krs_usdc": 1460.3518930537662,
    "usdc": 630.979232,
    "krs_weth": 1109.1848954535747,
    "weth": 0.04274076298307023,
    "value_usd": 999.88,
    "value_eth": 0.374052,
    "value_pln": 3746.16
  },
  "ETHPLN": 10015.08,
  "ETHUSD": 2673.11
}