{
  "WETH": 0.00010816,
  "USDC": 0.25368144,
  "pool": {
    "krs_usdc": 1228.387461152059,
    "usdc": 690.185487,
    "krs_weth": 1341.149327355282,
    "weth": 0.021162869571207766,
    "value_usd": 1001.95,
    "value_eth": 0.36723,
    "value_pln": 3776.22
  },
  "ETHPLN": 10283.0,
  "ETHUSD": 2728.4
}