{
  "WETH": 0.00010369,
  "USDC": 0.25213387,
  "pool": {
    "krs_usdc": 1552.0558486938999,
    "usdc": 613.235989,
    "krs_weth": 1017.4809398134388,
    "weth": 0.053588096774419704,
    "value_usd": 1004.67,
    "value_eth": 0.382679,
    "value_pln": 3698.23
  },
  "ETHPLN": 9664.03,
  "ETHUSD": 2625.35
}