{
  "WETH": 9.105e-05,
  "USDC": 0.24740924,
  "pool": {
    "krs_usdc": 2532.6303422332444,
    "usdc": 370.307479,
    "krs_weth": 36.90644627409391,
    "weth": 0.15531533476285703,
    "value_usd": 996.91,
    "value_eth": 0.437651,
    "value_pln": 3686.48
  },
  "ETHPLN": 8423.35,
  "ETHUSD": 2277.86
}