{
  "USDC": 0.25365139,
  "WETH": 5.7982715e-05,
  "WETH_viaUSDC": 5.8505414e-05,
  "diff_pct": 0.008974,
  "prefer": "viaUSDC",
  "pool": {
    "address_usdc": "0xca71156bFe3bBecb281B78BF8bd9C083D1db222b",
    "address_weth": "0x4F4F6a4f5A28420B57A49Fe5cc935b441BB52456",
    "krs_usdc": 1262.472097991739,
    "usdc": 695.694513,
    "krs_weth": 1084.4667374445746,
    "weth": 0.08333149866525376,
    "value_usd": 1652.28,
    "value_eth": 0.381104,
    "value_pln": 6048.48
  },
  "ETHPLN": 15870.94,
  "ETHUSD": 4335.52
}