{
  "USDC": 0.25121086,
  "WETH": 5.7576991e-05,
  "WETH_viaUSDC": 5.6867588e-05,
  "diff_pct": 0.012397,
  "prefer": "viaUSDC",
  "pool": {
    "address_usdc": "0xca71156bFe3bBecb281B78BF8bd9C083D1db222b",
    "address_weth": "0x4F4F6a4f5A28420B57A49Fe5cc935b441BB52456",
    "krs_usdc": 1754.5716718641465,
    "usdc": 569.249282,
    "krs_weth": 394.86716357216727,
    "weth": 0.029234987564692786,
    "value_usd": 1238.36,
    "value_eth": 0.280332,
    "value_pln": 4503.48
  },
  "ETHPLN": 16064.83,
  "ETHUSD": 4417.47
}