{
  "WETH": 9.729e-05,
  "USDC": 0.24968644,
  "pool": {
    "krs_usdc": 2048.6648076639835,
    "usdc": 485.699927,
    "krs_weth": 520.8719808433555,
    "weth": 0.10188772397224202,
    "value_usd": 997.27,
    "value_eth": 0.410617,
    "value_pln": 3729.11
  },
  "ETHPLN": 9081.72,
  "ETHUSD": 2428.72
}