{
  "USDC": 0.25093832,
  "WETH": 8.1570586e-05,
  "WETH_viaUSDC": 8.1913635e-05,
  "diff_pct": 0.004197,
  "prefer": "viaUSDC",
  "pool": {
    "address_usdc": "0xca71156bFe3bBecb281B78BF8bd9C083D1db222b",
    "address_weth": "0x4F4F6a4f5A28420B57A49Fe5cc935b441BB52456",
    "krs_usdc": 1854.189765673656,
    "usdc": 566.198864,
    "krs_weth": 3611.2796124734155,
    "weth": 0.4983853239769297,
    "value_usd": 3464.47,
    "value_eth": 1.130906,
    "value_pln": 12464.67
  },
  "ETHPLN": 11021.85,
  "ETHUSD": 3063.45
}