{
  "USDC": 0.24708996,
  "WETH": 8.822225e-05,
  "WETH_viaUSDC": 8.7664384e-05,
  "diff_pct": 0.006343,
  "prefer": "viaUSDC",
  "pool": {
    "address_usdc": "0xca71156bFe3bBecb281B78BF8bd9C083D1db222b",
    "address_weth": "0x4F4F6a4f5A28420B57A49Fe5cc935b441BB52456",
    "krs_usdc": 2678.5521123935796,
    "usdc": 373.54553,
    "krs_weth": 2786.917265753492,
    "weth": 0.5723819523928835,
    "value_usd": 3337.32,
    "value_eth": 1.184038,
    "value_pln": 11725.94
  },
  "ETHPLN": 9903.35,
  "ETHUSD": 2818.59
}