{
  "USDC": 0.24979376,
  "WETH": 8.2815603e-05,
  "WETH_viaUSDC": 8.3333476e-05,
  "diff_pct": 0.006234,
  "prefer": "viaUSDC",
  "pool": {
    "address_usdc": "0xca71156bFe3bBecb281B78BF8bd9C083D1db222b",
    "address_weth": "0x4F4F6a4f5A28420B57A49Fe5cc935b441BB52456",
    "krs_usdc": 2067.702840676289,
    "usdc": 501.628704,
    "krs_weth": 3397.6700621291197,
    "weth": 0.5122622458669231,
    "value_usd": 3402.36,
    "value_eth": 1.135059,
    "value_pln": 12458.07
  },
  "ETHPLN": 10975.71,
  "ETHUSD": 2997.52
}