{
  "USDC": 0.24751709,
  "WETH": 8.7354413e-05,
  "WETH_viaUSDC": 8.7611397e-05,
  "diff_pct": 0.002938,
  "prefer": "viaUSDC",
  "pool": {
    "address_usdc": "0xca71156bFe3bBecb281B78BF8bd9C083D1db222b",
    "address_weth": "0x4F4F6a4f5A28420B57A49Fe5cc935b441BB52456",
    "krs_usdc": 2586.1359024667768,
    "usdc": 395.009503,
    "krs_weth": 2879.3334756802947,
    "weth": 0.5637827791015665,
    "value_usd": 3340.59,
    "value_eth": 1.182438,
    "value_pln": 11864.92
  },
  "ETHPLN": 10034.28,
  "ETHUSD": 2825.17
}