{
  "WETH": 0.00010578,
  "USDC": 0.25279895,
  "pool": {
    "krs_usdc": 1406.164109600127,
    "usdc": 644.711805,
    "krs_weth": 1163.3726789072139,
    "weth": 0.03761569047286134,
    "value_usd": 1000.31,
    "value_eth": 0.372438,
    "value_pln": 3746.55
  },
  "ETHPLN": 10059.54,
  "ETHUSD": 2685.85
}