{
  "WETH": 0.00010058,
  "USDC": 0.2509282,
  "pool": {
    "krs_usdc": 1793.541060778287,
    "usdc": 549.919641,
    "krs_weth": 775.9957277290521,
    "weth": 0.07624271201472158,
    "value_usd": 1000.05,
    "value_eth": 0.396887,
    "value_pln": 3757.84
  },
  "ETHPLN": 9468.29,
  "ETHUSD": 2519.73
}