{
  "WETH": 0.00010751,
  "USDC": 0.25350537,
  "pool": {
    "krs_usdc": 1269.9768241883705,
    "usdc": 682.677887,
    "krs_weth": 1299.5599643189687,
    "weth": 0.026164348753937174,
    "value_usd": 1004.76,
    "value_eth": 0.36622,
    "value_pln": 3744.61
  },
  "ETHPLN": 10225.05,
  "ETHUSD": 2743.61
}