{
  "USDC": 0.24930986,
  "WETH": 8.3869783e-05,
  "WETH_viaUSDC": 8.4082568e-05,
  "diff_pct": 0.002534,
  "prefer": "viaUSDC",
  "pool": {
    "address_usdc": "0xca71156bFe3bBecb281B78BF8bd9C083D1db222b",
    "address_weth": "0x4F4F6a4f5A28420B57A49Fe5cc935b441BB52456",
    "krs_usdc": 2197.1816101580366,
    "usdc": 483.956927,
    "krs_weth": 3268.287767989035,
    "weth": 0.5279404355608601,
    "value_usd": 3411.93,
    "value_eth": 1.150711,
    "value_pln": 12220.24
  },
  "ETHPLN": 10619.73,
  "ETHUSD": 2965.06
}