{
  "WETH": 0.00010501,
  "USDC": 0.25262253,
  "pool": {
    "krs_usdc": 1452.7638782078145,
    "usdc": 638.37051,
    "krs_weth": 1116.772910299524,
    "weth": 0.04410118606550792,
    "value_usd": 1005.49,
    "value_eth": 0.378851,
    "value_pln": 3716.06
  },
  "ETHPLN": 9808.78,
  "ETHUSD": 2654.05
}