{
  "WETH": 0.00010084,
  "USDC": 0.25099182,
  "pool": {
    "krs_usdc": 1777.3003767079047,
    "usdc": 552.395937,
    "krs_weth": 792.2364117994354,
    "weth": 0.07399992334589993,
    "value_usd": 998.56,
    "value_eth": 0.392843,
    "value_pln": 3740.56
  },
  "ETHPLN": 9521.78,
  "ETHUSD": 2541.89
}