{
  "WETH": 0.00010189,
  "USDC": 0.25145795,
  "pool": {
    "krs_usdc": 1689.2238286885758,
    "usdc": 578.264949,
    "krs_weth": 880.3129598187631,
    "weth": 0.06676435905509956,
    "value_usd": 1003.12,
    "value_eth": 0.392626,
    "value_pln": 3709.12
  },
  "ETHPLN": 9446.97,
  "ETHUSD": 2554.91
}