{
  "USDC": 0.25260914,
  "WETH": 7.8294469e-05,
  "WETH_viaUSDC": 7.7851411e-05,
  "diff_pct": 0.005675,
  "prefer": "viaUSDC",
  "pool": {
    "address_usdc": "0xca71156bFe3bBecb281B78BF8bd9C083D1db222b",
    "address_weth": "0x4F4F6a4f5A28420B57A49Fe5cc935b441BB52456",
    "krs_usdc": 1483.7988657701953,
    "usdc": 644.823453,
    "krs_weth": 203.87269476966955,
    "weth": 0.14390578728420367,
    "value_usd": 1538.08,
    "value_eth": 0.474021,
    "value_pln": 5602.44
  },
  "ETHPLN": 11818.96,
  "ETHUSD": 3244.76
}