{
  "USDC": 0.25412265,
  "WETH": 5.6267173e-05,
  "WETH_viaUSDC": 5.6634557e-05,
  "diff_pct": 0.006508,
  "prefer": "viaUSDC",
  "pool": {
    "address_usdc": "0xca71156bFe3bBecb281B78BF8bd9C083D1db222b",
    "address_weth": "0x4F4F6a4f5A28420B57A49Fe5cc935b441BB52456",
    "krs_usdc": 1166.6719797951396,
    "usdc": 719.635289,
    "krs_weth": 1180.266855641174,
    "weth": 0.07777464218573674,
    "value_usd": 1665.03,
    "value_eth": 0.371073,
    "value_pln": 6049.86
  },
  "ETHPLN": 16303.7,
  "ETHUSD": 4487.06
}