{
  "WETH": 9.843e-05,
  "USDC": 0.25023504,
  "pool": {
    "krs_usdc": 1947.796751754665,
    "usdc": 517.122406,
    "krs_weth": 621.7400367526727,
    "weth": 0.09408324906695038,
    "value_usd": 1004.59,
    "value_eth": 0.405584,
    "value_pln": 3635.61
  },
  "ETHPLN": 8963.9,
  "ETHUSD": 2476.9
}