{
  "USDC": 0.24183595,
  "WETH": 9.9665413e-05,
  "WETH_viaUSDC": 0.000100425208,
  "diff_pct": 0.007595,
  "prefer": "viaUSDC",
  "pool": {
    "address_usdc": "0xca71156bFe3bBecb281B78BF8bd9C083D1db222b",
    "address_weth": "0x4F4F6a4f5A28420B57A49Fe5cc935b441BB52456",
    "krs_usdc": 3807.7794992438257,
    "usdc": 101.193377,
    "krs_weth": 1657.6898789032455,
    "weth": 0.6797071631752214,
    "value_usd": 3059.76,
    "value_eth": 1.2706,
    "value_pln": 10997.75
  },
  "ETHPLN": 8655.56,
  "ETHUSD": 2408.12
}