{
  "USDC": 0.24151293,
  "WETH": 0.000100504806,
  "WETH_viaUSDC": 0.000100967368,
  "diff_pct": 0.004592,
  "prefer": "viaUSDC",
  "pool": {
    "address_usdc": "0xca71156bFe3bBecb281B78BF8bd9C083D1db222b",
    "address_weth": "0x4F4F6a4f5A28420B57A49Fe5cc935b441BB52456",
    "krs_usdc": 3880.6838554593983,
    "usdc": 84.90354,
    "krs_weth": 1584.7855226876732,
    "weth": 0.6875098139595175,
    "value_usd": 3049.4,
    "value_eth": 1.274839,
    "value_pln": 10995.15
  },
  "ETHPLN": 8624.74,
  "ETHUSD": 2391.99
}