{
  "USDC": 0.25318818,
  "WETH": 6.7332099e-05,
  "WETH_viaUSDC": 6.78745e-05,
  "diff_pct": 0.008023,
  "prefer": "viaUSDC",
  "pool": {
    "address_usdc": "0xca71156bFe3bBecb281B78BF8bd9C083D1db222b",
    "address_weth": "0x4F4F6a4f5A28420B57A49Fe5cc935b441BB52456",
    "krs_usdc": 1362.1235151458332,
    "usdc": 673.46619,
    "krs_weth": 630.3080453940315,
    "weth": 0.11239429939914082,
    "value_usd": 1597.18,
    "value_eth": 0.428172,
    "value_pln": 5859.34
  },
  "ETHPLN": 13684.54,
  "ETHUSD": 3730.24
}