{
  "USDC": 0.25138969,
  "WETH": 8.0878755e-05,
  "WETH_viaUSDC": 8.0681711e-05,
  "diff_pct": 0.002439,
  "prefer": "viaUSDC",
  "pool": {
    "address_usdc": "0xca71156bFe3bBecb281B78BF8bd9C083D1db222b",
    "address_weth": "0x4F4F6a4f5A28420B57A49Fe5cc935b441BB52456",
    "krs_usdc": 1753.801813586997,
    "usdc": 587.450692,
    "krs_weth": 3711.6675645600744,
    "weth": 0.48896544663667296,
    "value_usd": 3484.94,
    "value_eth": 1.118467,
    "value_pln": 12671.43
  },
  "ETHPLN": 11329.28,
  "ETHUSD": 3115.82
}