{
  "USDC": 0.25418098,
  "WETH": 5.606794e-05,
  "WETH_viaUSDC": 5.6088677e-05,
  "diff_pct": 0.00037,
  "prefer": "viaUSDC",
  "pool": {
    "address_usdc": "0xca71156bFe3bBecb281B78BF8bd9C083D1db222b",
    "address_weth": "0x4F4F6a4f5A28420B57A49Fe5cc935b441BB52456",
    "krs_usdc": 1155.049331598909,
    "usdc": 722.651968,
    "krs_weth": 1191.8895038374046,
    "weth": 0.07713568935284651,
    "value_usd": 1668.76,
    "value_eth": 0.368236,
    "value_pln": 6057.1
  },
  "ETHPLN": 16448.98,
  "ETHUSD": 4531.77
}