{
  "USDC": 0.24981429,
  "WETH": 8.300072e-05,
  "WETH_viaUSDC": 8.2786028e-05,
  "diff_pct": 0.00259,
  "prefer": "viaUSDC",
  "pool": {
    "address_usdc": "0xca71156bFe3bBecb281B78BF8bd9C083D1db222b",
    "address_weth": "0x4F4F6a4f5A28420B57A49Fe5cc935b441BB52456",
    "krs_usdc": 2079.673880169728,
    "usdc": 506.719098,
    "krs_weth": 3385.7954979773435,
    "weth": 0.5159702551455344,
    "value_usd": 3429.06,
    "value_eth": 1.136357,
    "value_pln": 12456.9
  },
  "ETHPLN": 10962.14,
  "ETHUSD": 3017.59
}