{
  "USDC": 0.25238613,
  "WETH": 7.9356117e-05,
  "WETH_viaUSDC": 7.959222e-05,
  "diff_pct": 0.002971,
  "prefer": "viaUSDC",
  "pool": {
    "address_usdc": "0xca71156bFe3bBecb281B78BF8bd9C083D1db222b",
    "address_weth": "0x4F4F6a4f5A28420B57A49Fe5cc935b441BB52456",
    "krs_usdc": 1530.4559483339135,
    "usdc": 633.702431,
    "krs_weth": 3934.916954471495,
    "weth": 0.4677955766060566,
    "value_usd": 3496.46,
    "value_eth": 1.10264,
    "value_pln": 12722.1
  },
  "ETHPLN": 11537.85,
  "ETHUSD": 3170.99
}