{
  "USDC": 0.24785237,
  "WETH": 8.6065215e-05,
  "WETH_viaUSDC": 8.6502877e-05,
  "diff_pct": 0.005072,
  "prefer": "viaUSDC",
  "pool": {
    "address_usdc": "0xca71156bFe3bBecb281B78BF8bd9C083D1db222b",
    "address_weth": "0x4F4F6a4f5A28420B57A49Fe5cc935b441BB52456",
    "krs_usdc": 2478.994557301789,
    "usdc": 403.119156,
    "krs_weth": 2986.4748208452825,
    "weth": 0.548259841027965,
    "value_usd": 3328.65,
    "value_eth": 1.161731,
    "value_pln": 12175.96
  },
  "ETHPLN": 10480.88,
  "ETHUSD": 2865.25
}