{
  "USDC": 0.2403821,
  "WETH": 6.0295435e-05,
  "WETH_viaUSDC": 0.000135733179,
  "diff_pct": 0.769661,
  "prefer": "viaUSDC",
  "pool": {
    "address_usdc": "0xca71156bFe3bBecb281B78BF8bd9C083D1db222b",
    "address_weth": "0x4F4F6a4f5A28420B57A49Fe5cc935b441BB52456",
    "krs_usdc": 4020.4539662832367,
    "usdc": 0.226178,
    "krs_weth": 7724.574909092108,
    "weth": 0.20531580877651007,
    "value_usd": 3187.13,
    "value_eth": 1.799634,
    "value_pln": 11966.86
  },
  "ETHPLN": 6649.61,
  "ETHUSD": 1770.99
}