{
  "USDC": 0.25015325,
  "WETH": 8.2935307e-05,
  "WETH_viaUSDC": 8.3165138e-05,
  "diff_pct": 0.002767,
  "prefer": "viaUSDC",
  "pool": {
    "address_usdc": "0xca71156bFe3bBecb281B78BF8bd9C083D1db222b",
    "address_weth": "0x4F4F6a4f5A28420B57A49Fe5cc935b441BB52456",
    "krs_usdc": 2039.7305768031117,
    "usdc": 531.751047,
    "krs_weth": 3425.7388013439595,
    "weth": 0.517600104739892,
    "value_usd": 3455.85,
    "value_eth": 1.148921,
    "value_pln": 12151.26
  },
  "ETHPLN": 10576.24,
  "ETHUSD": 3007.91
}