{
  "USDC": 0.25357972,
  "WETH": 6.5516284e-05,
  "WETH_viaUSDC": 6.6230593e-05,
  "diff_pct": 0.010844,
  "prefer": "viaUSDC",
  "pool": {
    "address_usdc": "0xca71156bFe3bBecb281B78BF8bd9C083D1db222b",
    "address_weth": "0x4F4F6a4f5A28420B57A49Fe5cc935b441BB52456",
    "krs_usdc": 1281.769738634754,
    "usdc": 693.243985,
    "krs_weth": 710.6618219051106,
    "weth": 0.106908357851781,
    "value_usd": 1607.81,
    "value_eth": 0.419931,
    "value_pln": 5855.06
  },
  "ETHPLN": 13942.89,
  "ETHUSD": 3828.74
}