{
  "WETH": 0.00010196,
  "USDC": 0.25158424,
  "pool": {
    "krs_usdc": 1673.37204997853,
    "usdc": 587.259669,
    "krs_weth": 895.1694314790494,
    "weth": 0.06729919773827223,
    "value_usd": 1008.34,
    "value_eth": 0.391602,
    "value_pln": 3630.37
  },
  "ETHPLN": 9270.54,
  "ETHUSD": 2574.92
}