{
  "USDC": 0.25368714,
  "WETH": 6.4973361e-05,
  "WETH_viaUSDC": 6.5653341e-05,
  "diff_pct": 0.010411,
  "prefer": "viaUSDC",
  "pool": {
    "address_usdc": "0xca71156bFe3bBecb281B78BF8bd9C083D1db222b",
    "address_weth": "0x4F4F6a4f5A28420B57A49Fe5cc935b441BB52456",
    "krs_usdc": 1258.4060710514575,
    "usdc": 698.324489,
    "krs_weth": 734.0254894884072,
    "weth": 0.1051669806938415,
    "value_usd": 1610.15,
    "value_eth": 0.416701,
    "value_pln": 5849.82
  },
  "ETHPLN": 14038.41,
  "ETHUSD": 3864.04
}