{
  "USDC": 0.25407484,
  "WETH": 6.3365702e-05,
  "WETH_viaUSDC": 6.3416134e-05,
  "diff_pct": 0.000796,
  "prefer": "viaUSDC",
  "pool": {
    "address_usdc": "0xca71156bFe3bBecb281B78BF8bd9C083D1db222b",
    "address_weth": "0x4F4F6a4f5A28420B57A49Fe5cc935b441BB52456",
    "krs_usdc": 1181.31015072859,
    "usdc": 718.457305,
    "krs_weth": 811.1214098112747,
    "weth": 0.10036211984907538,
    "value_usd": 1626.78,
    "value_eth": 0.406039,
    "value_pln": 5942.4
  },
  "ETHPLN": 14635.06,
  "ETHUSD": 4006.47
}