{
  "WETH": 9.743e-05,
  "USDC": 0.24984644,
  "pool": {
    "krs_usdc": 2026.6672664086414,
    "usdc": 496.740757,
    "krs_weth": 542.8695220986966,
    "weth": 0.10186696548403101,
    "value_usd": 1003.15,
    "value_eth": 0.411391,
    "value_pln": 3671.68
  },
  "ETHPLN": 8925.02,
  "ETHUSD": 2438.43
}