{
  "WETH": 0.00010115,
  "USDC": 0.25128532,
  "pool": {
    "krs_usdc": 1734.7691024533135,
    "usdc": 571.93499,
    "krs_weth": 833.7723790042659,
    "weth": 0.07338916542618937,
    "value_usd": 1007.94,
    "value_eth": 0.396286,
    "value_pln": 3648.81
  },
  "ETHPLN": 9207.53,
  "ETHUSD": 2543.47
}