{
  "WETH": 0.00010255,
  "USDC": 0.25163566,
  "pool": {
    "krs_usdc": 1645.9677562735558,
    "usdc": 585.663961,
    "krs_weth": 923.569032233784,
    "weth": 0.061188058349330526,
    "value_usd": 999.94,
    "value_eth": 0.385641,
    "value_pln": 3716.99
  },
  "ETHPLN": 9638.47,
  "ETHUSD": 2592.94
}