{
  "WETH": 9.968e-05,
  "USDC": 0.25056052,
  "pool": {
    "krs_usdc": 1866.104239458846,
    "usdc": 530.221908,
    "krs_weth": 703.4325490484938,
    "weth": 0.08289595508313502,
    "value_usd": 997.86,
    "value_eth": 0.401485,
    "value_pln": 3716.3
  },
  "ETHPLN": 9256.37,
  "ETHUSD": 2485.43
}