{
  "USDC": 0.25401059,
  "WETH": 5.6660275e-05,
  "WETH_viaUSDC": 5.6869528e-05,
  "diff_pct": 0.003686,
  "prefer": "viaUSDC",
  "pool": {
    "address_usdc": "0xca71156bFe3bBecb281B78BF8bd9C083D1db222b",
    "address_weth": "0x4F4F6a4f5A28420B57A49Fe5cc935b441BB52456",
    "krs_usdc": 1189.2165277947497,
    "usdc": 713.890236,
    "krs_weth": 1157.722307641564,
    "weth": 0.07904376478597136,
    "value_usd": 1663.09,
    "value_eth": 0.372343,
    "value_pln": 6039.5
  },
  "ETHPLN": 16220.23,
  "ETHUSD": 4466.55
}