{
  "WETH": 9.733e-05,
  "USDC": 0.24981962,
  "pool": {
    "krs_usdc": 2033.3454144604455,
    "usdc": 495.640132,
    "krs_weth": 536.1913740468922,
    "weth": 0.10278583428745511,
    "value_usd": 1003.66,
    "value_eth": 0.412841,
    "value_pln": 3632.11
  },
  "ETHPLN": 8797.83,
  "ETHUSD": 2431.11
}