{
  "USDC": 0.25109845,
  "WETH": 5.7544746e-05,
  "WETH_viaUSDC": 5.7759366e-05,
  "diff_pct": 0.003723,
  "prefer": "viaUSDC",
  "pool": {
    "address_usdc": "0xca71156bFe3bBecb281B78BF8bd9C083D1db222b",
    "address_weth": "0x4F4F6a4f5A28420B57A49Fe5cc935b441BB52456",
    "krs_usdc": 1778.1657520641195,
    "usdc": 563.599913,
    "krs_weth": 571.2730833721943,
    "weth": 0.042198342453322116,
    "value_usd": 1336.99,
    "value_eth": 0.307544,
    "value_pln": 0.0
  },
  "ETHPLN": 0.0,
  "ETHUSD": 4347.32
}