{
  "WETH": 9.971e-05,
  "USDC": 0.25073637,
  "pool": {
    "krs_usdc": 1846.9096466729,
    "usdc": 543.542822,
    "krs_weth": 722.6271418344377,
    "weth": 0.0843603684406268,
    "value_usd": 1006.7,
    "value_eth": 0.400673,
    "value_pln": 3627.46
  },
  "ETHPLN": 9053.43,
  "ETHUSD": 2512.53
}