{
  "USDC": 0.25484273,
  "WETH": 7.6668329e-05,
  "WETH_viaUSDC": 7.6795018e-05,
  "diff_pct": 0.001651,
  "prefer": "viaUSDC",
  "pool": {
    "address_usdc": "0xca71156bFe3bBecb281B78BF8bd9C083D1db222b",
    "address_weth": "0x4F4F6a4f5A28420B57A49Fe5cc935b441BB52456",
    "krs_usdc": 1058.9164345986467,
    "usdc": 765.737498,
    "krs_weth": 4406.552943548425,
    "weth": 0.435004604997487,
    "value_usd": 3602.13,
    "value_eth": 1.085475,
    "value_pln": 13085.51
  },
  "ETHPLN": 12055.1,
  "ETHUSD": 3318.48
}