{
  "WETH": 9.987e-05,
  "USDC": 0.2507279,
  "pool": {
    "krs_usdc": 1841.4102260502427,
    "usdc": 541.296406,
    "krs_weth": 728.1265624570957,
    "weth": 0.08234050670114226,
    "value_usd": 1003.06,
    "value_eth": 0.4025,
    "value_pln": 3728.31
  },
  "ETHPLN": 9262.89,
  "ETHUSD": 2492.08
}