{
  "USDC": 0.25139192,
  "WETH": 8.1137424e-05,
  "WETH_viaUSDC": 8.1539214e-05,
  "diff_pct": 0.00494,
  "prefer": "viaUSDC",
  "pool": {
    "address_usdc": "0xca71156bFe3bBecb281B78BF8bd9C083D1db222b",
    "address_weth": "0x4F4F6a4f5A28420B57A49Fe5cc935b441BB52456",
    "krs_usdc": 1773.892591586926,
    "usdc": 592.722054,
    "krs_weth": 3691.5767865601456,
    "weth": 0.4939365618573257,
    "value_usd": 3489.54,
    "value_eth": 1.131837,
    "value_pln": 12625.91
  },
  "ETHPLN": 11155.24,
  "ETHUSD": 3083.08
}