{
  "WETH": 0.00010486,
  "USDC": 0.25246631,
  "pool": {
    "krs_usdc": 1474.1293372678606,
    "usdc": 627.731221,
    "krs_weth": 1095.4074512394802,
    "weth": 0.04414027523364062,
    "value_usd": 1000.01,
    "value_eth": 0.379495,
    "value_pln": 3752.19
  },
  "ETHPLN": 9887.34,
  "ETHUSD": 2635.12
}