{
  "WETH": 0.00010569,
  "USDC": 0.25276985,
  "pool": {
    "krs_usdc": 1412.217463268504,
    "usdc": 643.255694,
    "krs_weth": 1157.3193252388369,
    "weth": 0.03821587017379034,
    "value_usd": 1000.34,
    "value_eth": 0.375797,
    "value_pln": 3748.55
  },
  "ETHPLN": 9974.95,
  "ETHUSD": 2661.93
}