{
  "USDC": 0.24582787,
  "WETH": 8.9895161e-05,
  "WETH_viaUSDC": 8.9696269e-05,
  "diff_pct": 0.002215,
  "prefer": "viaUSDC",
  "pool": {
    "address_usdc": "0xca71156bFe3bBecb281B78BF8bd9C083D1db222b",
    "address_weth": "0x4F4F6a4f5A28420B57A49Fe5cc935b441BB52456",
    "krs_usdc": 2901.4490586582574,
    "usdc": 297.122289,
    "krs_weth": 2564.020319488814,
    "weth": 0.5848089397964117,
    "value_usd": 3243.46,
    "value_eth": 1.183453,
    "value_pln": 11941.25
  },
  "ETHPLN": 10090.17,
  "ETHUSD": 2740.67
}