{
  "WETH": 0.00010051,
  "USDC": 0.25090412,
  "pool": {
    "krs_usdc": 1798.714815668988,
    "usdc": 548.737195,
    "krs_weth": 770.8219728383511,
    "weth": 0.07680328194954195,
    "value_usd": 1000.12,
    "value_eth": 0.394419,
    "value_pln": 3738.45
  },
  "ETHPLN": 9478.38,
  "ETHUSD": 2535.68
}