{
  "WETH": 0.00010653,
  "USDC": 0.25328541,
  "pool": {
    "krs_usdc": 1328.1321494892609,
    "usdc": 674.831428,
    "krs_weth": 1240.4093319683186,
    "weth": 0.03433379708293261,
    "value_usd": 1011.36,
    "value_eth": 0.372547,
    "value_pln": 3664.52
  },
  "ETHPLN": 9836.4,
  "ETHUSD": 2714.72
}