{
  "USDC": 0.24994512,
  "WETH": 8.2627459e-05,
  "WETH_viaUSDC": 8.3112245e-05,
  "diff_pct": 0.00585,
  "prefer": "viaUSDC",
  "pool": {
    "address_usdc": "0xca71156bFe3bBecb281B78BF8bd9C083D1db222b",
    "address_weth": "0x4F4F6a4f5A28420B57A49Fe5cc935b441BB52456",
    "krs_usdc": 2037.7474923748373,
    "usdc": 509.767611,
    "krs_weth": 3427.6254104305713,
    "weth": 0.5100028242285554,
    "value_usd": 3409.55,
    "value_eth": 1.133751,
    "value_pln": 12514.2
  },
  "ETHPLN": 11037.87,
  "ETHUSD": 3007.32
}