{
  "USDC": 0.25313091,
  "WETH": 6.75315e-05,
  "WETH_viaUSDC": 6.7442227e-05,
  "diff_pct": 0.001323,
  "prefer": "viaUSDC",
  "pool": {
    "address_usdc": "0xca71156bFe3bBecb281B78BF8bd9C083D1db222b",
    "address_weth": "0x4F4F6a4f5A28420B57A49Fe5cc935b441BB52456",
    "krs_usdc": 1372.297806589168,
    "usdc": 670.167679,
    "krs_weth": 620.1337539506968,
    "weth": 0.11289325644890076,
    "value_usd": 1598.24,
    "value_eth": 0.425822,
    "value_pln": 5822.83
  },
  "ETHPLN": 13674.34,
  "ETHUSD": 3753.3
}