{
  "USDC": 0.2530245,
  "WETH": 7.5837865e-05,
  "WETH_viaUSDC": 7.5591981e-05,
  "diff_pct": 0.003247,
  "prefer": "viaUSDC",
  "pool": {
    "address_usdc": "0xca71156bFe3bBecb281B78BF8bd9C083D1db222b",
    "address_weth": "0x4F4F6a4f5A28420B57A49Fe5cc935b441BB52456",
    "krs_usdc": 1397.528315976669,
    "usdc": 665.639515,
    "krs_weth": 290.1432445631957,
    "weth": 0.1369613763873441,
    "value_usd": 1551.1,
    "value_eth": 0.463398,
    "value_pln": 5712.2
  },
  "ETHPLN": 12326.77,
  "ETHUSD": 3347.24
}