{
  "USDC": 0.24830754,
  "WETH": 8.5227977e-05,
  "WETH_viaUSDC": 8.5557793e-05,
  "diff_pct": 0.003862,
  "prefer": "viaUSDC",
  "pool": {
    "address_usdc": "0xca71156bFe3bBecb281B78BF8bd9C083D1db222b",
    "address_weth": "0x4F4F6a4f5A28420B57A49Fe5cc935b441BB52456",
    "krs_usdc": 2383.8064451893347,
    "usdc": 426.662565,
    "krs_weth": 3081.6629329577368,
    "weth": 0.5400828697194081,
    "value_usd": 3351.22,
    "value_eth": 1.154709,
    "value_pln": 12268.19
  },
  "ETHPLN": 10624.49,
  "ETHUSD": 2902.22
}