{
  "USDC": 0.25350885,
  "WETH": 6.5888655e-05,
  "WETH_viaUSDC": 6.6128834e-05,
  "diff_pct": 0.003639,
  "prefer": "viaUSDC",
  "pool": {
    "address_usdc": "0xca71156bFe3bBecb281B78BF8bd9C083D1db222b",
    "address_weth": "0x4F4F6a4f5A28420B57A49Fe5cc935b441BB52456",
    "krs_usdc": 1297.42482510398,
    "usdc": 689.951178,
    "krs_weth": 695.0067354358847,
    "weth": 0.10810963371566837,
    "value_usd": 1609.49,
    "value_eth": 0.419843,
    "value_pln": 5935.56
  },
  "ETHPLN": 14137.55,
  "ETHUSD": 3833.56
}