{
  "USDC": 0.2504343,
  "WETH": 8.2508987e-05,
  "WETH_viaUSDC": 8.206037e-05,
  "diff_pct": 0.005452,
  "prefer": "viaUSDC",
  "pool": {
    "address_usdc": "0xca71156bFe3bBecb281B78BF8bd9C083D1db222b",
    "address_weth": "0x4F4F6a4f5A28420B57A49Fe5cc935b441BB52456",
    "krs_usdc": 1978.323092453046,
    "usdc": 545.374592,
    "krs_weth": 3487.146285694025,
    "weth": 0.5119342548004044,
    "value_usd": 3476.45,
    "value_eth": 1.139137,
    "value_pln": 12560.59
  },
  "ETHPLN": 11026.41,
  "ETHUSD": 3051.83
}