{
  "WETH": 0.00010623,
  "USDC": 0.25304549,
  "pool": {
    "krs_usdc": 1364.371124219858,
    "usdc": 659.43282,
    "krs_weth": 1205.1656642874811,
    "weth": 0.035239291580344445,
    "value_usd": 1004.81,
    "value_eth": 0.375081,
    "value_pln": 3695.16
  },
  "ETHPLN": 9851.63,
  "ETHUSD": 2678.91
}