{
  "WETH": 9.115e-05,
  "USDC": 0.24744396,
  "pool": {
    "krs_usdc": 2525.1164002901496,
    "usdc": 372.050565,
    "krs_weth": 44.4203882171886,
    "weth": 0.15443921119971907,
    "value_usd": 996.88,
    "value_eth": 0.440114,
    "value_pln": 3702.78
  },
  "ETHPLN": 8413.23,
  "ETHUSD": 2265.05
}