{
  "USDC": 0.25102207,
  "WETH": 8.1455912e-05,
  "WETH_viaUSDC": 8.1129794e-05,
  "diff_pct": 0.004012,
  "prefer": "viaUSDC",
  "pool": {
    "address_usdc": "0xca71156bFe3bBecb281B78BF8bd9C083D1db222b",
    "address_weth": "0x4F4F6a4f5A28420B57A49Fe5cc935b441BB52456",
    "krs_usdc": 1836.6728236492795,
    "usdc": 570.42877,
    "krs_weth": 3628.796554497792,
    "weth": 0.4969035187987496,
    "value_usd": 3479.84,
    "value_eth": 1.124677,
    "value_pln": 12546.46
  },
  "ETHPLN": 11155.61,
  "ETHUSD": 3094.08
}