{
  "USDC": 0.25045942,
  "WETH": 8.191416e-05,
  "WETH_viaUSDC": 8.156693e-05,
  "diff_pct": 0.004248,
  "prefer": "viaUSDC",
  "pool": {
    "address_usdc": "0xca71156bFe3bBecb281B78BF8bd9C083D1db222b",
    "address_weth": "0x4F4F6a4f5A28420B57A49Fe5cc935b441BB52456",
    "krs_usdc": 1929.986748701905,
    "usdc": 535.864416,
    "krs_weth": 3535.3861541035035,
    "weth": 0.500850140085974,
    "value_usd": 3442.63,
    "value_eth": 1.121158,
    "value_pln": 12588.88
  },
  "ETHPLN": 11228.46,
  "ETHUSD": 3070.6
}