{
  "USDC": 0.25199441,
  "WETH": 7.9844647e-05,
  "WETH_viaUSDC": 8.0380735e-05,
  "diff_pct": 0.006692,
  "prefer": "viaUSDC",
  "pool": {
    "address_usdc": "0xca71156bFe3bBecb281B78BF8bd9C083D1db222b",
    "address_weth": "0x4F4F6a4f5A28420B57A49Fe5cc935b441BB52456",
    "krs_usdc": 1609.7563434857725,
    "usdc": 613.448547,
    "krs_weth": 3855.616559319636,
    "weth": 0.4740277375068849,
    "value_usd": 3476.77,
    "value_eth": 1.109015,
    "value_pln": 12648.45
  },
  "ETHPLN": 11405.12,
  "ETHUSD": 3135.01
}