{
  "WETH": 0.00010471,
  "USDC": 0.25240961,
  "pool": {
    "krs_usdc": 1485.544425904156,
    "usdc": 624.789627,
    "krs_weth": 1083.9923626031848,
    "weth": 0.04520699281495101,
    "value_usd": 999.87,
    "value_eth": 0.379713,
    "value_pln": 3745.53
  },
  "ETHPLN": 9864.11,
  "ETHUSD": 2633.22
}