{
  "WETH": 9.708e-05,
  "USDC": 0.24969078,
  "pool": {
    "krs_usdc": 2056.406982952748,
    "usdc": 488.09847,
    "krs_weth": 513.1298055545901,
    "weth": 0.10441636808863504,
    "value_usd": 1001.61,
    "value_eth": 0.411254,
    "value_pln": 3710.39
  },
  "ETHPLN": 9022.14,
  "ETHUSD": 2435.51
}