{
  "WETH": 0.0001007,
  "USDC": 0.25100777,
  "pool": {
    "krs_usdc": 1781.0259409398852,
    "usdc": 554.981206,
    "krs_weth": 788.5108475674539,
    "weth": 0.07574101038734686,
    "value_usd": 1002.11,
    "value_eth": 0.398024,
    "value_pln": 3719.82
  },
  "ETHPLN": 9345.73,
  "ETHUSD": 2517.72
}