{
  "USDC": 0.2541947,
  "WETH": 6.2768085e-05,
  "WETH_viaUSDC": 6.1841087e-05,
  "diff_pct": 0.014878,
  "prefer": "viaUSDC",
  "pool": {
    "address_usdc": "0xca71156bFe3bBecb281B78BF8bd9C083D1db222b",
    "address_weth": "0x4F4F6a4f5A28420B57A49Fe5cc935b441BB52456",
    "krs_usdc": 1154.7453628250446,
    "usdc": 723.975381,
    "krs_weth": 837.6861977148202,
    "weth": 0.09838000405943391,
    "value_usd": 1634.83,
    "value_eth": 0.397725,
    "value_pln": 5981.3
  },
  "ETHPLN": 15038.79,
  "ETHUSD": 4110.45
}