{
  "USDC": 0.24038203,
  "WETH": 0.000103186808,
  "WETH_viaUSDC": 0.000104332931,
  "diff_pct": 0.011046,
  "prefer": "viaUSDC",
  "pool": {
    "address_usdc": "0xca71156bFe3bBecb281B78BF8bd9C083D1db222b",
    "address_weth": "0x4F4F6a4f5A28420B57A49Fe5cc935b441BB52456",
    "krs_usdc": 4121.80145383873,
    "usdc": 24.127631,
    "krs_weth": 1343.667924308342,
    "weth": 0.7110002101351015,
    "value_usd": 2976.07,
    "value_eth": 1.291701,
    "value_pln": 10563.97
  },
  "ETHPLN": 8178.34,
  "ETHUSD": 2303.99
}