{
  "USDC": 0.25045942,
  "WETH": 8.191416e-05,
  "WETH_viaUSDC": 8.130189e-05,
  "diff_pct": 0.007503,
  "prefer": "viaUSDC",
  "pool": {
    "address_usdc": "0xca71156bFe3bBecb281B78BF8bd9C083D1db222b",
    "address_weth": "0x4F4F6a4f5A28420B57A49Fe5cc935b441BB52456",
    "krs_usdc": 1929.986748701905,
    "usdc": 535.864416,
    "krs_weth": 3535.3861541035035,
    "weth": 0.500850140085974,
    "value_usd": 3447.64,
    "value_eth": 1.119143,
    "value_pln": 12610.42
  },
  "ETHPLN": 11267.93,
  "ETHUSD": 3080.61
}