{
  "WETH": 9.796e-05,
  "USDC": 0.25004392,
  "pool": {
    "krs_usdc": 1985.7594768300357,
    "usdc": 506.899065,
    "krs_weth": 583.7773116773024,
    "weth": 0.09765234815722713,
    "value_usd": 1003.48,
    "value_eth": 0.411714,
    "value_pln": 3671.81
  },
  "ETHPLN": 8918.34,
  "ETHUSD": 2437.33
}