{
  "USDC": 0.25243442,
  "WETH": 7.9314269e-05,
  "WETH_viaUSDC": 7.971177e-05,
  "diff_pct": 0.004999,
  "prefer": "viaUSDC",
  "pool": {
    "address_usdc": "0xca71156bFe3bBecb281B78BF8bd9C083D1db222b",
    "address_weth": "0x4F4F6a4f5A28420B57A49Fe5cc935b441BB52456",
    "krs_usdc": 1519.271122507952,
    "usdc": 635.838982,
    "krs_weth": 168.40043803191273,
    "weth": 0.14669271164593983,
    "value_usd": 1526.42,
    "value_eth": 0.482,
    "value_pln": 5547.61
  },
  "ETHPLN": 11509.55,
  "ETHUSD": 3166.84
}