{
  "USDC": 0.2512652,
  "WETH": 5.7035545e-05,
  "WETH_viaUSDC": 5.6930666e-05,
  "diff_pct": 0.001841,
  "prefer": "viaUSDC",
  "pool": {
    "address_usdc": "0xca71156bFe3bBecb281B78BF8bd9C083D1db222b",
    "address_weth": "0x4F4F6a4f5A28420B57A49Fe5cc935b441BB52456",
    "krs_usdc": 1743.5971503435392,
    "usdc": 572.08638,
    "krs_weth": 405.8416850927745,
    "weth": 0.028624379548544222,
    "value_usd": 1238.5,
    "value_eth": 0.280614,
    "value_pln": 4491.55
  },
  "ETHPLN": 16006.12,
  "ETHUSD": 4413.53
}