{
  "USDC": 0.2403821,
  "WETH": 0.000103338439,
  "WETH_viaUSDC": 0.000118719523,
  "diff_pct": 0.138532,
  "prefer": "viaUSDC",
  "pool": {
    "address_usdc": "0xca71156bFe3bBecb281B78BF8bd9C083D1db222b",
    "address_weth": "0x4F4F6a4f5A28420B57A49Fe5cc935b441BB52456",
    "krs_usdc": 4128.314013375548,
    "usdc": 25.688286,
    "krs_weth": 1337.1553647715239,
    "weth": 0.7129163899863133,
    "value_usd": 2783.0,
    "value_eth": 1.374461,
    "value_pln": 10094.33
  },
  "ETHPLN": 7344.21,
  "ETHUSD": 2024.79
}