{
  "USDC": 0.25368284,
  "WETH": 7.2388141e-05,
  "WETH_viaUSDC": 7.2734759e-05,
  "diff_pct": 0.004777,
  "prefer": "viaUSDC",
  "pool": {
    "address_usdc": "0xca71156bFe3bBecb281B78BF8bd9C083D1db222b",
    "address_weth": "0x4F4F6a4f5A28420B57A49Fe5cc935b441BB52456",
    "krs_usdc": 1265.2242681465627,
    "usdc": 699.613101,
    "krs_weth": 422.447292393302,
    "weth": 0.1272907877401408,
    "value_usd": 1571.71,
    "value_eth": 0.450633,
    "value_pln": 5734.53
  },
  "ETHPLN": 12725.51,
  "ETHUSD": 3487.78
}