{
  "USDC": 0.25350913,
  "WETH": 5.8510216e-05,
  "WETH_viaUSDC": 5.7872587e-05,
  "diff_pct": 0.010957,
  "prefer": "viaUSDC",
  "pool": {
    "address_usdc": "0xca71156bFe3bBecb281B78BF8bd9C083D1db222b",
    "address_weth": "0x4F4F6a4f5A28420B57A49Fe5cc935b441BB52456",
    "krs_usdc": 1291.2598594463866,
    "usdc": 688.416406,
    "krs_weth": 1055.6789759899273,
    "weth": 0.08501331226849651,
    "value_usd": 1655.79,
    "value_eth": 0.377993,
    "value_pln": 6094.73
  },
  "ETHPLN": 16123.94,
  "ETHUSD": 4380.47
}