{
  "USDC": 0.24038239,
  "WETH": 0.000103210952,
  "WETH_viaUSDC": 0.000103229105,
  "diff_pct": 0.000176,
  "prefer": "viaUSDC",
  "pool": {
    "address_usdc": "0xca71156bFe3bBecb281B78BF8bd9C083D1db222b",
    "address_weth": "0x4F4F6a4f5A28420B57A49Fe5cc935b441BB52456",
    "krs_usdc": 4122.801180202664,
    "usdc": 24.390479,
    "krs_weth": 1342.6681979444072,
    "weth": 0.7113185696777076,
    "value_usd": 2994.59,
    "value_eth": 1.285988,
    "value_pln": 11057.03
  },
  "ETHPLN": 8598.08,
  "ETHUSD": 2328.63
}