{
  "USDC": 0.24916337,
  "WETH": 8.4083892e-05,
  "WETH_viaUSDC": 8.3856402e-05,
  "diff_pct": 0.002709,
  "prefer": "viaUSDC",
  "pool": {
    "address_usdc": "0xca71156bFe3bBecb281B78BF8bd9C083D1db222b",
    "address_weth": "0x4F4F6a4f5A28420B57A49Fe5cc935b441BB52456",
    "krs_usdc": 2228.3048516608605,
    "usdc": 476.571507,
    "krs_weth": 3237.164526486211,
    "weth": 0.5306798721351967,
    "value_usd": 3415.18,
    "value_eth": 1.149386,
    "value_pln": 12235.39
  },
  "ETHPLN": 10645.16,
  "ETHUSD": 2971.31
}