{
  "WETH": 9.652e-05,
  "USDC": 0.24949855,
  "pool": {
    "krs_usdc": 2098.05423233918,
    "usdc": 478.635879,
    "krs_weth": 471.4825561681582,
    "weth": 0.10911224755156732,
    "value_usd": 1002.14,
    "value_eth": 0.417135,
    "value_pln": 3688.31
  },
  "ETHPLN": 8842.0,
  "ETHUSD": 2402.44
}