{
  "WETH": 9.805e-05,
  "USDC": 0.25008592,
  "pool": {
    "krs_usdc": 1977.7693852318198,
    "usdc": 509.23547,
    "krs_weth": 591.767403275518,
    "weth": 0.09697506409557484,
    "value_usd": 1003.91,
    "value_eth": 0.411277,
    "value_pln": 3640.64
  },
  "ETHPLN": 8852.04,
  "ETHUSD": 2440.95
}