{
  "USDC": 0.25124783,
  "WETH": 8.0814629e-05,
  "WETH_viaUSDC": 8.1440968e-05,
  "diff_pct": 0.00772,
  "prefer": "viaUSDC",
  "pool": {
    "address_usdc": "0xca71156bFe3bBecb281B78BF8bd9C083D1db222b",
    "address_weth": "0x4F4F6a4f5A28420B57A49Fe5cc935b441BB52456",
    "krs_usdc": 1763.226926143656,
    "usdc": 575.262744,
    "krs_weth": 3702.1459766617522,
    "weth": 0.4864924448036052,
    "value_usd": 3449.27,
    "value_eth": 1.118067,
    "value_pln": 12543.2
  },
  "ETHPLN": 11218.65,
  "ETHUSD": 3085.03
}