{
  "USDC": 0.24743081,
  "WETH": 8.7173455e-05,
  "WETH_viaUSDC": 8.6629067e-05,
  "diff_pct": 0.006264,
  "prefer": "viaUSDC",
  "pool": {
    "address_usdc": "0xca71156bFe3bBecb281B78BF8bd9C083D1db222b",
    "address_weth": "0x4F4F6a4f5A28420B57A49Fe5cc935b441BB52456",
    "krs_usdc": 2585.1603304340156,
    "usdc": 385.751502,
    "krs_weth": 2880.309047713056,
    "weth": 0.5604737268441272,
    "value_usd": 3338.91,
    "value_eth": 1.168999,
    "value_pln": 11980.21
  },
  "ETHPLN": 10248.26,
  "ETHUSD": 2856.21
}