{
  "USDC": 0.24987905,
  "WETH": 8.2827897e-05,
  "WETH_viaUSDC": 8.2946027e-05,
  "diff_pct": 0.001425,
  "prefer": "viaUSDC",
  "pool": {
    "address_usdc": "0xca71156bFe3bBecb281B78BF8bd9C083D1db222b",
    "address_weth": "0x4F4F6a4f5A28420B57A49Fe5cc935b441BB52456",
    "krs_usdc": 2059.873850864236,
    "usdc": 508.45849,
    "krs_weth": 3405.5955272828355,
    "weth": 0.5132615506309255,
    "value_usd": 3420.39,
    "value_eth": 1.135381,
    "value_pln": 12504.68
  },
  "ETHPLN": 11013.65,
  "ETHUSD": 3012.55
}