{
  "USDC": 0.25252712,
  "WETH": 7.879294e-05,
  "WETH_viaUSDC": 7.938009e-05,
  "diff_pct": 0.007424,
  "prefer": "viaUSDC",
  "pool": {
    "address_usdc": "0xca71156bFe3bBecb281B78BF8bd9C083D1db222b",
    "address_weth": "0x4F4F6a4f5A28420B57A49Fe5cc935b441BB52456",
    "krs_usdc": 1500.8347965160292,
    "usdc": 640.703784,
    "krs_weth": 186.83676402383566,
    "weth": 0.14530107886435314,
    "value_usd": 1529.12,
    "value_eth": 0.480669,
    "value_pln": 5561.76
  },
  "ETHPLN": 11570.87,
  "ETHUSD": 3181.24
}