{
  "USDC": 0.24759839,
  "WETH": 8.6858599e-05,
  "WETH_viaUSDC": 8.618833e-05,
  "diff_pct": 0.007747,
  "prefer": "viaUSDC",
  "pool": {
    "address_usdc": "0xca71156bFe3bBecb281B78BF8bd9C083D1db222b",
    "address_weth": "0x4F4F6a4f5A28420B57A49Fe5cc935b441BB52456",
    "krs_usdc": 2550.100371958377,
    "usdc": 394.455465,
    "krs_weth": 2915.3690061886946,
    "weth": 0.557432105855378,
    "value_usd": 3349.07,
    "value_eth": 1.165801,
    "value_pln": 12022.47
  },
  "ETHPLN": 10312.63,
  "ETHUSD": 2872.76
}