{
  "USDC": 0.24719503,
  "WETH": 8.7619896e-05,
  "WETH_viaUSDC": 8.7156815e-05,
  "diff_pct": 0.005299,
  "prefer": "viaUSDC",
  "pool": {
    "address_usdc": "0xca71156bFe3bBecb281B78BF8bd9C083D1db222b",
    "address_weth": "0x4F4F6a4f5A28420B57A49Fe5cc935b441BB52456",
    "krs_usdc": 2634.5483139505636,
    "usdc": 373.500463,
    "krs_weth": 2830.921064196508,
    "weth": 0.5647771093471163,
    "value_usd": 3326.36,
    "value_eth": 1.17282,
    "value_pln": 11929.73
  },
  "ETHPLN": 10171.83,
  "ETHUSD": 2836.21
}