{
  "USDC": 0.25064277,
  "WETH": 6.0986461e-05,
  "WETH_viaUSDC": 6.1136557e-05,
  "diff_pct": 0.002458,
  "prefer": "viaUSDC",
  "pool": {
    "address_usdc": "0xca71156bFe3bBecb281B78BF8bd9C083D1db222b",
    "address_weth": "0x4F4F6a4f5A28420B57A49Fe5cc935b441BB52456",
    "krs_usdc": 1872.1893416888622,
    "usdc": 540.240308,
    "krs_weth": 477.24949374745165,
    "weth": 0.04782340939599624,
    "value_usd": 1325.17,
    "value_eth": 0.323235,
    "value_pln": 4826.92
  },
  "ETHPLN": 14933.15,
  "ETHUSD": 4099.72
}