{
  "USDC": 0.25303326,
  "WETH": 6.8069339e-05,
  "WETH_viaUSDC": 6.9782258e-05,
  "diff_pct": 0.024852,
  "prefer": "viaUSDC",
  "pool": {
    "address_usdc": "0xca71156bFe3bBecb281B78BF8bd9C083D1db222b",
    "address_weth": "0x4F4F6a4f5A28420B57A49Fe5cc935b441BB52456",
    "krs_usdc": 1393.895901946649,
    "usdc": 665.618463,
    "krs_weth": 598.5356585932157,
    "weth": 0.11459690060206722,
    "value_usd": 1585.3,
    "value_eth": 0.437199,
    "value_pln": 5856.11
  },
  "ETHPLN": 13394.6,
  "ETHUSD": 3626.04
}