{
  "USDC": 0.25150015,
  "WETH": 8.0721634e-05,
  "WETH_viaUSDC": 8.05352e-05,
  "diff_pct": 0.002312,
  "prefer": "viaUSDC",
  "pool": {
    "address_usdc": "0xca71156bFe3bBecb281B78BF8bd9C083D1db222b",
    "address_weth": "0x4F4F6a4f5A28420B57A49Fe5cc935b441BB52456",
    "krs_usdc": 1730.1096580675332,
    "usdc": 592.860523,
    "krs_weth": 3735.3597200795384,
    "weth": 0.4868762189794441,
    "value_usd": 3487.87,
    "value_eth": 1.116884,
    "value_pln": 12628.66
  },
  "ETHPLN": 11307.04,
  "ETHUSD": 3122.86
}