{
  "USDC": 0.25484568,
  "WETH": 7.6663511e-05,
  "WETH_viaUSDC": 7.6721463e-05,
  "diff_pct": 0.000756,
  "prefer": "viaUSDC",
  "pool": {
    "address_usdc": "0xca71156bFe3bBecb281B78BF8bd9C083D1db222b",
    "address_weth": "0x4F4F6a4f5A28420B57A49Fe5cc935b441BB52456",
    "krs_usdc": 1058.209640034955,
    "usdc": 765.858894,
    "krs_weth": 4407.259738112117,
    "weth": 0.4349327344886743,
    "value_usd": 3603.43,
    "value_eth": 1.084814,
    "value_pln": 13102.83
  },
  "ETHPLN": 12078.41,
  "ETHUSD": 3321.7
}