{
  "WETH": 0.0001003,
  "USDC": 0.25082304,
  "pool": {
    "krs_usdc": 1815.1013346117845,
    "usdc": 544.494418,
    "krs_weth": 754.4354538955546,
    "weth": 0.07838281755697268,
    "value_usd": 999.84,
    "value_eth": 0.397107,
    "value_pln": 3759.21
  },
  "ETHPLN": 9466.49,
  "ETHUSD": 2517.81
}