{
  "WETH": 9.977e-05,
  "USDC": 0.25069154,
  "pool": {
    "krs_usdc": 1848.972299387255,
    "usdc": 539.445372,
    "krs_weth": 720.5644891200834,
    "weth": 0.0831160171046206,
    "value_usd": 1003.04,
    "value_eth": 0.39924,
    "value_pln": 3735.28
  },
  "ETHPLN": 9355.97,
  "ETHUSD": 2512.37
}