{
  "USDC": 0.25361043,
  "WETH": 5.8100325e-05,
  "WETH_viaUSDC": 5.7828648e-05,
  "diff_pct": 0.004687,
  "prefer": "viaUSDC",
  "pool": {
    "address_usdc": "0xca71156bFe3bBecb281B78BF8bd9C083D1db222b",
    "address_weth": "0x4F4F6a4f5A28420B57A49Fe5cc935b441BB52456",
    "krs_usdc": 1269.8403938040262,
    "usdc": 693.365482,
    "krs_weth": 1077.0984416322876,
    "weth": 0.08365574459623086,
    "value_usd": 1655.45,
    "value_eth": 0.377478,
    "value_pln": 5996.0
  },
  "ETHPLN": 15884.36,
  "ETHUSD": 4385.55
}