{
  "WETH": 9.94e-05,
  "USDC": 0.25048426,
  "pool": {
    "krs_usdc": 1884.588967120663,
    "usdc": 526.993468,
    "krs_weth": 684.9478213866761,
    "weth": 0.08530873481681754,
    "value_usd": 999.12,
    "value_eth": 0.399751,
    "value_pln": 3758.05
  },
  "ETHPLN": 9400.97,
  "ETHUSD": 2499.36
}