{
  "USDC": 0.25425617,
  "WETH": 6.9439096e-05,
  "WETH_viaUSDC": 6.9947831e-05,
  "diff_pct": 0.0073,
  "prefer": "viaUSDC",
  "pool": {
    "address_usdc": "0xca71156bFe3bBecb281B78BF8bd9C083D1db222b",
    "address_weth": "0x4F4F6a4f5A28420B57A49Fe5cc935b441BB52456",
    "krs_usdc": 1147.42727579706,
    "usdc": 728.404469,
    "krs_weth": 540.2442847428047,
    "weth": 0.11861653846544674,
    "value_usd": 1588.67,
    "value_eth": 0.437055,
    "value_pln": 5866.78
  },
  "ETHPLN": 13423.42,
  "ETHUSD": 3634.94
}