{
  "WETH": 0.00010719,
  "USDC": 0.25338488,
  "pool": {
    "krs_usdc": 1294.304813282927,
    "usdc": 676.493523,
    "krs_weth": 1275.2319752244123,
    "weth": 0.028423797134836566,
    "value_usd": 1004.59,
    "value_eth": 0.370545,
    "value_pln": 3746.41
  },
  "ETHPLN": 10110.56,
  "ETHUSD": 2711.11
}