{
  "WETH": 0.00010378,
  "USDC": 0.25209216,
  "pool": {
    "krs_usdc": 1553.0640295833755,
    "usdc": 609.204024,
    "krs_weth": 1016.4727589239643,
    "weth": 0.052236575963805536,
    "value_usd": 1000.82,
    "value_eth": 0.384575,
    "value_pln": 3731.99
  },
  "ETHPLN": 9704.19,
  "ETHUSD": 2602.42
}