{
  "USDC": 0.25354798,
  "WETH": 6.5585459e-05,
  "WETH_viaUSDC": 6.5394777e-05,
  "diff_pct": 0.002912,
  "prefer": "viaUSDC",
  "pool": {
    "address_usdc": "0xca71156bFe3bBecb281B78BF8bd9C083D1db222b",
    "address_weth": "0x4F4F6a4f5A28420B57A49Fe5cc935b441BB52456",
    "krs_usdc": 1286.5604113316285,
    "usdc": 691.205476,
    "krs_weth": 705.8711492082364,
    "weth": 0.10701038944610294,
    "value_usd": 1611.28,
    "value_eth": 0.41558,
    "value_pln": 5851.78
  },
  "ETHPLN": 14080.99,
  "ETHUSD": 3877.19
}