{
  "USDC": 0.25076377,
  "WETH": 6.0024955e-05,
  "WETH_viaUSDC": 6.0290767e-05,
  "diff_pct": 0.004419,
  "prefer": "viaUSDC",
  "pool": {
    "address_usdc": "0xca71156bFe3bBecb281B78BF8bd9C083D1db222b",
    "address_weth": "0x4F4F6a4f5A28420B57A49Fe5cc935b441BB52456",
    "krs_usdc": 1846.9665532168387,
    "usdc": 546.387449,
    "krs_weth": 502.47228221947495,
    "weth": 0.04625405436656689,
    "value_usd": 1327.92,
    "value_eth": 0.319271,
    "value_pln": 4825.37
  },
  "ETHPLN": 15113.73,
  "ETHUSD": 4159.24
}