{
  "USDC": 0.25317534,
  "WETH": 6.7406734e-05,
  "WETH_viaUSDC": 6.7871242e-05,
  "diff_pct": 0.006867,
  "prefer": "viaUSDC",
  "pool": {
    "address_usdc": "0xca71156bFe3bBecb281B78BF8bd9C083D1db222b",
    "address_weth": "0x4F4F6a4f5A28420B57A49Fe5cc935b441BB52456",
    "krs_usdc": 1365.062570125932,
    "usdc": 672.894409,
    "krs_weth": 627.3689904139326,
    "weth": 0.11263793378597514,
    "value_usd": 1597.49,
    "value_eth": 0.428256,
    "value_pln": 5895.11
  },
  "ETHPLN": 13765.37,
  "ETHUSD": 3730.23
}