{
  "USDC": 0.25401038,
  "WETH": 6.3610749e-05,
  "WETH_viaUSDC": 6.346182e-05,
  "diff_pct": 0.002344,
  "prefer": "viaUSDC",
  "pool": {
    "address_usdc": "0xca71156bFe3bBecb281B78BF8bd9C083D1db222b",
    "address_weth": "0x4F4F6a4f5A28420B57A49Fe5cc935b441BB52456",
    "krs_usdc": 1193.689346007125,
    "usdc": 715.002524,
    "krs_weth": 798.7422145327398,
    "weth": 0.10107034918174598,
    "value_usd": 1625.64,
    "value_eth": 0.40615,
    "value_pln": 5923.64
  },
  "ETHPLN": 14584.88,
  "ETHUSD": 4002.57
}