{
  "WETH": 0.00010004,
  "USDC": 0.2507982,
  "pool": {
    "krs_usdc": 1827.6320048950167,
    "usdc": 545.086508,
    "krs_weth": 741.9047836123215,
    "weth": 0.08109539777422704,
    "value_usd": 1003.53,
    "value_eth": 0.401236,
    "value_pln": 3716.17
  },
  "ETHPLN": 9261.8,
  "ETHUSD": 2501.09
}