{
  "WETH": 0.00010068,
  "USDC": 0.25100441,
  "pool": {
    "krs_usdc": 1781.8259219135045,
    "usdc": 554.835972,
    "krs_weth": 787.7108665938343,
    "weth": 0.07584241615463407,
    "value_usd": 1002.16,
    "value_eth": 0.396952,
    "value_pln": 3711.37
  },
  "ETHPLN": 9349.67,
  "ETHUSD": 2524.64
}