{
  "USDC": 0.240382,
  "WETH": 0.000103229402,
  "WETH_viaUSDC": 0.000103267963,
  "diff_pct": 0.000373,
  "prefer": "viaUSDC",
  "pool": {
    "address_usdc": "0xca71156bFe3bBecb281B78BF8bd9C083D1db222b",
    "address_weth": "0x4F4F6a4f5A28420B57A49Fe5cc935b441BB52456",
    "krs_usdc": 4123.637693630027,
    "usdc": 24.550869,
    "krs_weth": 1341.8316845170446,
    "weth": 0.7115497717260889,
    "value_usd": 2994.66,
    "value_eth": 1.286505,
    "value_pln": 10745.11
  },
  "ETHPLN": 8352.17,
  "ETHUSD": 2327.75
}