{
  "WETH": 9.922e-05,
  "USDC": 0.25053377,
  "pool": {
    "krs_usdc": 1886.4897196573909,
    "usdc": 532.579559,
    "krs_weth": 683.0470688499469,
    "weth": 0.08792252255663253,
    "value_usd": 1005.28,
    "value_eth": 0.407117,
    "value_pln": 3624.86
  },
  "ETHPLN": 8903.75,
  "ETHUSD": 2469.26
}