{
  "WETH": 9.941e-05,
  "USDC": 0.25059512,
  "pool": {
    "krs_usdc": 1872.7219685648931,
    "usdc": 535.454186,
    "krs_weth": 696.8148199424447,
    "weth": 0.08630311401815947,
    "value_usd": 1004.82,
    "value_eth": 0.403331,
    "value_pln": 3647.1
  },
  "ETHPLN": 9042.44,
  "ETHUSD": 2491.3
}