{
  "USDC": 0.25370805,
  "WETH": 6.491904e-05,
  "WETH_viaUSDC": 6.5717259e-05,
  "diff_pct": 0.01222,
  "prefer": "viaUSDC",
  "pool": {
    "address_usdc": "0xca71156bFe3bBecb281B78BF8bd9C083D1db222b",
    "address_weth": "0x4F4F6a4f5A28420B57A49Fe5cc935b441BB52456",
    "krs_usdc": 1255.0340328256855,
    "usdc": 699.611531,
    "krs_weth": 737.3975277141794,
    "weth": 0.1050583685844569,
    "value_usd": 1610.7,
    "value_eth": 0.417214,
    "value_pln": 5864.4
  },
  "ETHPLN": 14056.1,
  "ETHUSD": 3860.6
}