{
  "USDC": 0.24878999,
  "WETH": 8.4981114e-05,
  "WETH_viaUSDC": 8.579912e-05,
  "diff_pct": 0.00958,
  "prefer": "viaUSDC",
  "pool": {
    "address_usdc": "0xca71156bFe3bBecb281B78BF8bd9C083D1db222b",
    "address_weth": "0x4F4F6a4f5A28420B57A49Fe5cc935b441BB52456",
    "krs_usdc": 2319.3889139273206,
    "usdc": 460.674084,
    "krs_weth": 3146.080464219751,
    "weth": 0.540617316450236,
    "value_usd": 3388.05,
    "value_eth": 1.16842,
    "value_pln": 12126.99
  },
  "ETHPLN": 10378.96,
  "ETHUSD": 2899.68
}