{
  "USDC": 0.24200629,
  "WETH": 9.9258239e-05,
  "WETH_viaUSDC": 9.9591475e-05,
  "diff_pct": 0.003352,
  "prefer": "viaUSDC",
  "pool": {
    "address_usdc": "0xca71156bFe3bBecb281B78BF8bd9C083D1db222b",
    "address_weth": "0x4F4F6a4f5A28420B57A49Fe5cc935b441BB52456",
    "krs_usdc": 3770.7890667733,
    "usdc": 110.115297,
    "krs_weth": 1694.6803113737712,
    "weth": 0.6760169643394408,
    "value_usd": 3075.51,
    "value_eth": 1.265646,
    "value_pln": 11053.86
  },
  "ETHPLN": 8733.77,
  "ETHUSD": 2429.99
}