{
  "USDC": 0.24340128,
  "WETH": 9.5926489e-05,
  "WETH_viaUSDC": 9.5827651e-05,
  "diff_pct": 0.001031,
  "prefer": "viaUSDC",
  "pool": {
    "address_usdc": "0xca71156bFe3bBecb281B78BF8bd9C083D1db222b",
    "address_weth": "0x4F4F6a4f5A28420B57A49Fe5cc935b441BB52456",
    "krs_usdc": 3464.306343769609,
    "usdc": 181.874433,
    "krs_weth": 2001.1630343774625,
    "weth": 0.645050644959381,
    "value_usd": 3150.6,
    "value_eth": 1.240398,
    "value_pln": 11200.77
  },
  "ETHPLN": 9029.98,
  "ETHUSD": 2539.99
}