{
  "USDC": 0.24632269,
  "WETH": 8.8928138e-05,
  "WETH_viaUSDC": 8.8724968e-05,
  "diff_pct": 0.002287,
  "prefer": "viaUSDC",
  "pool": {
    "address_usdc": "0xca71156bFe3bBecb281B78BF8bd9C083D1db222b",
    "address_weth": "0x4F4F6a4f5A28420B57A49Fe5cc935b441BB52456",
    "krs_usdc": 2797.540161410251,
    "usdc": 323.02672,
    "krs_weth": 2667.9292167368203,
    "weth": 0.5756402252094954,
    "value_usd": 3267.42,
    "value_eth": 1.176917,
    "value_pln": 12026.98
  },
  "ETHPLN": 10219.05,
  "ETHUSD": 2776.25
}