{
  "USDC": 0.25333068,
  "WETH": 7.4172662e-05,
  "WETH_viaUSDC": 7.4760792e-05,
  "diff_pct": 0.007898,
  "prefer": "viaUSDC",
  "pool": {
    "address_usdc": "0xca71156bFe3bBecb281B78BF8bd9C083D1db222b",
    "address_weth": "0x4F4F6a4f5A28420B57A49Fe5cc935b441BB52456",
    "krs_usdc": 1335.378266001562,
    "usdc": 681.305241,
    "krs_weth": 352.2932945383027,
    "weth": 0.1322794731079684,
    "value_usd": 1557.08,
    "value_eth": 0.459512,
    "value_pln": 5759.61
  },
  "ETHPLN": 12534.19,
  "ETHUSD": 3388.55
}