{
  "USDC": 0.24561414,
  "WETH": 9.1179294e-05,
  "WETH_viaUSDC": 9.162929e-05,
  "diff_pct": 0.004923,
  "prefer": "viaUSDC",
  "pool": {
    "address_usdc": "0xca71156bFe3bBecb281B78BF8bd9C083D1db222b",
    "address_weth": "0x4F4F6a4f5A28420B57A49Fe5cc935b441BB52456",
    "krs_usdc": 2991.3523076599245,
    "usdc": 297.167233,
    "krs_weth": 2474.117070487147,
    "weth": 0.6006855756235688,
    "value_usd": 3249.71,
    "value_eth": 1.212344,
    "value_pln": 11541.51
  },
  "ETHPLN": 9519.99,
  "ETHUSD": 2680.52
}