{
  "USDC": 0.25369987,
  "WETH": 7.2201376e-05,
  "WETH_viaUSDC": 7.4706377e-05,
  "diff_pct": 0.034103,
  "prefer": "viaUSDC",
  "pool": {
    "address_usdc": "0xca71156bFe3bBecb281B78BF8bd9C083D1db222b",
    "address_weth": "0x4F4F6a4f5A28420B57A49Fe5cc935b441BB52456",
    "krs_usdc": 1259.8138862891328,
    "usdc": 699.986295,
    "krs_weth": 427.85767425073203,
    "weth": 0.12660930933885842,
    "value_usd": 1558.11,
    "value_eth": 0.458812,
    "value_pln": 5783.48
  },
  "ETHPLN": 12605.32,
  "ETHUSD": 3395.96
}