{
  "USDC": 0.25187385,
  "WETH": 8.0258524e-05,
  "WETH_viaUSDC": 8.0877074e-05,
  "diff_pct": 0.007677,
  "prefer": "viaUSDC",
  "pool": {
    "address_usdc": "0xca71156bFe3bBecb281B78BF8bd9C083D1db222b",
    "address_weth": "0x4F4F6a4f5A28420B57A49Fe5cc935b441BB52456",
    "krs_usdc": 1655.1987135492798,
    "usdc": 612.44553,
    "krs_weth": 3810.2706645977914,
    "weth": 0.48107962111694175,
    "value_usd": 3487.27,
    "value_eth": 1.119768,
    "value_pln": 12666.76
  },
  "ETHPLN": 11311.95,
  "ETHUSD": 3114.28
}