{
  "USDC": 0.25363564,
  "WETH": 6.5214527e-05,
  "WETH_viaUSDC": 6.522024e-05,
  "diff_pct": 8.8e-05,
  "prefer": "viaUSDC",
  "pool": {
    "address_usdc": "0xca71156bFe3bBecb281B78BF8bd9C083D1db222b",
    "address_weth": "0x4F4F6a4f5A28420B57A49Fe5cc935b441BB52456",
    "krs_usdc": 1269.1841844366966,
    "usdc": 695.782541,
    "krs_weth": 723.2473761031682,
    "weth": 0.10591820668194153,
    "value_usd": 1613.04,
    "value_eth": 0.41478,
    "value_pln": 5868.07
  },
  "ETHPLN": 14147.45,
  "ETHUSD": 3888.91
}