{
  "WETH": 9.683e-05,
  "USDC": 0.24963014,
  "pool": {
    "krs_usdc": 2072.4624853737214,
    "usdc": 485.842233,
    "krs_weth": 497.0743031336162,
    "weth": 0.10680318402358144,
    "value_usd": 1003.24,
    "value_eth": 0.413489,
    "value_pln": 3630.48
  },
  "ETHPLN": 8780.11,
  "ETHUSD": 2426.28
}