{
  "USDC": 0.25167155,
  "WETH": 8.051501e-05,
  "WETH_viaUSDC": 8.0465375e-05,
  "diff_pct": 0.000617,
  "prefer": "viaUSDC",
  "pool": {
    "address_usdc": "0xca71156bFe3bBecb281B78BF8bd9C083D1db222b",
    "address_weth": "0x4F4F6a4f5A28420B57A49Fe5cc935b441BB52456",
    "krs_usdc": 1696.2387535026116,
    "usdc": 601.97313,
    "krs_weth": 3769.2306246444596,
    "weth": 0.48433423437545203,
    "value_usd": 3492.33,
    "value_eth": 1.11658,
    "value_pln": 12696.8
  },
  "ETHPLN": 11371.15,
  "ETHUSD": 3127.7
}