{
  "WETH": 9.678e-05,
  "USDC": 0.24959657,
  "pool": {
    "krs_usdc": 2077.7968066483063,
    "usdc": 483.706282,
    "krs_weth": 491.7399818590318,
    "weth": 0.10702259904974036,
    "value_usd": 1002.36,
    "value_eth": 0.412678,
    "value_pln": 3682.0
  },
  "ETHPLN": 8922.22,
  "ETHUSD": 2428.93
}