{
  "USDC": 0.24717379,
  "WETH": 8.7317456e-05,
  "WETH_viaUSDC": 8.6661661e-05,
  "diff_pct": 0.007539,
  "prefer": "viaUSDC",
  "pool": {
    "address_usdc": "0xca71156bFe3bBecb281B78BF8bd9C083D1db222b",
    "address_weth": "0x4F4F6a4f5A28420B57A49Fe5cc935b441BB52456",
    "krs_usdc": 2620.0949503847955,
    "usdc": 367.658269,
    "krs_weth": 2845.374427762276,
    "weth": 0.5603053597110204,
    "value_usd": 3316.67,
    "value_eth": 1.162857,
    "value_pln": 12198.3
  },
  "ETHPLN": 10489.94,
  "ETHUSD": 2852.17
}