{
  "USDC": 0.25141819,
  "WETH": 8.1100848e-05,
  "WETH_viaUSDC": 8.1383283e-05,
  "diff_pct": 0.003476,
  "prefer": "viaUSDC",
  "pool": {
    "address_usdc": "0xca71156bFe3bBecb281B78BF8bd9C083D1db222b",
    "address_weth": "0x4F4F6a4f5A28420B57A49Fe5cc935b441BB52456",
    "krs_usdc": 1768.3367092922638,
    "usdc": 594.029051,
    "krs_weth": 3697.132668854808,
    "weth": 0.49345694321135725,
    "value_usd": 3492.59,
    "value_eth": 1.13054,
    "value_pln": 12610.92
  },
  "ETHPLN": 11154.77,
  "ETHUSD": 3089.31
}