{
  "WETH": 9.667e-05,
  "USDC": 0.249569,
  "pool": {
    "krs_usdc": 2084.8292840185263,
    "usdc": 482.614171,
    "krs_weth": 484.70750448881154,
    "weth": 0.10802301640415382,
    "value_usd": 1002.97,
    "value_eth": 0.413029,
    "value_pln": 3635.57
  },
  "ETHPLN": 8802.23,
  "ETHUSD": 2428.33
}