{
  "USDC": 0.25032326,
  "WETH": 8.2268643e-05,
  "WETH_viaUSDC": 8.1876963e-05,
  "diff_pct": 0.004772,
  "prefer": "viaUSDC",
  "pool": {
    "address_usdc": "0xca71156bFe3bBecb281B78BF8bd9C083D1db222b",
    "address_weth": "0x4F4F6a4f5A28420B57A49Fe5cc935b441BB52456",
    "krs_usdc": 1971.350402138418,
    "usdc": 532.148423,
    "krs_weth": 3494.118976008653,
    "weth": 0.5064763041751692,
    "value_usd": 3448.74,
    "value_eth": 1.12803,
    "value_pln": 12545.86
  },
  "ETHPLN": 11121.92,
  "ETHUSD": 3057.31
}