{
  "USDC": 0.25359501,
  "WETH": 5.8192764e-05,
  "WETH_viaUSDC": 6.0592849e-05,
  "diff_pct": 0.04041,
  "prefer": "viaUSDC",
  "pool": {
    "address_usdc": "0xca71156bFe3bBecb281B78BF8bd9C083D1db222b",
    "address_weth": "0x4F4F6a4f5A28420B57A49Fe5cc935b441BB52456",
    "krs_usdc": 1273.9301920080763,
    "usdc": 692.823601,
    "krs_weth": 1073.0086434282375,
    "weth": 0.08400513771436571,
    "value_usd": 1639.58,
    "value_eth": 0.391753,
    "value_pln": 6017.82
  },
  "ETHPLN": 15361.26,
  "ETHUSD": 4185.23
}