{
  "USDC": 0.25457398,
  "WETH": 7.7213662e-05,
  "WETH_viaUSDC": 7.6900344e-05,
  "diff_pct": 0.004066,
  "prefer": "viaUSDC",
  "pool": {
    "address_usdc": "0xca71156bFe3bBecb281B78BF8bd9C083D1db222b",
    "address_weth": "0x4F4F6a4f5A28420B57A49Fe5cc935b441BB52456",
    "krs_usdc": 1132.1664393757937,
    "usdc": 756.849017,
    "krs_weth": 4333.302938771278,
    "weth": 0.4436971362572136,
    "value_usd": 3617.05,
    "value_eth": 1.092619,
    "value_pln": 13129.08
  },
  "ETHPLN": 12016.16,
  "ETHUSD": 3310.44
}