{
  "WETH": 9.173e-05,
  "USDC": 0.24766399,
  "pool": {
    "krs_usdc": 2478.802504901363,
    "usdc": 383.405536,
    "krs_weth": 90.73428360597504,
    "weth": 0.14932546521623888,
    "value_usd": 997.32,
    "value_eth": 0.437471,
    "value_pln": 3693.21
  },
  "ETHPLN": 8442.19,
  "ETHUSD": 2279.75
}