{
  "USDC": 0.25126395,
  "WETH": 5.7012968e-05,
  "WETH_viaUSDC": 5.7702533e-05,
  "diff_pct": 0.012022,
  "prefer": "viaUSDC",
  "pool": {
    "address_usdc": "0xca71156bFe3bBecb281B78BF8bd9C083D1db222b",
    "address_weth": "0x4F4F6a4f5A28420B57A49Fe5cc935b441BB52456",
    "krs_usdc": 1743.4985450644033,
    "usdc": 571.93241,
    "krs_weth": 405.9402903719106,
    "weth": 0.02857794961238326,
    "value_usd": 1236.45,
    "value_eth": 0.28395,
    "value_pln": 4498.76
  },
  "ETHPLN": 15843.49,
  "ETHUSD": 4354.47
}