{
  "USDC": 0.2487961,
  "WETH": 8.4972423e-05,
  "WETH_viaUSDC": 8.4456474e-05,
  "diff_pct": 0.00609,
  "prefer": "viaUSDC",
  "pool": {
    "address_usdc": "0xca71156bFe3bBecb281B78BF8bd9C083D1db222b",
    "address_weth": "0x4F4F6a4f5A28420B57A49Fe5cc935b441BB52456",
    "krs_usdc": 2318.252993733783,
    "usdc": 461.0237,
    "krs_weth": 3147.2163844132883,
    "weth": 0.5405437064910977,
    "value_usd": 3413.17,
    "value_eth": 1.158637,
    "value_pln": 12204.5
  },
  "ETHPLN": 10533.49,
  "ETHUSD": 2945.85
}