{
  "USDC": 0.25405039,
  "WETH": 6.3411719e-05,
  "WETH_viaUSDC": 6.4523683e-05,
  "diff_pct": 0.017383,
  "prefer": "viaUSDC",
  "pool": {
    "address_usdc": "0xca71156bFe3bBecb281B78BF8bd9C083D1db222b",
    "address_weth": "0x4F4F6a4f5A28420B57A49Fe5cc935b441BB52456",
    "krs_usdc": 1184.8811945618259,
    "usdc": 716.861471,
    "krs_weth": 807.5503659780388,
    "weth": 0.10041510524245406,
    "value_usd": 1618.41,
    "value_eth": 0.411043,
    "value_pln": 5925.52
  },
  "ETHPLN": 14415.84,
  "ETHUSD": 3937.32
}