{
  "USDC": 0.25010433,
  "WETH": 8.2562554e-05,
  "WETH_viaUSDC": 8.2462396e-05,
  "diff_pct": 0.001214,
  "prefer": "viaUSDC",
  "pool": {
    "address_usdc": "0xca71156bFe3bBecb281B78BF8bd9C083D1db222b",
    "address_weth": "0x4F4F6a4f5A28420B57A49Fe5cc935b441BB52456",
    "krs_usdc": 2016.4146811221106,
    "usdc": 520.838791,
    "krs_weth": 3449.0546970249607,
    "weth": 0.5101791558163196,
    "value_usd": 3435.12,
    "value_eth": 1.132602,
    "value_pln": 12485.14
  },
  "ETHPLN": 11023.42,
  "ETHUSD": 3032.95
}