{
  "USDC": 0.25190557,
  "WETH": 6.5028216e-05,
  "WETH_viaUSDC": 6.4492945e-05,
  "diff_pct": 0.008265,
  "prefer": "viaUSDC",
  "pool": {
    "address_usdc": "0xca71156bFe3bBecb281B78BF8bd9C083D1db222b",
    "address_weth": "0x4F4F6a4f5A28420B57A49Fe5cc935b441BB52456",
    "krs_usdc": 1617.491603922891,
    "usdc": 606.249346,
    "krs_weth": 729.4472315134227,
    "weth": 0.1052031252389211,
    "value_usd": 1608.37,
    "value_eth": 0.411776,
    "value_pln": 5893.34
  },
  "ETHPLN": 14311.99,
  "ETHUSD": 3905.94
}