{
  "WETH": 0.00010404,
  "USDC": 0.25219823,
  "pool": {
    "krs_usdc": 1532.1794781703802,
    "usdc": 614.838509,
    "krs_weth": 1037.3573103369595,
    "weth": 0.05036716321702141,
    "value_usd": 1001.36,
    "value_eth": 0.384028,
    "value_pln": 3750.42
  },
  "ETHPLN": 9766.03,
  "ETHUSD": 2607.52
}