{
  "USDC": 0.24942916,
  "WETH": 8.3445567e-05,
  "WETH_viaUSDC": 8.2857472e-05,
  "diff_pct": 0.007073,
  "prefer": "viaUSDC",
  "pool": {
    "address_usdc": "0xca71156bFe3bBecb281B78BF8bd9C083D1db222b",
    "address_weth": "0x4F4F6a4f5A28420B57A49Fe5cc935b441BB52456",
    "krs_usdc": 2153.069734747029,
    "usdc": 485.261565,
    "krs_weth": 3312.3996434000424,
    "weth": 0.5210328121575478,
    "value_usd": 3416.99,
    "value_eth": 1.135086,
    "value_pln": 12444.01
  },
  "ETHPLN": 10963.05,
  "ETHUSD": 3010.34
}