{
  "USDC": 0.24889992,
  "WETH": 8.4175038e-05,
  "WETH_viaUSDC": 8.4944428e-05,
  "diff_pct": 0.009099,
  "prefer": "viaUSDC",
  "pool": {
    "address_usdc": "0xca71156bFe3bBecb281B78BF8bd9C083D1db222b",
    "address_weth": "0x4F4F6a4f5A28420B57A49Fe5cc935b441BB52456",
    "krs_usdc": 2261.2013479131406,
    "usdc": 457.490605,
    "krs_weth": 3204.268030233931,
    "weth": 0.5298171426055945,
    "value_usd": 3370.29,
    "value_eth": 1.15021,
    "value_pln": 12275.2
  },
  "ETHPLN": 10672.13,
  "ETHUSD": 2930.15
}