{
  "WETH": 0.00010482,
  "USDC": 0.25248119,
  "pool": {
    "krs_usdc": 1474.401212008565,
    "usdc": 629.326252,
    "krs_weth": 1095.1355764987748,
    "weth": 0.04479949060097086,
    "value_usd": 1001.7,
    "value_eth": 0.37717,
    "value_pln": 3754.41
  },
  "ETHPLN": 9954.16,
  "ETHUSD": 2655.83
}