{
  "USDC": 0.25173344,
  "WETH": 8.0659508e-05,
  "WETH_viaUSDC": 8.0508843e-05,
  "diff_pct": 0.00187,
  "prefer": "viaUSDC",
  "pool": {
    "address_usdc": "0xca71156bFe3bBecb281B78BF8bd9C083D1db222b",
    "address_weth": "0x4F4F6a4f5A28420B57A49Fe5cc935b441BB52456",
    "krs_usdc": 1701.3560588594357,
    "usdc": 609.608479,
    "krs_weth": 3764.113319287636,
    "weth": 0.48763609400350005,
    "value_usd": 3510.18,
    "value_eth": 1.122618,
    "value_pln": 12609.56
  },
  "ETHPLN": 11232.28,
  "ETHUSD": 3126.78
}