{
  "USDC": 0.25005831,
  "WETH": 8.2589282e-05,
  "WETH_viaUSDC": 8.2549835e-05,
  "diff_pct": 0.000478,
  "prefer": "viaUSDC",
  "pool": {
    "address_usdc": "0xca71156bFe3bBecb281B78BF8bd9C083D1db222b",
    "address_weth": "0x4F4F6a4f5A28420B57A49Fe5cc935b441BB52456",
    "krs_usdc": 2023.2015971145174,
    "usdc": 517.792888,
    "krs_weth": 3442.267781032554,
    "weth": 0.5102839807957882,
    "value_usd": 3430.22,
    "value_eth": 1.132393,
    "value_pln": 12490.88
  },
  "ETHPLN": 11030.52,
  "ETHUSD": 3029.18
}