{
  "USDC": 0.2507379,
  "WETH": 6.0251399e-05,
  "WETH_viaUSDC": 6.0137934e-05,
  "diff_pct": 0.001885,
  "prefer": "viaUSDC",
  "pool": {
    "address_usdc": "0xca71156bFe3bBecb281B78BF8bd9C083D1db222b",
    "address_weth": "0x4F4F6a4f5A28420B57A49Fe5cc935b441BB52456",
    "krs_usdc": 1852.663518587126,
    "usdc": 545.149972,
    "krs_weth": 496.7753168491877,
    "weth": 0.046643347485940366,
    "value_usd": 1328.72,
    "value_eth": 0.318685,
    "value_pln": 4839.03
  },
  "ETHPLN": 15184.4,
  "ETHUSD": 4169.38
}