{
  "WETH": 0.00011023,
  "USDC": 0.2545016,
  "pool": {
    "krs_usdc": 1069.4857982319602,
    "usdc": 733.756448,
    "krs_weth": 1500.050990275379,
    "weth": 0.007802926662869745,
    "value_usd": 1006.11,
    "value_eth": 0.361494,
    "value_pln": 3751.23
  },
  "ETHPLN": 10377.0,
  "ETHUSD": 2783.19
}