{
  "WETH": 9.18e-05,
  "USDC": 0.24769343,
  "pool": {
    "krs_usdc": 2473.007794489995,
    "usdc": 385.022838,
    "krs_weth": 96.52899401734311,
    "weth": 0.14877422172523042,
    "value_usd": 997.58,
    "value_eth": 0.439735,
    "value_pln": 3694.68
  },
  "ETHPLN": 8402.06,
  "ETHUSD": 2268.59
}