{
  "USDC": 0.25160486,
  "WETH": 8.040362e-05,
  "WETH_viaUSDC": 8.096176e-05,
  "diff_pct": 0.006918,
  "prefer": "viaUSDC",
  "pool": {
    "address_usdc": "0xca71156bFe3bBecb281B78BF8bd9C083D1db222b",
    "address_weth": "0x4F4F6a4f5A28420B57A49Fe5cc935b441BB52456",
    "krs_usdc": 1694.1668203407594,
    "usdc": 594.640334,
    "krs_weth": 3771.206082464649,
    "weth": 0.4815746074061247,
    "value_usd": 3466.34,
    "value_eth": 1.115405,
    "value_pln": 12683.63
  },
  "ETHPLN": 11371.32,
  "ETHUSD": 3107.7
}