{
  "WETH": 0.00010148,
  "USDC": 0.25123714,
  "pool": {
    "krs_usdc": 1727.3993213027925,
    "usdc": 565.127497,
    "krs_weth": 842.1374672045473,
    "weth": 0.06914627453692893,
    "value_usd": 999.2,
    "value_eth": 0.390977,
    "value_pln": 3722.92
  },
  "ETHPLN": 9522.1,
  "ETHUSD": 2555.65
}