{
  "USDC": 0.25227547,
  "WETH": 8.0012707e-05,
  "WETH_viaUSDC": 7.9641206e-05,
  "diff_pct": 0.004654,
  "prefer": "viaUSDC",
  "pool": {
    "address_usdc": "0xca71156bFe3bBecb281B78BF8bd9C083D1db222b",
    "address_weth": "0x4F4F6a4f5A28420B57A49Fe5cc935b441BB52456",
    "krs_usdc": 1594.635081872143,
    "usdc": 638.433718,
    "krs_weth": 3870.8342962749284,
    "weth": 0.47967542319815315,
    "value_usd": 3536.68,
    "value_eth": 1.1165,
    "value_pln": 12763.18
  },
  "ETHPLN": 11431.42,
  "ETHUSD": 3167.65
}