{
  "USDC": 0.25378563,
  "WETH": 6.4659418e-05,
  "WETH_viaUSDC": 6.4260589e-05,
  "diff_pct": 0.006187,
  "prefer": "viaUSDC",
  "pool": {
    "address_usdc": "0xca71156bFe3bBecb281B78BF8bd9C083D1db222b",
    "address_weth": "0x4F4F6a4f5A28420B57A49Fe5cc935b441BB52456",
    "krs_usdc": 1241.1564532394857,
    "usdc": 704.037741,
    "krs_weth": 751.2751073003791,
    "weth": 0.10438860611847085,
    "value_usd": 1621.95,
    "value_eth": 0.410692,
    "value_pln": 5930.76
  },
  "ETHPLN": 14440.9,
  "ETHUSD": 3949.32
}