{
  "USDC": 0.24874471,
  "WETH": 8.5095081e-05,
  "WETH_viaUSDC": 8.5437297e-05,
  "diff_pct": 0.004013,
  "prefer": "viaUSDC",
  "pool": {
    "address_usdc": "0xca71156bFe3bBecb281B78BF8bd9C083D1db222b",
    "address_weth": "0x4F4F6a4f5A28420B57A49Fe5cc935b441BB52456",
    "krs_usdc": 2330.655448389827,
    "usdc": 458.790963,
    "krs_weth": 3134.8139297572443,
    "weth": 0.5418911860143912,
    "value_usd": 3395.98,
    "value_eth": 1.166429,
    "value_pln": 11964.97
  },
  "ETHPLN": 10257.78,
  "ETHUSD": 2911.43
}