{
  "USDC": 0.25215093,
  "WETH": 7.9667882e-05,
  "WETH_viaUSDC": 7.9329167e-05,
  "diff_pct": 0.004261,
  "prefer": "viaUSDC",
  "pool": {
    "address_usdc": "0xca71156bFe3bBecb281B78BF8bd9C083D1db222b",
    "address_weth": "0x4F4F6a4f5A28420B57A49Fe5cc935b441BB52456",
    "krs_usdc": 1579.5879882690374,
    "usdc": 621.930569,
    "krs_weth": 3885.784914536371,
    "weth": 0.471900266192967,
    "value_usd": 3499.98,
    "value_eth": 1.101129,
    "value_pln": 12750.24
  },
  "ETHPLN": 11579.24,
  "ETHUSD": 3178.54
}