{
  "WETH": 0.00010115,
  "USDC": 0.25128532,
  "pool": {
    "krs_usdc": 1734.7691024533135,
    "usdc": 571.93499,
    "krs_weth": 833.7723790042659,
    "weth": 0.07338916542618937,
    "value_usd": 1007.94,
    "value_eth": 0.396688,
    "value_pln": 3649.74
  },
  "ETHPLN": 9200.53,
  "ETHUSD": 2540.89
}