{
  "WETH": 9.66e-05,
  "USDC": 0.24950908,
  "pool": {
    "krs_usdc": 2093.878673378845,
    "usdc": 478.683966,
    "krs_weth": 475.6581151284932,
    "weth": 0.10826036399079349,
    "value_usd": 1001.17,
    "value_eth": 0.416624,
    "value_pln": 3706.82
  },
  "ETHPLN": 8897.29,
  "ETHUSD": 2403.06
}