{
  "USDC": 0.25427252,
  "WETH": 5.5749964e-05,
  "WETH_viaUSDC": 5.6038021e-05,
  "diff_pct": 0.005154,
  "prefer": "viaUSDC",
  "pool": {
    "address_usdc": "0xca71156bFe3bBecb281B78BF8bd9C083D1db222b",
    "address_weth": "0x4F4F6a4f5A28420B57A49Fe5cc935b441BB52456",
    "krs_usdc": 1136.596707409489,
    "usdc": 727.329045,
    "krs_weth": 1210.3421280268249,
    "weth": 0.07610092234274035,
    "value_usd": 1669.4,
    "value_eth": 0.367912,
    "value_pln": 6052.67
  },
  "ETHPLN": 16451.43,
  "ETHUSD": 4537.5
}