{
  "WETH": 0.00010212,
  "USDC": 0.25163388,
  "pool": {
    "krs_usdc": 1662.6312275322207,
    "usdc": 589.664188,
    "krs_weth": 906.905560975117,
    "weth": 0.06603179929397957,
    "value_usd": 1008.13,
    "value_eth": 0.394074,
    "value_pln": 3632.74
  },
  "ETHPLN": 9218.43,
  "ETHUSD": 2558.23
}