{
  "USDC": 0.25087429,
  "WETH": 8.1309088e-05,
  "WETH_viaUSDC": 8.0973424e-05,
  "diff_pct": 0.004137,
  "prefer": "viaUSDC",
  "pool": {
    "address_usdc": "0xca71156bFe3bBecb281B78BF8bd9C083D1db222b",
    "address_weth": "0x4F4F6a4f5A28420B57A49Fe5cc935b441BB52456",
    "krs_usdc": 1840.336282378688,
    "usdc": 556.151956,
    "krs_weth": 3625.03662042672,
    "weth": 0.49282345212589274,
    "value_usd": 3454.15,
    "value_eth": 1.11488,
    "value_pln": 12545.57
  },
  "ETHPLN": 11252.85,
  "ETHUSD": 3098.23
}