{
  "WETH": 0.00010978,
  "USDC": 0.25433479,
  "pool": {
    "krs_usdc": 1102.9733811350918,
    "usdc": 725.210961,
    "krs_weth": 1466.5634073722474,
    "weth": 0.010838032860016705,
    "value_usd": 1005.9,
    "value_eth": 0.358978,
    "value_pln": 3746.96
  },
  "ETHPLN": 10437.84,
  "ETHUSD": 2802.11
}