{
  "USDC": 0.24952962,
  "WETH": 8.3594667e-05,
  "WETH_viaUSDC": 8.3863945e-05,
  "diff_pct": 0.003216,
  "prefer": "viaUSDC",
  "pool": {
    "address_usdc": "0xca71156bFe3bBecb281B78BF8bd9C083D1db222b",
    "address_weth": "0x4F4F6a4f5A28420B57A49Fe5cc935b441BB52456",
    "krs_usdc": 2153.8570805827144,
    "usdc": 495.857294,
    "krs_weth": 3311.612297564357,
    "weth": 0.5246812812587638,
    "value_usd": 3420.8,
    "value_eth": 1.149689,
    "value_pln": 12302.05
  },
  "ETHPLN": 10700.33,
  "ETHUSD": 2975.41
}