{
  "WETH": 9.998e-05,
  "USDC": 0.25074141,
  "pool": {
    "krs_usdc": 1835.6370716300319,
    "usdc": 541.239437,
    "krs_weth": 733.8997168773071,
    "weth": 0.08116730280657805,
    "value_usd": 1001.58,
    "value_eth": 0.39848,
    "value_pln": 3710.79
  },
  "ETHPLN": 9312.36,
  "ETHUSD": 2513.51
}