{
  "WETH": 0.00010745,
  "USDC": 0.25362194,
  "pool": {
    "krs_usdc": 1260.18484188193,
    "usdc": 692.10474,
    "krs_weth": 1308.3566395756495,
    "weth": 0.02800194860436207,
    "value_usd": 1011.86,
    "value_eth": 0.368215,
    "value_pln": 3666.67
  },
  "ETHPLN": 9957.94,
  "ETHUSD": 2748.0
}