{
  "WETH": 0.00010407,
  "USDC": 0.25221047,
  "pool": {
    "krs_usdc": 1529.8392028065766,
    "usdc": 615.50617,
    "krs_weth": 1039.697585700763,
    "weth": 0.05017182228108909,
    "value_usd": 1001.46,
    "value_eth": 0.382282,
    "value_pln": 3730.0
  },
  "ETHPLN": 9757.21,
  "ETHUSD": 2619.68
}