{
  "USDC": 0.24778712,
  "WETH": 8.6499769e-05,
  "WETH_viaUSDC": 8.6469542e-05,
  "diff_pct": 0.000349,
  "prefer": "viaUSDC",
  "pool": {
    "address_usdc": "0xca71156bFe3bBecb281B78BF8bd9C083D1db222b",
    "address_weth": "0x4F4F6a4f5A28420B57A49Fe5cc935b441BB52456",
    "krs_usdc": 2510.284427350919,
    "usdc": 404.162381,
    "krs_weth": 2955.1849507961524,
    "weth": 0.5539263879093348,
    "value_usd": 3345.77,
    "value_eth": 1.167562,
    "value_pln": 12002.58
  },
  "ETHPLN": 10280.03,
  "ETHUSD": 2865.6
}