{
  "WETH": 0.0001022,
  "USDC": 0.25158588,
  "pool": {
    "krs_usdc": 1664.3850845228255,
    "usdc": 585.180081,
    "krs_weth": 905.1517039845131,
    "weth": 0.0645902133381573,
    "value_usd": 1004.01,
    "value_eth": 0.391862,
    "value_pln": 3709.37
  },
  "ETHPLN": 9466.01,
  "ETHUSD": 2562.15
}