{
  "WETH": 0.0001003,
  "USDC": 0.25086511,
  "pool": {
    "krs_usdc": 1810.9909420059846,
    "usdc": 547.804598,
    "krs_weth": 758.545846501354,
    "weth": 0.07885819539165738,
    "value_usd": 1002.2,
    "value_eth": 0.396926,
    "value_pln": 3705.81
  },
  "ETHPLN": 9336.28,
  "ETHUSD": 2524.89
}