{
  "USDC": 0.25588225,
  "WETH": 5.8896356e-05,
  "WETH_viaUSDC": 5.9548352e-05,
  "diff_pct": 0.011009,
  "prefer": "viaUSDC",
  "pool": {
    "address_usdc": "0xca71156bFe3bBecb281B78BF8bd9C083D1db222b",
    "address_weth": "0x4F4F6a4f5A28420B57A49Fe5cc935b441BB52456",
    "krs_usdc": 813.1330768160053,
    "usdc": 809.293701,
    "krs_weth": 533.8057586203084,
    "weth": 0.044453906649411984,
    "value_usd": 1344.97,
    "value_eth": 0.312999,
    "value_pln": 4867.45
  },
  "ETHPLN": 15551.0,
  "ETHUSD": 4297.05
}