{
  "USDC": 0.25216652,
  "WETH": 7.9983531e-05,
  "WETH_viaUSDC": 8.0508309e-05,
  "diff_pct": 0.00654,
  "prefer": "viaUSDC",
  "pool": {
    "address_usdc": "0xca71156bFe3bBecb281B78BF8bd9C083D1db222b",
    "address_weth": "0x4F4F6a4f5A28420B57A49Fe5cc935b441BB52456",
    "krs_usdc": 1603.3958837270195,
    "usdc": 629.476319,
    "krs_weth": 3862.073494420052,
    "weth": 0.47818868163947226,
    "value_usd": 3505.46,
    "value_eth": 1.119175,
    "value_pln": 12585.25
  },
  "ETHPLN": 11245.11,
  "ETHUSD": 3132.18
}