{
  "USDC": 0.25126078,
  "WETH": 5.7066281e-05,
  "WETH_viaUSDC": 5.858793e-05,
  "diff_pct": 0.026314,
  "prefer": "viaUSDC",
  "pool": {
    "address_usdc": "0xca71156bFe3bBecb281B78BF8bd9C083D1db222b",
    "address_weth": "0x4F4F6a4f5A28420B57A49Fe5cc935b441BB52456",
    "krs_usdc": 1744.3588447785844,
    "usdc": 571.822831,
    "krs_weth": 405.0799906577294,
    "weth": 0.028651333646327534,
    "value_usd": 1234.77,
    "value_eth": 0.287918,
    "value_pln": 4482.03
  },
  "ETHPLN": 15567.05,
  "ETHUSD": 4288.61
}