{
  "USDC": 0.25470694,
  "WETH": 7.7058839e-05,
  "WETH_viaUSDC": 7.6770291e-05,
  "diff_pct": 0.003752,
  "prefer": "viaUSDC",
  "pool": {
    "address_usdc": "0xca71156bFe3bBecb281B78BF8bd9C083D1db222b",
    "address_weth": "0x4F4F6a4f5A28420B57A49Fe5cc935b441BB52456",
    "krs_usdc": 1105.7286671216864,
    "usdc": 763.713747,
    "krs_weth": 4359.740711025385,
    "weth": 0.44169805833956055,
    "value_usd": 3621.26,
    "value_eth": 1.091472,
    "value_pln": 13171.66
  },
  "ETHPLN": 12067.8,
  "ETHUSD": 3317.78
}