{
  "USDC": 0.25102627,
  "WETH": 5.8066081e-05,
  "WETH_viaUSDC": 5.8499145e-05,
  "diff_pct": 0.00743,
  "prefer": "viaUSDC",
  "pool": {
    "address_usdc": "0xca71156bFe3bBecb281B78BF8bd9C083D1db222b",
    "address_weth": "0x4F4F6a4f5A28420B57A49Fe5cc935b441BB52456",
    "krs_usdc": 1792.992716344116,
    "usdc": 559.888588,
    "krs_weth": 556.4461190921979,
    "weth": 0.043057991487642486,
    "value_usd": 1334.43,
    "value_eth": 0.310975,
    "value_pln": 4852.53
  },
  "ETHPLN": 15604.28,
  "ETHUSD": 4291.11
}