{
  "WETH": 9.958e-05,
  "USDC": 0.25066962,
  "pool": {
    "krs_usdc": 1858.7630557007026,
    "usdc": 539.634359,
    "krs_weth": 710.7737328066349,
    "weth": 0.08517585063083664,
    "value_usd": 1005.64,
    "value_eth": 0.401426,
    "value_pln": 3631.65
  },
  "ETHPLN": 9046.87,
  "ETHUSD": 2505.17
}