{
  "WETH": 0.00010011,
  "USDC": 0.2507966,
  "pool": {
    "krs_usdc": 1825.2659934758933,
    "usdc": 544.326647,
    "krs_weth": 744.2707950314453,
    "weth": 0.0803235879005514,
    "value_usd": 1002.17,
    "value_eth": 0.400499,
    "value_pln": 3706.07
  },
  "ETHPLN": 9253.63,
  "ETHUSD": 2502.31
}