{
  "USDC": 0.24883753,
  "WETH": 8.4652628e-05,
  "WETH_viaUSDC": 8.4199574e-05,
  "diff_pct": 0.005366,
  "prefer": "viaUSDC",
  "pool": {
    "address_usdc": "0xca71156bFe3bBecb281B78BF8bd9C083D1db222b",
    "address_weth": "0x4F4F6a4f5A28420B57A49Fe5cc935b441BB52456",
    "krs_usdc": 2295.471870451794,
    "usdc": 459.600311,
    "krs_weth": 3169.9975076952774,
    "weth": 0.53626279988351,
    "value_usd": 3404.45,
    "value_eth": 1.151969,
    "value_pln": 12190.89
  },
  "ETHPLN": 10582.66,
  "ETHUSD": 2955.33
}