{
  "WETH": 0.0001019,
  "USDC": 0.25125283,
  "pool": {
    "krs_usdc": 1720.8768970831961,
    "usdc": 565.100972,
    "krs_weth": 870.3374320233045,
    "weth": 0.06572203148362028
  }
}