{
  "USDC": 0.24874471,
  "WETH": 8.5095081e-05,
  "WETH_viaUSDC": 8.5723195e-05,
  "diff_pct": 0.007354,
  "prefer": "viaUSDC",
  "pool": {
    "address_usdc": "0xca71156bFe3bBecb281B78BF8bd9C083D1db222b",
    "address_weth": "0x4F4F6a4f5A28420B57A49Fe5cc935b441BB52456",
    "krs_usdc": 2330.655448389827,
    "usdc": 458.790963,
    "krs_weth": 3134.8139297572443,
    "weth": 0.5418911860143912,
    "value_usd": 3390.71,
    "value_eth": 1.168519,
    "value_pln": 11987.69
  },
  "ETHPLN": 10258.88,
  "ETHUSD": 2901.72
}