{
  "WETH": 0.00010311,
  "USDC": 0.25200147,
  "pool": {
    "krs_usdc": 1587.4642968044736,
    "usdc": 608.535757,
    "krs_weth": 982.0724917028639,
    "weth": 0.05868452871515023,
    "value_usd": 1008.68,
    "value_eth": 0.390217,
    "value_pln": 3637.22
  },
  "ETHPLN": 9321.01,
  "ETHUSD": 2584.92
}