{
  "USDC": 0.2513411,
  "WETH": 5.6292501e-05,
  "WETH_viaUSDC": 5.5897053e-05,
  "diff_pct": 0.00705,
  "prefer": "viaUSDC",
  "pool": {
    "address_usdc": "0xca71156bFe3bBecb281B78BF8bd9C083D1db222b",
    "address_weth": "0x4F4F6a4f5A28420B57A49Fe5cc935b441BB52456",
    "krs_usdc": 1728.2769175650187,
    "usdc": 576.049281,
    "krs_weth": 421.16191787129515,
    "weth": 0.027781329642712686,
    "value_usd": 1241.21,
    "value_eth": 0.276039,
    "value_pln": 4441.97
  },
  "ETHPLN": 16091.79,
  "ETHUSD": 4496.5
}