{
  "WETH": 9.998e-05,
  "USDC": 0.25067203,
  "pool": {
    "krs_usdc": 1843.1371063604026,
    "usdc": 535.960577,
    "krs_weth": 726.3996821469373,
    "weth": 0.08058830805793264,
    "value_usd": 998.06,
    "value_eth": 0.400493,
    "value_pln": 3749.4
  },
  "ETHPLN": 9361.96,
  "ETHUSD": 2492.07
}