{
  "USDC": 0.24918185,
  "WETH": 8.4288429e-05,
  "WETH_viaUSDC": 8.4774185e-05,
  "diff_pct": 0.005746,
  "prefer": "viaUSDC",
  "pool": {
    "address_usdc": "0xca71156bFe3bBecb281B78BF8bd9C083D1db222b",
    "address_weth": "0x4F4F6a4f5A28420B57A49Fe5cc935b441BB52456",
    "krs_usdc": 2238.5550025711873,
    "usdc": 481.071583,
    "krs_weth": 3226.914375575884,
    "weth": 0.5338679070921228,
    "value_usd": 3412.2,
    "value_eth": 1.160864,
    "value_pln": 12131.41
  },
  "ETHPLN": 10450.33,
  "ETHUSD": 2939.36
}