{
  "USDC": 0.25155466,
  "WETH": 5.4215398e-05,
  "WETH_viaUSDC": 5.4194394e-05,
  "diff_pct": 0.000387,
  "prefer": "viaUSDC",
  "pool": {
    "address_usdc": "0xca71156bFe3bBecb281B78BF8bd9C083D1db222b",
    "address_weth": "0x4F4F6a4f5A28420B57A49Fe5cc935b441BB52456",
    "krs_usdc": 1684.5098292056696,
    "usdc": 587.021404,
    "krs_weth": 464.9290062306443,
    "weth": 0.025356176911895775,
    "value_usd": 1245.42,
    "value_eth": 0.26831,
    "value_pln": 4517.46
  },
  "ETHPLN": 16836.68,
  "ETHUSD": 4641.71
}