{
  "USDC": 0.24038198,
  "WETH": 0.000103293405,
  "WETH_viaUSDC": 0.000105242363,
  "diff_pct": 0.018692,
  "prefer": "viaUSDC",
  "pool": {
    "address_usdc": "0xca71156bFe3bBecb281B78BF8bd9C083D1db222b",
    "address_weth": "0x4F4F6a4f5A28420B57A49Fe5cc935b441BB52456",
    "krs_usdc": 4126.39263301448,
    "usdc": 25.212398,
    "krs_weth": 1339.0767451325912,
    "weth": 0.7123510883866901,
    "value_usd": 2966.08,
    "value_eth": 1.298588,
    "value_pln": 10745.55
  },
  "ETHPLN": 8274.79,
  "ETHUSD": 2284.08
}