{
  "USDC": 0.25246821,
  "WETH": 7.9729205e-05,
  "WETH_viaUSDC": 7.9523056e-05,
  "diff_pct": 0.002589,
  "prefer": "viaUSDC",
  "pool": {
    "address_usdc": "0xca71156bFe3bBecb281B78BF8bd9C083D1db222b",
    "address_weth": "0x4F4F6a4f5A28420B57A49Fe5cc935b441BB52456",
    "krs_usdc": 1552.2758499844035,
    "usdc": 647.541293,
    "krs_weth": 3913.193528162668,
    "weth": 0.4757920381275867,
    "value_usd": 3537.93,
    "value_eth": 1.114387,
    "value_pln": 12758.59
  },
  "ETHPLN": 11448.98,
  "ETHUSD": 3174.78
}