{
  "WETH": 9.722e-05,
  "USDC": 0.24976805,
  "pool": {
    "krs_usdc": 2042.9969339709003,
    "usdc": 492.726399,
    "krs_weth": 526.5398545364377,
    "weth": 0.1035715606979731,
    "value_usd": 1003.05,
    "value_eth": 0.414891,
    "value_pln": 3649.27
  },
  "ETHPLN": 8795.73,
  "ETHUSD": 2417.63
}