{
  "WETH": 9.808e-05,
  "USDC": 0.25011389,
  "pool": {
    "krs_usdc": 1973.8474376135737,
    "usdc": 511.140556,
    "krs_weth": 595.6893508937638,
    "weth": 0.09695231253735642,
    "value_usd": 1004.89,
    "value_eth": 0.407235,
    "value_pln": 3646.76
  },
  "ETHPLN": 8954.91,
  "ETHUSD": 2467.58
}