{
  "USDC": 0.24925307,
  "WETH": 5.4751669e-05,
  "WETH_viaUSDC": 5.4501083e-05,
  "diff_pct": 0.004587,
  "prefer": "viaUSDC",
  "pool": {
    "address_usdc": "0xca71156bFe3bBecb281B78BF8bd9C083D1db222b",
    "address_weth": "0x4F4F6a4f5A28420B57A49Fe5cc935b441BB52456",
    "krs_usdc": 2157.0586211488903,
    "usdc": 468.001133,
    "krs_weth": 452.68200761556056,
    "weth": 0.025946511727071856,
    "value_usd": 1237.15,
    "value_eth": 0.270512,
    "value_pln": 4538.13
  },
  "ETHPLN": 16776.06,
  "ETHUSD": 4573.36
}