{
  "USDC": 0.2519979,
  "WETH": 8.0323313e-05,
  "WETH_viaUSDC": 8.0331115e-05,
  "diff_pct": 9.7e-05,
  "prefer": "viaUSDC",
  "pool": {
    "address_usdc": "0xca71156bFe3bBecb281B78BF8bd9C083D1db222b",
    "address_weth": "0x4F4F6a4f5A28420B57A49Fe5cc935b441BB52456",
    "krs_usdc": 1647.7008908592559,
    "usdc": 623.287656,
    "krs_weth": 3817.768487287816,
    "weth": 0.4833702380903589,
    "value_usd": 3516.9,
    "value_eth": 1.121107,
    "value_pln": 12664.03
  },
  "ETHPLN": 11296.0,
  "ETHUSD": 3136.99
}