{
  "USDC": 0.2403821,
  "WETH": 0.000105187734,
  "WETH_viaUSDC": 0.000144359763,
  "diff_pct": 0.313944,
  "prefer": "viaUSDC",
  "pool": {
    "address_usdc": "0xca71156bFe3bBecb281B78BF8bd9C083D1db222b",
    "address_weth": "0x4F4F6a4f5A28420B57A49Fe5cc935b441BB52456",
    "krs_usdc": 4128.314013375548,
    "usdc": 25.688286,
    "krs_weth": 1180.615641574518,
    "weth": 0.7292752159502245,
    "value_usd": 2516.22,
    "value_eth": 1.511098,
    "value_pln": 9226.1
  },
  "ETHPLN": 6105.56,
  "ETHUSD": 1665.16
}