{
  "USDC": 0.25126078,
  "WETH": 5.7066281e-05,
  "WETH_viaUSDC": 5.8359858e-05,
  "diff_pct": 0.022414,
  "prefer": "viaUSDC",
  "pool": {
    "address_usdc": "0xca71156bFe3bBecb281B78BF8bd9C083D1db222b",
    "address_weth": "0x4F4F6a4f5A28420B57A49Fe5cc935b441BB52456",
    "krs_usdc": 1744.3588447785844,
    "usdc": 571.822831,
    "krs_weth": 405.0799906577294,
    "weth": 0.028651333646327534,
    "value_usd": 1235.25,
    "value_eth": 0.286908,
    "value_pln": 4476.5
  },
  "ETHPLN": 15602.53,
  "ETHUSD": 4305.37
}