{
  "USDC": 0.25235611,
  "WETH": 7.962858e-05,
  "WETH_viaUSDC": 8.1322825e-05,
  "diff_pct": 0.021053,
  "prefer": "viaUSDC",
  "pool": {
    "address_usdc": "0xca71156bFe3bBecb281B78BF8bd9C083D1db222b",
    "address_weth": "0x4F4F6a4f5A28420B57A49Fe5cc935b441BB52456",
    "krs_usdc": 1532.628135247319,
    "usdc": 631.163988,
    "krs_weth": 155.04342529254566,
    "weth": 0.14735744666855397,
    "value_usd": 1514.33,
    "value_eth": 0.487999,
    "value_pln": 5627.56
  },
  "ETHPLN": 11531.92,
  "ETHUSD": 3103.14
}