{
  "USDC": 0.25390481,
  "WETH": 5.7061594e-05,
  "WETH_viaUSDC": 5.7258245e-05,
  "diff_pct": 0.00344,
  "prefer": "viaUSDC",
  "pool": {
    "address_usdc": "0xca71156bFe3bBecb281B78BF8bd9C083D1db222b",
    "address_weth": "0x4F4F6a4f5A28420B57A49Fe5cc935b441BB52456",
    "krs_usdc": 1211.2492407424386,
    "usdc": 708.654753,
    "krs_weth": 1135.6895946938753,
    "weth": 0.08037627835387459,
    "value_usd": 1660.97,
    "value_eth": 0.374567,
    "value_pln": 6090.01
  },
  "ETHPLN": 16258.79,
  "ETHUSD": 4434.38
}