{
  "USDC": 0.24889416,
  "WETH": 8.4166432e-05,
  "WETH_viaUSDC": 8.4147271e-05,
  "diff_pct": 0.000228,
  "prefer": "viaUSDC",
  "pool": {
    "address_usdc": "0xca71156bFe3bBecb281B78BF8bd9C083D1db222b",
    "address_weth": "0x4F4F6a4f5A28420B57A49Fe5cc935b441BB52456",
    "krs_usdc": 2261.2960508004144,
    "usdc": 456.919841,
    "krs_weth": 3204.173327346657,
    "weth": 0.5296387153488938,
    "value_usd": 3383.83,
    "value_eth": 1.144021,
    "value_pln": 12435.78
  },
  "ETHPLN": 10870.24,
  "ETHUSD": 2957.84
}