{
  "WETH": 0.00010187,
  "USDC": 0.25154262,
  "pool": {
    "krs_usdc": 1681.3185176806476,
    "usdc": 584.97679,
    "krs_weth": 888.2182708266902,
    "weth": 0.06786947741067334,
    "value_usd": 1007.99,
    "value_eth": 0.395512,
    "value_pln": 3637.03
  },
  "ETHPLN": 9195.75,
  "ETHUSD": 2548.57
}