{
  "WETH": 0.00010635,
  "USDC": 0.25307514,
  "pool": {
    "krs_usdc": 1356.5474199502294,
    "usdc": 660.493034,
    "krs_weth": 1212.9893685571099,
    "weth": 0.03416547900886179,
    "value_usd": 1003.93,
    "value_eth": 0.373337,
    "value_pln": 3760.25
  },
  "ETHPLN": 10072.0,
  "ETHUSD": 2689.07
}