{
  "USDC": 0.25341873,
  "WETH": 7.3703172e-05,
  "WETH_viaUSDC": 7.3880642e-05,
  "diff_pct": 0.002405,
  "prefer": "viaUSDC",
  "pool": {
    "address_usdc": "0xca71156bFe3bBecb281B78BF8bd9C083D1db222b",
    "address_weth": "0x4F4F6a4f5A28420B57A49Fe5cc935b441BB52456",
    "krs_usdc": 1317.5012407485403,
    "usdc": 685.802086,
    "krs_weth": 370.17031979132446,
    "weth": 0.13094810815121352,
    "value_usd": 1562.66,
    "value_eth": 0.45557,
    "value_pln": 5781.81
  },
  "ETHPLN": 12691.37,
  "ETHUSD": 3430.11
}