{
  "USDC": 0.2407747,
  "WETH": 0.000102336421,
  "WETH_viaUSDC": 0.000102042205,
  "diff_pct": 0.002879,
  "prefer": "viaUSDC",
  "pool": {
    "address_usdc": "0xca71156bFe3bBecb281B78BF8bd9C083D1db222b",
    "address_weth": "0x4F4F6a4f5A28420B57A49Fe5cc935b441BB52456",
    "krs_usdc": 4042.0338044848163,
    "usdc": 46.235724,
    "krs_weth": 1423.435573662255,
    "weth": 0.7039609466170693,
    "value_usd": 3023.22,
    "value_eth": 1.281265,
    "value_pln": 10852.75
  },
  "ETHPLN": 8470.34,
  "ETHUSD": 2359.56
}