{
  "WETH": 9.58e-05,
  "USDC": 0.24922279,
  "pool": {
    "krs_usdc": 2155.0426493919135,
    "usdc": 464.350055,
    "krs_weth": 414.4941391154244,
    "weth": 0.11500752006531294,
    "value_usd": 1001.48,
    "value_eth": 0.417546,
    "value_pln": 3694.33
  },
  "ETHPLN": 8847.71,
  "ETHUSD": 2398.48
}