{
  "USDC": 0.25141819,
  "WETH": 8.1100848e-05,
  "WETH_viaUSDC": 8.0721169e-05,
  "diff_pct": 0.004693,
  "prefer": "viaUSDC",
  "pool": {
    "address_usdc": "0xca71156bFe3bBecb281B78BF8bd9C083D1db222b",
    "address_weth": "0x4F4F6a4f5A28420B57A49Fe5cc935b441BB52456",
    "krs_usdc": 1768.3367092922638,
    "usdc": 594.029051,
    "krs_weth": 3697.132668854808,
    "weth": 0.49345694321135725,
    "value_usd": 3505.09,
    "value_eth": 1.125357,
    "value_pln": 12670.8
  },
  "ETHPLN": 11259.36,
  "ETHUSD": 3114.65
}