{
  "WETH": 9.963e-05,
  "USDC": 0.25063756,
  "pool": {
    "krs_usdc": 1859.8508787157152,
    "usdc": 536.60895,
    "krs_weth": 709.6859097916233,
    "weth": 0.08416334256767367,
    "value_usd": 1002.83,
    "value_eth": 0.403741,
    "value_pln": 3727.44
  },
  "ETHPLN": 9232.26,
  "ETHUSD": 2483.84
}