{
  "WETH": 0.00011003,
  "USDC": 0.25457035,
  "pool": {
    "krs_usdc": 1069.4228759102434,
    "usdc": 740.722391,
    "krs_weth": 1499.118605547336,
    "weth": 0.01051016555787833,
    "value_usd": 1013.13,
    "value_eth": 0.363077,
    "value_pln": 3666.83
  },
  "ETHPLN": 10099.3,
  "ETHUSD": 2790.4
}