{
  "USDC": 0.25385549,
  "WETH": 6.4325932e-05,
  "WETH_viaUSDC": 6.4588849e-05,
  "diff_pct": 0.004079,
  "prefer": "viaUSDC",
  "pool": {
    "address_usdc": "0xca71156bFe3bBecb281B78BF8bd9C083D1db222b",
    "address_weth": "0x4F4F6a4f5A28420B57A49Fe5cc935b441BB52456",
    "krs_usdc": 1226.2862438898674,
    "usdc": 707.418894,
    "krs_weth": 766.1453166499974,
    "weth": 0.10333139949296896,
    "value_usd": 1619.34,
    "value_eth": 0.41201,
    "value_pln": 5910.83
  },
  "ETHPLN": 14346.32,
  "ETHUSD": 3930.33
}