{
  "WETH": 0.00011131,
  "USDC": 0.25514546,
  "pool": {
    "krs_usdc": 954.3901861423191,
    "usdc": 770.191267,
    "krs_weth": 1664.0754677975049,
    "weth": 0.002078127046709115,
    "value_usd": 1013.88,
    "value_eth": 0.26482,
    "value_pln": 3710.0
  },
  "ETHPLN": 14009.51,
  "ETHUSD": 3828.58
}