{
  "USDC": 0.25154715,
  "WETH": 8.0940835e-05,
  "WETH_viaUSDC": 8.0938762e-05,
  "diff_pct": 2.6e-05,
  "prefer": "viaUSDC",
  "pool": {
    "address_usdc": "0xca71156bFe3bBecb281B78BF8bd9C083D1db222b",
    "address_weth": "0x4F4F6a4f5A28420B57A49Fe5cc935b441BB52456",
    "krs_usdc": 1742.5784582076494,
    "usdc": 600.821503,
    "krs_weth": 3722.890919939422,
    "weth": 0.49147141731712796,
    "value_usd": 3503.07,
    "value_eth": 1.127162,
    "value_pln": 12688.82
  },
  "ETHPLN": 11257.31,
  "ETHUSD": 3107.87
}