{
  "WETH": 0.00010834,
  "USDC": 0.25394981,
  "pool": {
    "krs_usdc": 1194.1171440903836,
    "usdc": 708.922238,
    "krs_weth": 1374.424337367196,
    "weth": 0.021896762336025447,
    "value_usd": 1012.32,
    "value_eth": 0.367686,
    "value_pln": 3664.96
  },
  "ETHPLN": 9967.62,
  "ETHUSD": 2753.21
}