{
  "USDC": 0.24909485,
  "WETH": 8.3788759e-05,
  "WETH_viaUSDC": 8.4134904e-05,
  "diff_pct": 0.004123,
  "prefer": "viaUSDC",
  "pool": {
    "address_usdc": "0xca71156bFe3bBecb281B78BF8bd9C083D1db222b",
    "address_weth": "0x4F4F6a4f5A28420B57A49Fe5cc935b441BB52456",
    "krs_usdc": 2213.3847990003587,
    "usdc": 465.755031,
    "krs_weth": 3251.98810380505,
    "weth": 0.5245545801192514,
    "value_usd": 3380.18,
    "value_eth": 1.141698,
    "value_pln": 12392.98
  },
  "ETHPLN": 10854.87,
  "ETHUSD": 2960.66
}