{
  "USDC": 0.25157614,
  "WETH": 8.067907e-05,
  "WETH_viaUSDC": 8.0876007e-05,
  "diff_pct": 0.002438,
  "prefer": "viaUSDC",
  "pool": {
    "address_usdc": "0xca71156bFe3bBecb281B78BF8bd9C083D1db222b",
    "address_weth": "0x4F4F6a4f5A28420B57A49Fe5cc935b441BB52456",
    "krs_usdc": 1718.9762883927915,
    "usdc": 597.87675,
    "krs_weth": 3746.49308975428,
    "weth": 0.4866917849630253,
    "value_usd": 3486.78,
    "value_eth": 1.120921,
    "value_pln": 12672.12
  },
  "ETHPLN": 11305.1,
  "ETHUSD": 3110.64
}