{
  "USDC": 0.24881522,
  "WETH": 8.4603563e-05,
  "WETH_viaUSDC": 8.4391058e-05,
  "diff_pct": 0.002515,
  "prefer": "viaUSDC",
  "pool": {
    "address_usdc": "0xca71156bFe3bBecb281B78BF8bd9C083D1db222b",
    "address_weth": "0x4F4F6a4f5A28420B57A49Fe5cc935b441BB52456",
    "krs_usdc": 2294.9464830877264,
    "usdc": 457.161576,
    "krs_weth": 3170.522895059345,
    "weth": 0.535344417073926,
    "value_usd": 3395.44,
    "value_eth": 1.151637,
    "value_pln": 12228.02
  },
  "ETHPLN": 10617.94,
  "ETHUSD": 2948.36
}