{
  "WETH": 0.00011095,
  "USDC": 0.25476642,
  "pool": {
    "krs_usdc": 1016.6455358003267,
    "usdc": 747.382609,
    "krs_weth": 1552.8912527070124,
    "weth": 0.003085758048810441,
    "value_usd": 1006.56,
    "value_eth": 0.356699,
    "value_pln": 3724.32
  },
  "ETHPLN": 10441.08,
  "ETHUSD": 2821.88
}