{
  "USDC": 0.24572389,
  "WETH": 9.0081019e-05,
  "WETH_viaUSDC": 9.1492061e-05,
  "diff_pct": 0.015542,
  "prefer": "viaUSDC",
  "pool": {
    "address_usdc": "0xca71156bFe3bBecb281B78BF8bd9C083D1db222b",
    "address_weth": "0x4F4F6a4f5A28420B57A49Fe5cc935b441BB52456",
    "krs_usdc": 2922.2836703533326,
    "usdc": 291.418856,
    "krs_weth": 2543.185707793739,
    "weth": 0.5864707605744998,
    "value_usd": 3209.52,
    "value_eth": 1.195024,
    "value_pln": 11804.12
  },
  "ETHPLN": 9877.73,
  "ETHUSD": 2685.74
}