{
  "WETH": 0.00010133,
  "USDC": 0.25124913,
  "pool": {
    "krs_usdc": 1732.0440959040902,
    "usdc": 567.534214,
    "krs_weth": 837.4926926032487,
    "weth": 0.07099118129629198,
    "value_usd": 1002.79,
    "value_eth": 0.395373,
    "value_pln": 3708.0
  },
  "ETHPLN": 9378.48,
  "ETHUSD": 2536.32
}