{
  "USDC": 0.24944882,
  "WETH": 8.3654609e-05,
  "WETH_viaUSDC": 8.3569402e-05,
  "diff_pct": 0.001019,
  "prefer": "viaUSDC",
  "pool": {
    "address_usdc": "0xca71156bFe3bBecb281B78BF8bd9C083D1db222b",
    "address_weth": "0x4F4F6a4f5A28420B57A49Fe5cc935b441BB52456",
    "krs_usdc": 2166.7113835035666,
    "usdc": 490.716425,
    "krs_weth": 3298.757994643505,
    "weth": 0.5251077388712656,
    "value_usd": 3421.48,
    "value_eth": 1.146252,
    "value_pln": 12286.27
  },
  "ETHPLN": 10718.65,
  "ETHUSD": 2984.93
}