{
  "USDC": 0.24908945,
  "WETH": 5.6378711e-05,
  "WETH_viaUSDC": 5.7294344e-05,
  "diff_pct": 0.01611,
  "prefer": "viaUSDC",
  "pool": {
    "address_usdc": "0xca71156bFe3bBecb281B78BF8bd9C083D1db222b",
    "address_weth": "0x4F4F6a4f5A28420B57A49Fe5cc935b441BB52456",
    "krs_usdc": 2191.0517537404526,
    "usdc": 459.556433,
    "krs_weth": 418.688875023998,
    "weth": 0.027840827096115756,
    "value_usd": 1230.65,
    "value_eth": 0.283069,
    "value_pln": 4496.5
  },
  "ETHPLN": 15884.82,
  "ETHUSD": 4347.54
}