{
  "USDC": 0.25468217,
  "WETH": 5.4371558e-05,
  "WETH_viaUSDC": 5.4054285e-05,
  "diff_pct": 0.005852,
  "prefer": "viaUSDC",
  "pool": {
    "address_usdc": "0xca71156bFe3bBecb281B78BF8bd9C083D1db222b",
    "address_weth": "0x4F4F6a4f5A28420B57A49Fe5cc935b441BB52456",
    "krs_usdc": 1054.441086285475,
    "usdc": 748.326896,
    "krs_weth": 1292.497749150839,
    "weth": 0.0715974474096126,
    "value_usd": 1683.39,
    "value_eth": 0.357286,
    "value_pln": 6120.94
  },
  "ETHPLN": 17131.76,
  "ETHUSD": 4711.6
}