{
  "USDC": 0.25128021,
  "WETH": 8.1247279e-05,
  "WETH_viaUSDC": 8.0375458e-05,
  "diff_pct": 0.010788,
  "prefer": "viaUSDC",
  "pool": {
    "address_usdc": "0xca71156bFe3bBecb281B78BF8bd9C083D1db222b",
    "address_weth": "0x4F4F6a4f5A28420B57A49Fe5cc935b441BB52456",
    "krs_usdc": 1793.9301896635684,
    "usdc": 586.255403,
    "krs_weth": 3671.539188483503,
    "weth": 0.4951077522530091,
    "value_usd": 3507.49,
    "value_eth": 1.121919,
    "value_pln": 12575.22
  },
  "ETHPLN": 11208.67,
  "ETHUSD": 3126.33
}