{
  "USDC": 0.25478586,
  "WETH": 5.4030816e-05,
  "WETH_viaUSDC": 5.4411892e-05,
  "diff_pct": 0.007028,
  "prefer": "viaUSDC",
  "pool": {
    "address_usdc": "0xca71156bFe3bBecb281B78BF8bd9C083D1db222b",
    "address_weth": "0x4F4F6a4f5A28420B57A49Fe5cc935b441BB52456",
    "krs_usdc": 1033.663142156499,
    "usdc": 753.635672,
    "krs_weth": 1313.275693279815,
    "weth": 0.07047464228252404,
    "value_usd": 1681.6,
    "value_eth": 0.359122,
    "value_pln": 6129.64
  },
  "ETHPLN": 17068.42,
  "ETHUSD": 4682.54
}