{
  "USDC": 0.2513411,
  "WETH": 5.6292501e-05,
  "WETH_viaUSDC": 5.6305397e-05,
  "diff_pct": 0.000229,
  "prefer": "viaUSDC",
  "pool": {
    "address_usdc": "0xca71156bFe3bBecb281B78BF8bd9C083D1db222b",
    "address_weth": "0x4F4F6a4f5A28420B57A49Fe5cc935b441BB52456",
    "krs_usdc": 1728.2769175650187,
    "usdc": 576.049281,
    "krs_weth": 421.16191787129515,
    "weth": 0.027781329642712686,
    "value_usd": 1240.3,
    "value_eth": 0.277853,
    "value_pln": 4443.86
  },
  "ETHPLN": 15993.59,
  "ETHUSD": 4463.89
}