{
  "USDC": 0.24046949,
  "WETH": 0.000103115502,
  "WETH_viaUSDC": 0.000102595502,
  "diff_pct": 0.005056,
  "prefer": "viaUSDC",
  "pool": {
    "address_usdc": "0xca71156bFe3bBecb281B78BF8bd9C083D1db222b",
    "address_weth": "0x4F4F6a4f5A28420B57A49Fe5cc935b441BB52456",
    "krs_usdc": 4109.15883819497,
    "usdc": 30.279868,
    "krs_weth": 1356.3105399521023,
    "weth": 0.7109331105950141,
    "value_usd": 3010.89,
    "value_eth": 1.284584,
    "value_pln": 10827.96
  },
  "ETHPLN": 8429.15,
  "ETHUSD": 2343.86
}