{
  "WETH": 0.00010006,
  "USDC": 0.25079812,
  "pool": {
    "krs_usdc": 1826.8035151807799,
    "usdc": 544.869656,
    "krs_weth": 742.7332733265586,
    "weth": 0.08084361040250616,
    "value_usd": 1003.1,
    "value_eth": 0.399372,
    "value_pln": 3726.82
  },
  "ETHPLN": 9331.71,
  "ETHUSD": 2511.7
}