{
  "USDC": 0.25046416,
  "WETH": 6.2404567e-05,
  "WETH_viaUSDC": 6.2058905e-05,
  "diff_pct": 0.005554,
  "prefer": "viaUSDC",
  "pool": {
    "address_usdc": "0xca71156bFe3bBecb281B78BF8bd9C083D1db222b",
    "address_weth": "0x4F4F6a4f5A28420B57A49Fe5cc935b441BB52456",
    "krs_usdc": 1908.8796493998982,
    "usdc": 531.019762,
    "krs_weth": 440.5591860364156,
    "weth": 0.05008009686550175,
    "value_usd": 1321.59,
    "value_eth": 0.327457,
    "value_pln": 4821.12
  },
  "ETHPLN": 14722.89,
  "ETHUSD": 4035.91
}