{
  "WETH": 0.00010166,
  "USDC": 0.25137884,
  "pool": {
    "krs_usdc": 1706.0433099147197,
    "usdc": 574.352057,
    "krs_weth": 863.4934785926191,
    "weth": 0.06854105787569406,
    "value_usd": 1003.3,
    "value_eth": 0.389666,
    "value_pln": 3713.89
  },
  "ETHPLN": 9530.98,
  "ETHUSD": 2574.78
}