{
  "WETH": 0.00010443,
  "USDC": 0.25233365,
  "pool": {
    "krs_usdc": 1504.0063254298386,
    "usdc": 621.645207,
    "krs_weth": 1065.5304630775013,
    "weth": 0.04755004664977571,
    "value_usd": 1001.27,
    "value_eth": 0.382139,
    "value_pln": 3765.29
  },
  "ETHPLN": 9853.22,
  "ETHUSD": 2620.17
}