{
  "WETH": 9.761e-05,
  "USDC": 0.24992411,
  "pool": {
    "krs_usdc": 2011.7919950342578,
    "usdc": 501.041931,
    "krs_weth": 557.7447934730799,
    "weth": 0.10058111581621798,
    "value_usd": 1003.89,
    "value_eth": 0.4084,
    "value_pln": 3632.86
  },
  "ETHPLN": 8895.34,
  "ETHUSD": 2458.11
}