{
  "USDC": 0.25399791,
  "WETH": 6.3584903e-05,
  "WETH_viaUSDC": 6.3227756e-05,
  "diff_pct": 0.005633,
  "prefer": "viaUSDC",
  "pool": {
    "address_usdc": "0xca71156bFe3bBecb281B78BF8bd9C083D1db222b",
    "address_weth": "0x4F4F6a4f5A28420B57A49Fe5cc935b441BB52456",
    "krs_usdc": 1194.326736599934,
    "usdc": 713.887637,
    "krs_weth": 798.1048239399307,
    "weth": 0.10087306254151038,
    "value_usd": 1625.19,
    "value_eth": 0.404558,
    "value_pln": 5955.78
  },
  "ETHPLN": 14721.68,
  "ETHUSD": 4017.19
}