{
  "USDC": 0.24078973,
  "WETH": 0.000102211557,
  "WETH_viaUSDC": 0.000102327858,
  "diff_pct": 0.001137,
  "prefer": "viaUSDC",
  "pool": {
    "address_usdc": "0xca71156bFe3bBecb281B78BF8bd9C083D1db222b",
    "address_weth": "0x4F4F6a4f5A28420B57A49Fe5cc935b441BB52456",
    "krs_usdc": 4034.945766988999,
    "usdc": 46.108202,
    "krs_weth": 1430.5236111580725,
    "weth": 0.7025240339937292,
    "value_usd": 3015.26,
    "value_eth": 1.281388,
    "value_pln": 10818.01
  },
  "ETHPLN": 8442.41,
  "ETHUSD": 2353.12
}