{
  "WETH": 0.00010014,
  "USDC": 0.25082526,
  "pool": {
    "krs_usdc": 1820.9985674523773,
    "usdc": 546.210357,
    "krs_weth": 748.5382210549615,
    "weth": 0.08021786300000346,
    "value_usd": 1003.04,
    "value_eth": 0.398486,
    "value_pln": 3737.62
  },
  "ETHPLN": 9379.55,
  "ETHUSD": 2517.12
}