{
  "USDC": 0.25110507,
  "WETH": 8.1514834e-05,
  "WETH_viaUSDC": 8.1851571e-05,
  "diff_pct": 0.004122,
  "prefer": "viaUSDC",
  "pool": {
    "address_usdc": "0xca71156bFe3bBecb281B78BF8bd9C083D1db222b",
    "address_weth": "0x4F4F6a4f5A28420B57A49Fe5cc935b441BB52456",
    "krs_usdc": 1832.7493879873134,
    "usdc": 577.978739,
    "krs_weth": 3632.719990159758,
    "weth": 0.49873754734844133,
    "value_usd": 3480.42,
    "value_eth": 1.134496,
    "value_pln": 12616.88
  },
  "ETHPLN": 11121.13,
  "ETHUSD": 3067.81
}