{
  "USDC": 0.24853326,
  "WETH": 8.4825536e-05,
  "WETH_viaUSDC": 8.431287e-05,
  "diff_pct": 0.006062,
  "prefer": "viaUSDC",
  "pool": {
    "address_usdc": "0xca71156bFe3bBecb281B78BF8bd9C083D1db222b",
    "address_weth": "0x4F4F6a4f5A28420B57A49Fe5cc935b441BB52456",
    "krs_usdc": 2337.125313848542,
    "usdc": 438.436001,
    "krs_weth": 3128.3440642985292,
    "weth": 0.5361744544941669,
    "value_usd": 3377.3,
    "value_eth": 1.14572,
    "value_pln": 12339.69
  },
  "ETHPLN": 10770.25,
  "ETHUSD": 2947.75
}