{
  "USDC": 0.24038202,
  "WETH": 0.000103202748,
  "WETH_viaUSDC": 0.000107070583,
  "diff_pct": 0.036789,
  "prefer": "viaUSDC",
  "pool": {
    "address_usdc": "0xca71156bFe3bBecb281B78BF8bd9C083D1db222b",
    "address_weth": "0x4F4F6a4f5A28420B57A49Fe5cc935b441BB52456",
    "krs_usdc": 4122.488218945597,
    "usdc": 24.292341,
    "krs_weth": 1342.981159201475,
    "weth": 0.7112121005133953,
    "value_usd": 2934.82,
    "value_eth": 1.307223,
    "value_pln": 10502.15
  },
  "ETHPLN": 8033.94,
  "ETHUSD": 2245.08
}