{
  "USDC": 0.24992238,
  "WETH": 8.3207392e-05,
  "WETH_viaUSDC": 8.2769459e-05,
  "diff_pct": 0.005277,
  "prefer": "viaUSDC",
  "pool": {
    "address_usdc": "0xca71156bFe3bBecb281B78BF8bd9C083D1db222b",
    "address_weth": "0x4F4F6a4f5A28420B57A49Fe5cc935b441BB52456",
    "krs_usdc": 2084.133761635676,
    "usdc": 519.031999,
    "krs_weth": 3381.3356165113955,
    "weth": 0.5207442936303174,
    "value_usd": 3457.36,
    "value_eth": 1.145012,
    "value_pln": 12468.96
  },
  "ETHPLN": 10889.81,
  "ETHUSD": 3019.5
}