{
  "USDC": 0.25173344,
  "WETH": 8.0659508e-05,
  "WETH_viaUSDC": 8.118417e-05,
  "diff_pct": 0.006484,
  "prefer": "viaUSDC",
  "pool": {
    "address_usdc": "0xca71156bFe3bBecb281B78BF8bd9C083D1db222b",
    "address_weth": "0x4F4F6a4f5A28420B57A49Fe5cc935b441BB52456",
    "krs_usdc": 1701.3560588594357,
    "usdc": 609.608479,
    "krs_weth": 3764.113319287636,
    "weth": 0.48763609400350005,
    "value_usd": 3497.5,
    "value_eth": 1.127945,
    "value_pln": 12561.55
  },
  "ETHPLN": 11136.67,
  "ETHUSD": 3100.77
}