{
  "USDC": 0.25405193,
  "WETH": 6.3408855e-05,
  "WETH_viaUSDC": 6.3095762e-05,
  "diff_pct": 0.00495,
  "prefer": "viaUSDC",
  "pool": {
    "address_usdc": "0xca71156bFe3bBecb281B78BF8bd9C083D1db222b",
    "address_weth": "0x4F4F6a4f5A28420B57A49Fe5cc935b441BB52456",
    "krs_usdc": 1184.6566314261493,
    "usdc": 716.962602,
    "krs_weth": 807.7749291137154,
    "weth": 0.10041189512337273,
    "value_usd": 1627.45,
    "value_eth": 0.404189,
    "value_pln": 5935.76
  },
  "ETHPLN": 14685.61,
  "ETHUSD": 4026.45
}