{
  "USDC": 0.25160243,
  "WETH": 8.0633594e-05,
  "WETH_viaUSDC": 8.0389042e-05,
  "diff_pct": 0.003037,
  "prefer": "viaUSDC",
  "pool": {
    "address_usdc": "0xca71156bFe3bBecb281B78BF8bd9C083D1db222b",
    "address_weth": "0x4F4F6a4f5A28420B57A49Fe5cc935b441BB52456",
    "krs_usdc": 1712.6937152624096,
    "usdc": 599.000355,
    "krs_weth": 3752.775662884662,
    "weth": 0.48603818944632066,
    "value_usd": 3495.33,
    "value_eth": 1.116788,
    "value_pln": 12709.34
  },
  "ETHPLN": 11380.27,
  "ETHUSD": 3129.81
}