{
  "USDC": 0.24697837,
  "WETH": 8.7617446e-05,
  "WETH_viaUSDC": 8.8125672e-05,
  "diff_pct": 0.005784,
  "prefer": "viaUSDC",
  "pool": {
    "address_usdc": "0xca71156bFe3bBecb281B78BF8bd9C083D1db222b",
    "address_weth": "0x4F4F6a4f5A28420B57A49Fe5cc935b441BB52456",
    "krs_usdc": 2657.1713683544667,
    "usdc": 356.533426,
    "krs_weth": 2808.2980097926047,
    "weth": 0.5628471289244084,
    "value_usd": 3283.8,
    "value_eth": 1.171712,
    "value_pln": 12038.78
  },
  "ETHPLN": 10274.52,
  "ETHUSD": 2802.57
}