{
  "USDC": 0.24728678,
  "WETH": 8.7082931e-05,
  "WETH_viaUSDC": 8.7417863e-05,
  "diff_pct": 0.003839,
  "prefer": "viaUSDC",
  "pool": {
    "address_usdc": "0xca71156bFe3bBecb281B78BF8bd9C083D1db222b",
    "address_weth": "0x4F4F6a4f5A28420B57A49Fe5cc935b441BB52456",
    "krs_usdc": 2595.2410718268848,
    "usdc": 373.239747,
    "krs_weth": 2870.2283063201867,
    "weth": 0.5579390852151697,
    "value_usd": 3303.07,
    "value_eth": 1.167662,
    "value_pln": 12306.69
  },
  "ETHPLN": 10539.6,
  "ETHUSD": 2828.79
}