{
  "USDC": 0.25427252,
  "WETH": 5.5749964e-05,
  "WETH_viaUSDC": 5.6414491e-05,
  "diff_pct": 0.011849,
  "prefer": "viaUSDC",
  "pool": {
    "address_usdc": "0xca71156bFe3bBecb281B78BF8bd9C083D1db222b",
    "address_weth": "0x4F4F6a4f5A28420B57A49Fe5cc935b441BB52456",
    "krs_usdc": 1136.596707409489,
    "usdc": 727.329045,
    "krs_weth": 1210.3421280268249,
    "weth": 0.07610092234274035,
    "value_usd": 1667.09,
    "value_eth": 0.369872,
    "value_pln": 6040.85
  },
  "ETHPLN": 16332.26,
  "ETHUSD": 4507.22
}