{
  "WETH": 0.00010003,
  "USDC": 0.2507646,
  "pool": {
    "krs_usdc": 1831.6053635351677,
    "usdc": 542.618637,
    "krs_weth": 737.9314249721712,
    "weth": 0.08091013209437173,
    "value_usd": 1001.99,
    "value_eth": 0.398832,
    "value_pln": 3705.53
  },
  "ETHPLN": 9290.95,
  "ETHUSD": 2512.32
}