{
  "WETH": 9.786e-05,
  "USDC": 0.25002126,
  "pool": {
    "krs_usdc": 1991.766358848335,
    "usdc": 506.062856,
    "krs_weth": 577.7704296590027,
    "weth": 0.09853826981262284,
    "value_usd": 1004.1,
    "value_eth": 0.411766,
    "value_pln": 3633.53
  },
  "ETHPLN": 8824.27,
  "ETHUSD": 2438.53
}