{
  "USDC": 0.25111525,
  "WETH": 8.1265895e-05,
  "WETH_viaUSDC": 8.0594667e-05,
  "diff_pct": 0.008294,
  "prefer": "viaUSDC",
  "pool": {
    "address_usdc": "0xca71156bFe3bBecb281B78BF8bd9C083D1db222b",
    "address_weth": "0x4F4F6a4f5A28420B57A49Fe5cc935b441BB52456",
    "krs_usdc": 1812.2882183222794,
    "usdc": 573.891079,
    "krs_weth": 3653.1811598247923,
    "weth": 0.4940760912562449,
    "value_usd": 3485.79,
    "value_eth": 1.118752,
    "value_pln": 12658.71
  },
  "ETHPLN": 11315.02,
  "ETHUSD": 3115.78
}