{
  "USDC": 0.25149044,
  "WETH": 5.4836059e-05,
  "WETH_viaUSDC": 5.5451043e-05,
  "diff_pct": 0.011152,
  "prefer": "viaUSDC",
  "pool": {
    "address_usdc": "0xca71156bFe3bBecb281B78BF8bd9C083D1db222b",
    "address_weth": "0x4F4F6a4f5A28420B57A49Fe5cc935b441BB52456",
    "krs_usdc": 1697.7565478076501,
    "usdc": 583.745673,
    "krs_weth": 651.6822876286636,
    "weth": 0.03766783799466781,
    "value_usd": 1345.44,
    "value_eth": 0.296657,
    "value_pln": 4871.26
  },
  "ETHPLN": 16420.53,
  "ETHUSD": 4535.36
}