{
  "WETH": 9.733e-05,
  "USDC": 0.24980701,
  "pool": {
    "krs_usdc": 2034.608246460808,
    "usdc": 494.653779,
    "krs_weth": 534.9285420465301,
    "weth": 0.1026401261858924,
    "value_usd": 1002.97,
    "value_eth": 0.411978,
    "value_pln": 3668.91
  },
  "ETHPLN": 8905.58,
  "ETHUSD": 2434.51
}