{
  "USDC": 0.25293877,
  "WETH": 7.8903146e-05,
  "WETH_viaUSDC": 7.9283694e-05,
  "diff_pct": 0.004811,
  "prefer": "viaUSDC",
  "pool": {
    "address_usdc": "0xca71156bFe3bBecb281B78BF8bd9C083D1db222b",
    "address_weth": "0x4F4F6a4f5A28420B57A49Fe5cc935b441BB52456",
    "krs_usdc": 1437.5117812409953,
    "usdc": 666.881167,
    "krs_weth": 4027.957596906076,
    "weth": 0.4635948527456955,
    "value_usd": 3528.32,
    "value_eth": 1.105951,
    "value_pln": 12791.45
  },
  "ETHPLN": 11566.01,
  "ETHUSD": 3190.3
}