{
  "USDC": 0.24689492,
  "WETH": 8.7848072e-05,
  "WETH_viaUSDC": 8.8079556e-05,
  "diff_pct": 0.002632,
  "prefer": "viaUSDC",
  "pool": {
    "address_usdc": "0xca71156bFe3bBecb281B78BF8bd9C083D1db222b",
    "address_weth": "0x4F4F6a4f5A28420B57A49Fe5cc935b441BB52456",
    "krs_usdc": 2678.6080149583195,
    "usdc": 353.160038,
    "krs_weth": 2786.861363188752,
    "weth": 0.5654146979946582,
    "value_usd": 3287.46,
    "value_eth": 1.1728,
    "value_pln": 12056.52
  },
  "ETHPLN": 10280.11,
  "ETHUSD": 2803.09
}