{
  "USDC": 0.25155139,
  "WETH": 5.4239697e-05,
  "WETH_viaUSDC": 5.3566249e-05,
  "diff_pct": 0.012494,
  "prefer": "viaUSDC",
  "pool": {
    "address_usdc": "0xca71156bFe3bBecb281B78BF8bd9C083D1db222b",
    "address_weth": "0x4F4F6a4f5A28420B57A49Fe5cc935b441BB52456",
    "krs_usdc": 1685.1079652360604,
    "usdc": 586.835293,
    "krs_weth": 464.33087020025334,
    "weth": 0.02538096729428306,
    "value_usd": 1246.72,
    "value_eth": 0.265481,
    "value_pln": 4521.32
  },
  "ETHPLN": 17030.67,
  "ETHUSD": 4696.08
}