{
  "USDC": 0.25331468,
  "WETH": 6.6639874e-05,
  "WETH_viaUSDC": 6.6325419e-05,
  "diff_pct": 0.00473,
  "prefer": "viaUSDC",
  "pool": {
    "address_usdc": "0xca71156bFe3bBecb281B78BF8bd9C083D1db222b",
    "address_weth": "0x4F4F6a4f5A28420B57A49Fe5cc935b441BB52456",
    "krs_usdc": 1333.9794056209842,
    "usdc": 679.309144,
    "krs_weth": 658.4521549188806,
    "weth": 0.11017691007071821,
    "value_usd": 1604.82,
    "value_eth": 0.420189,
    "value_pln": 5832.48
  },
  "ETHPLN": 13880.59,
  "ETHUSD": 3819.27
}