{
  "USDC": 0.2408834,
  "WETH": 0.000101997545,
  "WETH_viaUSDC": 0.000102313317,
  "diff_pct": 0.003091,
  "prefer": "viaUSDC",
  "pool": {
    "address_usdc": "0xca71156bFe3bBecb281B78BF8bd9C083D1db222b",
    "address_weth": "0x4F4F6a4f5A28420B57A49Fe5cc935b441BB52456",
    "krs_usdc": 4015.3608162911087,
    "usdc": 51.242022,
    "krs_weth": 1450.108561855963,
    "weth": 0.7006854709633521,
    "value_usd": 3017.46,
    "value_eth": 1.28164,
    "value_pln": 10845.2
  },
  "ETHPLN": 8461.97,
  "ETHUSD": 2354.37
}