{
  "USDC": 0.25480835,
  "WETH": 7.6929611e-05,
  "WETH_viaUSDC": 7.7143118e-05,
  "diff_pct": 0.002772,
  "prefer": "viaUSDC",
  "pool": {
    "address_usdc": "0xca71156bFe3bBecb281B78BF8bd9C083D1db222b",
    "address_weth": "0x4F4F6a4f5A28420B57A49Fe5cc935b441BB52456",
    "krs_usdc": 1084.5991567015933,
    "usdc": 768.69879,
    "krs_weth": 4380.870221445478,
    "weth": 0.43995109897614293,
    "value_usd": 3614.53,
    "value_eth": 1.094298,
    "value_pln": 13084.19
  },
  "ETHPLN": 11956.7,
  "ETHUSD": 3303.06
}