{
  "WETH": 0.00010034,
  "USDC": 0.2508075,
  "pool": {
    "krs_usdc": 1815.409555420122,
    "usdc": 542.968493,
    "krs_weth": 754.1272330872179,
    "weth": 0.07784195246960102,
    "value_usd": 998.36,
    "value_eth": 0.395355,
    "value_pln": 3711.32
  },
  "ETHPLN": 9387.32,
  "ETHUSD": 2525.23
}