{
  "WETH": 9.887e-05,
  "USDC": 0.25034629,
  "pool": {
    "krs_usdc": 1919.3683338608673,
    "usdc": 521.486129,
    "krs_weth": 650.1684546464714,
    "weth": 0.09007439115611066,
    "value_usd": 1002.06,
    "value_eth": 0.405183,
    "value_pln": 3729.53
  },
  "ETHPLN": 9204.57,
  "ETHUSD": 2473.1
}