{
  "WETH": 0.00010598,
  "USDC": 0.25287594,
  "pool": {
    "krs_usdc": 1390.6526894038986,
    "usdc": 648.691406,
    "krs_weth": 1178.8840991034422,
    "weth": 0.03617219708448324,
    "value_usd": 1000.48,
    "value_eth": 0.374526,
    "value_pln": 3754.07
  },
  "ETHPLN": 10023.51,
  "ETHUSD": 2671.32
}