{
  "USDC": 0.25020289,
  "WETH": 8.2388542e-05,
  "WETH_viaUSDC": 8.2750818e-05,
  "diff_pct": 0.004388,
  "prefer": "viaUSDC",
  "pool": {
    "address_usdc": "0xca71156bFe3bBecb281B78BF8bd9C083D1db222b",
    "address_weth": "0x4F4F6a4f5A28420B57A49Fe5cc935b441BB52456",
    "krs_usdc": 1992.9457426982083,
    "usdc": 525.143051,
    "krs_weth": 3472.523635448863,
    "weth": 0.5077161220448995,
    "value_usd": 3427.73,
    "value_eth": 1.133671,
    "value_pln": 12524.79
  },
  "ETHPLN": 11047.99,
  "ETHUSD": 3023.57
}