{
  "WETH": 0.00010062,
  "USDC": 0.25098723,
  "pool": {
    "krs_usdc": 1786.1861623206673,
    "usdc": 554.160963,
    "krs_weth": 783.3506261866713,
    "weth": 0.0764413596587706,
    "value_usd": 1002.55,
    "value_eth": 0.39445,
    "value_pln": 3706.89
  },
  "ETHPLN": 9397.63,
  "ETHUSD": 2541.64
}