{
  "USDC": 0.25411794,
  "WETH": 7.0112472e-05,
  "WETH_viaUSDC": 6.9726996e-05,
  "diff_pct": 0.005513,
  "prefer": "viaUSDC",
  "pool": {
    "address_usdc": "0xca71156bFe3bBecb281B78BF8bd9C083D1db222b",
    "address_weth": "0x4F4F6a4f5A28420B57A49Fe5cc935b441BB52456",
    "krs_usdc": 1175.3766741157701,
    "usdc": 721.361329,
    "krs_weth": 512.2948864240948,
    "weth": 0.12058358714673004,
    "value_usd": 1589.69,
    "value_eth": 0.436193,
    "value_pln": 5875.52
  },
  "ETHPLN": 13469.99,
  "ETHUSD": 3644.47
}