{
  "USDC": 0.25293481,
  "WETH": 7.6336163e-05,
  "WETH_viaUSDC": 7.7010965e-05,
  "diff_pct": 0.008801,
  "prefer": "viaUSDC",
  "pool": {
    "address_usdc": "0xca71156bFe3bBecb281B78BF8bd9C083D1db222b",
    "address_weth": "0x4F4F6a4f5A28420B57A49Fe5cc935b441BB52456",
    "krs_usdc": 1415.7424694494562,
    "usdc": 661.045529,
    "krs_weth": 271.9290910904086,
    "weth": 0.13835139957441817,
    "value_usd": 1542.32,
    "value_eth": 0.469589,
    "value_pln": 5677.33
  },
  "ETHPLN": 12090.0,
  "ETHUSD": 3284.4
}