{
  "USDC": 0.25468538,
  "WETH": 6.0806906e-05,
  "WETH_viaUSDC": 6.0242778e-05,
  "diff_pct": 0.009321,
  "prefer": "viaUSDC",
  "pool": {
    "address_usdc": "0xca71156bFe3bBecb281B78BF8bd9C083D1db222b",
    "address_weth": "0x4F4F6a4f5A28420B57A49Fe5cc935b441BB52456",
    "krs_usdc": 1056.3623094406978,
    "usdc": 749.140589,
    "krs_weth": 936.0692510991671,
    "weth": 0.0923340431702123,
    "value_usd": 1646.94,
    "value_eth": 0.389564,
    "value_pln": 6060.58
  },
  "ETHPLN": 15557.35,
  "ETHUSD": 4227.65
}