{
  "USDC": 0.2492041,
  "WETH": 8.3957733e-05,
  "WETH_viaUSDC": 8.5770666e-05,
  "diff_pct": 0.021363,
  "prefer": "viaUSDC",
  "pool": {
    "address_usdc": "0xca71156bFe3bBecb281B78BF8bd9C083D1db222b",
    "address_weth": "0x4F4F6a4f5A28420B57A49Fe5cc935b441BB52456",
    "krs_usdc": 2214.698680175679,
    "usdc": 477.393488,
    "krs_weth": 3250.7706979713926,
    "weth": 0.5286662594686918,
    "value_usd": 3375.43,
    "value_eth": 1.161752,
    "value_pln": 12104.92
  },
  "ETHPLN": 10419.54,
  "ETHUSD": 2905.47
}