{
  "USDC": 0.25012529,
  "WETH": 8.2569113e-05,
  "WETH_viaUSDC": 8.2874535e-05,
  "diff_pct": 0.003692,
  "prefer": "viaUSDC",
  "pool": {
    "address_usdc": "0xca71156bFe3bBecb281B78BF8bd9C083D1db222b",
    "address_weth": "0x4F4F6a4f5A28420B57A49Fe5cc935b441BB52456",
    "krs_usdc": 2014.7530052188815,
    "usdc": 522.590069,
    "krs_weth": 3450.7163729281897,
    "weth": 0.5104771792661884,
    "value_usd": 3430.32,
    "value_eth": 1.136576,
    "value_pln": 12461.97
  },
  "ETHPLN": 10964.48,
  "ETHUSD": 3018.12
}