{
  "USDC": 0.24918185,
  "WETH": 8.4288429e-05,
  "WETH_viaUSDC": 8.4313229e-05,
  "diff_pct": 0.000294,
  "prefer": "viaUSDC",
  "pool": {
    "address_usdc": "0xca71156bFe3bBecb281B78BF8bd9C083D1db222b",
    "address_weth": "0x4F4F6a4f5A28420B57A49Fe5cc935b441BB52456",
    "krs_usdc": 2238.5550025711873,
    "usdc": 481.071583,
    "krs_weth": 3226.914375575884,
    "weth": 0.5338679070921228,
    "value_usd": 3420.78,
    "value_eth": 1.157455,
    "value_pln": 12160.58
  },
  "ETHPLN": 10506.31,
  "ETHUSD": 2955.43
}