{
  "WETH": 0.00010028,
  "USDC": 0.2508829,
  "pool": {
    "krs_usdc": 1809.7188965544917,
    "usdc": 549.319245,
    "krs_weth": 759.8178919528466,
    "weth": 0.07920347547224088,
    "value_usd": 1003.42,
    "value_eth": 0.397583,
    "value_pln": 3737.76
  },
  "ETHPLN": 9401.22,
  "ETHUSD": 2523.81
}