{
  "USDC": 0.25149323,
  "WETH": 8.075046e-05,
  "WETH_viaUSDC": 8.0997776e-05,
  "diff_pct": 0.003058,
  "prefer": "viaUSDC",
  "pool": {
    "address_usdc": "0xca71156bFe3bBecb281B78BF8bd9C083D1db222b",
    "address_weth": "0x4F4F6a4f5A28420B57A49Fe5cc935b441BB52456",
    "krs_usdc": 1733.0931524292255,
    "usdc": 592.899602,
    "krs_weth": 3732.376225717846,
    "weth": 0.48736931314668475,
    "value_usd": 3480.68,
    "value_eth": 1.121014,
    "value_pln": 12634.99
  },
  "ETHPLN": 11271.04,
  "ETHUSD": 3104.94
}