{
  "USDC": 0.25256443,
  "WETH": 7.937171e-05,
  "WETH_viaUSDC": 8.0204391e-05,
  "diff_pct": 0.010436,
  "prefer": "viaUSDC",
  "pool": {
    "address_usdc": "0xca71156bFe3bBecb281B78BF8bd9C083D1db222b",
    "address_weth": "0x4F4F6a4f5A28420B57A49Fe5cc935b441BB52456",
    "krs_usdc": 1513.6362097488338,
    "usdc": 647.698323,
    "krs_weth": 3951.8331683982374,
    "weth": 0.4696372450038928,
    "value_usd": 3506.97,
    "value_eth": 1.113675,
    "value_pln": 12701.79
  },
  "ETHPLN": 11405.29,
  "ETHUSD": 3149.01
}