{
  "WETH": 0.00010109,
  "USDC": 0.25116272,
  "pool": {
    "krs_usdc": 1750.0229250591824,
    "usdc": 563.154467,
    "krs_weth": 819.5138634481565,
    "weth": 0.07282150137749224,
    "value_usd": 1002.78,
    "value_eth": 0.393561,
    "value_pln": 3707.94
  },
  "ETHPLN": 9421.5,
  "ETHUSD": 2547.96
}