{
  "USDC": 0.25134113,
  "WETH": 8.1269818e-05,
  "WETH_viaUSDC": 8.1591812e-05,
  "diff_pct": 0.003954,
  "prefer": "viaUSDC",
  "pool": {
    "address_usdc": "0xca71156bFe3bBecb281B78BF8bd9C083D1db222b",
    "address_weth": "0x4F4F6a4f5A28420B57A49Fe5cc935b441BB52456",
    "krs_usdc": 1789.453831473128,
    "usdc": 591.41823,
    "krs_weth": 3676.0155466739434,
    "weth": 0.49602375820187067,
    "value_usd": 3493.1,
    "value_eth": 1.133951,
    "value_pln": 12584.03
  },
  "ETHPLN": 11097.51,
  "ETHUSD": 3080.47
}