{
  "WETH": 0.00010115,
  "USDC": 0.25128532,
  "pool": {
    "krs_usdc": 1734.7691024533135,
    "usdc": 571.93499,
    "krs_weth": 833.7723790042659,
    "weth": 0.07338916542618937,
    "value_usd": 1007.94,
    "value_eth": 0.397575,
    "value_pln": 3650.07
  },
  "ETHPLN": 9180.81,
  "ETHUSD": 2535.22
}