{
  "USDC": 0.24854775,
  "WETH": 8.5475121e-05,
  "WETH_viaUSDC": 8.5954202e-05,
  "diff_pct": 0.005589,
  "prefer": "viaUSDC",
  "pool": {
    "address_usdc": "0xca71156bFe3bBecb281B78BF8bd9C083D1db222b",
    "address_weth": "0x4F4F6a4f5A28420B57A49Fe5cc935b441BB52456",
    "krs_usdc": 2372.922816414883,
    "usdc": 448.919073,
    "krs_weth": 3092.5465617321884,
    "weth": 0.5457126079418385,
    "value_usd": 3385.35,
    "value_eth": 1.17074,
    "value_pln": 11898.54
  },
  "ETHPLN": 10163.26,
  "ETHUSD": 2891.63
}