{
  "USDC": 0.25330375,
  "WETH": 7.4345904e-05,
  "WETH_viaUSDC": 7.4645344e-05,
  "diff_pct": 0.00402,
  "prefer": "viaUSDC",
  "pool": {
    "address_usdc": "0xca71156bFe3bBecb281B78BF8bd9C083D1db222b",
    "address_weth": "0x4F4F6a4f5A28420B57A49Fe5cc935b441BB52456",
    "krs_usdc": 1341.392100246733,
    "usdc": 680.06728,
    "krs_weth": 346.2794602931319,
    "weth": 0.13281052065606114,
    "value_usd": 1558.24,
    "value_eth": 0.459194,
    "value_pln": 5715.85
  },
  "ETHPLN": 12447.56,
  "ETHUSD": 3393.43
}