{
  "USDC": 0.25134572,
  "WETH": 8.1208591e-05,
  "WETH_viaUSDC": 8.04417e-05,
  "diff_pct": 0.009488,
  "prefer": "viaUSDC",
  "pool": {
    "address_usdc": "0xca71156bFe3bBecb281B78BF8bd9C083D1db222b",
    "address_weth": "0x4F4F6a4f5A28420B57A49Fe5cc935b441BB52456",
    "krs_usdc": 1784.1948202630242,
    "usdc": 590.557017,
    "krs_weth": 3681.274557884047,
    "weth": 0.4949096960350047,
    "value_usd": 3510.66,
    "value_eth": 1.123566,
    "value_pln": 12653.24
  },
  "ETHPLN": 11261.68,
  "ETHUSD": 3124.57
}