{
  "USDC": 0.25012846,
  "WETH": 8.2892497e-05,
  "WETH_viaUSDC": 8.2952266e-05,
  "diff_pct": 0.000721,
  "prefer": "viaUSDC",
  "pool": {
    "address_usdc": "0xca71156bFe3bBecb281B78BF8bd9C083D1db222b",
    "address_weth": "0x4F4F6a4f5A28420B57A49Fe5cc935b441BB52456",
    "krs_usdc": 2039.0397913572544,
    "usdc": 529.02627,
    "krs_weth": 3426.429586789817,
    "weth": 0.5165707026236414,
    "value_usd": 3453.73,
    "value_eth": 1.145389,
    "value_pln": 12427.92
  },
  "ETHPLN": 10850.39,
  "ETHUSD": 3015.33
}