{
  "WETH": 9.796e-05,
  "USDC": 0.25004392,
  "pool": {
    "krs_usdc": 1985.7594768300357,
    "usdc": 506.899065,
    "krs_weth": 583.7773116773024,
    "weth": 0.09765234815722713,
    "value_usd": 1003.48,
    "value_eth": 0.407119,
    "value_pln": 3670.6
  },
  "ETHPLN": 9016.03,
  "ETHUSD": 2464.84
}