{
  "WETH": 0.00010984,
  "USDC": 0.25435963,
  "pool": {
    "krs_usdc": 1098.0713367937587,
    "usdc": 726.505232,
    "krs_weth": 1471.4654517135805,
    "weth": 0.010408578966132832,
    "value_usd": 1005.97,
    "value_eth": 0.359766,
    "value_pln": 3750.9
  },
  "ETHPLN": 10425.93,
  "ETHUSD": 2796.18
}