{
  "USDC": 0.25403928,
  "WETH": 5.6560975e-05,
  "WETH_viaUSDC": 5.6407045e-05,
  "diff_pct": 0.002725,
  "prefer": "viaUSDC",
  "pool": {
    "address_usdc": "0xca71156bFe3bBecb281B78BF8bd9C083D1db222b",
    "address_weth": "0x4F4F6a4f5A28420B57A49Fe5cc935b441BB52456",
    "krs_usdc": 1183.4932075780482,
    "usdc": 715.374158,
    "krs_weth": 1163.4456278582657,
    "weth": 0.07872644837641478,
    "value_usd": 1666.15,
    "value_eth": 0.369952,
    "value_pln": 6031.98
  },
  "ETHPLN": 16304.74,
  "ETHUSD": 4503.68
}