{
  "USDC": 0.2507615,
  "WETH": 6.0073945e-05,
  "WETH_viaUSDC": 6.0939432e-05,
  "diff_pct": 0.014304,
  "prefer": "viaUSDC",
  "pool": {
    "address_usdc": "0xca71156bFe3bBecb281B78BF8bd9C083D1db222b",
    "address_weth": "0x4F4F6a4f5A28420B57A49Fe5cc935b441BB52456",
    "krs_usdc": 1847.858812860371,
    "usdc": 546.377054,
    "krs_weth": 501.58002257594285,
    "weth": 0.046359619997403366,
    "value_usd": 1326.29,
    "value_eth": 0.322312,
    "value_pln": 4823.71
  },
  "ETHPLN": 14965.96,
  "ETHUSD": 4114.93
}