{
  "WETH": 0.00010076,
  "USDC": 0.25106161,
  "pool": {
    "krs_usdc": 1773.0995235057994,
    "usdc": 558.537346,
    "krs_weth": 796.437265001539,
    "weth": 0.07557140397195848,
    "value_usd": 1003.77,
    "value_eth": 0.398421,
    "value_pln": 3748.15
  },
  "ETHPLN": 9407.5,
  "ETHUSD": 2519.38
}