{
  "USDC": 0.25290867,
  "WETH": 6.0825263e-05,
  "WETH_viaUSDC": 6.1672556e-05,
  "diff_pct": 0.013834,
  "prefer": "viaUSDC",
  "pool": {
    "address_usdc": "0xca71156bFe3bBecb281B78BF8bd9C083D1db222b",
    "address_weth": "0x4F4F6a4f5A28420B57A49Fe5cc935b441BB52456",
    "krs_usdc": 1413.0886543680626,
    "usdc": 657.687224,
    "krs_weth": 933.8501810682511,
    "weth": 0.09230920682100165,
    "value_usd": 1629.79,
    "value_eth": 0.39743,
    "value_pln": 5998.9
  },
  "ETHPLN": 15094.24,
  "ETHUSD": 4100.83
}