{
  "USDC": 0.2403821,
  "WETH": 0.000105187734,
  "WETH_viaUSDC": 0.000144463871,
  "diff_pct": 0.314648,
  "prefer": "viaUSDC",
  "pool": {
    "address_usdc": "0xca71156bFe3bBecb281B78BF8bd9C083D1db222b",
    "address_weth": "0x4F4F6a4f5A28420B57A49Fe5cc935b441BB52456",
    "krs_usdc": 4128.314013375548,
    "usdc": 25.688286,
    "krs_weth": 1180.615641574518,
    "weth": 0.7292752159502245,
    "value_usd": 2515.34,
    "value_eth": 1.511662,
    "value_pln": 9230.18
  },
  "ETHPLN": 6105.98,
  "ETHUSD": 1663.96
}