{
  "WETH": 0.0001019,
  "USDC": 0.25125283,
  "pool": {
    "krs_usdc": 1720.8768970831961,
    "usdc": 565.100972,
    "krs_weth": 870.3374320233045,
    "weth": 0.06572203148362028,
    "value_usd": 997.56,
    "value_eth": 0.389064,
    "value_pln": 3717.57
  },
  "ETHPLN": 9555.16,
  "ETHUSD": 2564.01
}