{
  "WETH": 0.0001081,
  "USDC": 0.25372164,
  "pool": {
    "krs_usdc": 1226.3513907792565,
    "usdc": 693.775178,
    "krs_weth": 1343.1853977280828,
    "weth": 0.022129866891988065,
    "value_usd": 1005.07,
    "value_eth": 0.363528,
    "value_pln": 3743.79
  },
  "ETHPLN": 10298.49,
  "ETHUSD": 2764.77
}