{
  "USDC": 0.25021078,
  "WETH": 8.2854642e-05,
  "WETH_viaUSDC": 8.2626082e-05,
  "diff_pct": 0.002762,
  "prefer": "viaUSDC",
  "pool": {
    "address_usdc": "0xca71156bFe3bBecb281B78BF8bd9C083D1db222b",
    "address_weth": "0x4F4F6a4f5A28420B57A49Fe5cc935b441BB52456",
    "krs_usdc": 2027.6784621609656,
    "usdc": 534.67104,
    "krs_weth": 3437.7909159861056,
    "weth": 0.516569434297547,
    "value_usd": 3466.48,
    "value_eth": 1.144722,
    "value_pln": 12158.06
  },
  "ETHPLN": 10620.97,
  "ETHUSD": 3028.23
}