{
  "USDC": 0.24976971,
  "WETH": 8.3229388e-05,
  "WETH_viaUSDC": 8.3695973e-05,
  "diff_pct": 0.00559,
  "prefer": "viaUSDC",
  "pool": {
    "address_usdc": "0xca71156bFe3bBecb281B78BF8bd9C083D1db222b",
    "address_weth": "0x4F4F6a4f5A28420B57A49Fe5cc935b441BB52456",
    "krs_usdc": 2101.56450446099,
    "usdc": 507.599438,
    "krs_weth": 3363.9048736860814,
    "weth": 0.5198788675112267,
    "value_usd": 3424.16,
    "value_eth": 1.147409,
    "value_pln": 12292.53
  },
  "ETHPLN": 10713.29,
  "ETHUSD": 2984.25
}