{
  "USDC": 0.25420923,
  "WETH": 7.7651274e-05,
  "WETH_viaUSDC": 7.7116058e-05,
  "diff_pct": 0.006916,
  "prefer": "viaUSDC",
  "pool": {
    "address_usdc": "0xca71156bFe3bBecb281B78BF8bd9C083D1db222b",
    "address_weth": "0x4F4F6a4f5A28420B57A49Fe5cc935b441BB52456",
    "krs_usdc": 1205.6234545419288,
    "usdc": 738.218235,
    "krs_weth": 4259.845923605142,
    "weth": 0.44940218665797305,
    "value_usd": 3609.02,
    "value_eth": 1.094821,
    "value_pln": 13130.14
  },
  "ETHPLN": 11992.96,
  "ETHUSD": 3296.45
}