{
  "USDC": 0.25332623,
  "WETH": 7.8738223e-05,
  "WETH_viaUSDC": 7.8988451e-05,
  "diff_pct": 0.003173,
  "prefer": "viaUSDC",
  "pool": {
    "address_usdc": "0xca71156bFe3bBecb281B78BF8bd9C083D1db222b",
    "address_weth": "0x4F4F6a4f5A28420B57A49Fe5cc935b441BB52456",
    "krs_usdc": 1384.765763044604,
    "usdc": 693.22752,
    "krs_weth": 4080.703615102467,
    "weth": 0.4635537282070085,
    "value_usd": 3564.45,
    "value_eth": 1.111415,
    "value_pln": 12926.61
  },
  "ETHPLN": 11630.77,
  "ETHUSD": 3207.13
}