{
  "USDC": 0.25407158,
  "WETH": 6.3375731e-05,
  "WETH_viaUSDC": 6.2757896e-05,
  "diff_pct": 0.009797,
  "prefer": "viaUSDC",
  "pool": {
    "address_usdc": "0xca71156bFe3bBecb281B78BF8bd9C083D1db222b",
    "address_weth": "0x4F4F6a4f5A28420B57A49Fe5cc935b441BB52456",
    "krs_usdc": 1181.8803673276018,
    "usdc": 718.268091,
    "krs_weth": 810.5511932122629,
    "weth": 0.10038722468798614,
    "value_usd": 1630.9,
    "value_eth": 0.402847,
    "value_pln": 5956.25
  },
  "ETHPLN": 14785.4,
  "ETHUSD": 4048.44
}