{
  "WETH": 0.0001078,
  "USDC": 0.25355098,
  "pool": {
    "krs_usdc": 1254.7821013060332,
    "usdc": 683.511461,
    "krs_weth": 1314.7546872013077,
    "weth": 0.02361468002656164,
    "value_usd": 1001.8,
    "value_eth": 0.36714,
    "value_pln": 3761.16
  },
  "ETHPLN": 10244.49,
  "ETHUSD": 2728.67
}