{
  "WETH": 9.974e-05,
  "USDC": 0.25072939,
  "pool": {
    "krs_usdc": 1846.2052291758137,
    "usdc": 542.645834,
    "krs_weth": 723.331559331524,
    "weth": 0.08386083136208827,
    "value_usd": 1005.62,
    "value_eth": 0.402168,
    "value_pln": 3638.89
  },
  "ETHPLN": 9048.19,
  "ETHUSD": 2500.49
}