{
  "WETH": 9.58e-05,
  "USDC": 0.24922279,
  "pool": {
    "krs_usdc": 2155.0426493919135,
    "usdc": 464.350055,
    "krs_weth": 414.4941391154244,
    "weth": 0.11500752006531294,
    "value_usd": 1001.48,
    "value_eth": 0.417985,
    "value_pln": 3700.59
  },
  "ETHPLN": 8853.4,
  "ETHUSD": 2395.96
}