{
  "WETH": 0.00010993,
  "USDC": 0.25453611,
  "pool": {
    "krs_usdc": 1076.4170971226608,
    "usdc": 739.000279,
    "krs_weth": 1492.1243843349187,
    "weth": 0.011166958904192016,
    "value_usd": 1013.15,
    "value_eth": 0.35953,
    "value_pln": 3689.75
  },
  "ETHPLN": 10262.71,
  "ETHUSD": 2817.99
}