{
  "USDC": 0.25162435,
  "WETH": 8.0846709e-05,
  "WETH_viaUSDC": 8.1042092e-05,
  "diff_pct": 0.002414,
  "prefer": "viaUSDC",
  "pool": {
    "address_usdc": "0xca71156bFe3bBecb281B78BF8bd9C083D1db222b",
    "address_weth": "0x4F4F6a4f5A28420B57A49Fe5cc935b441BB52456",
    "krs_usdc": 1727.276864192659,
    "usdc": 604.914101,
    "krs_weth": 3738.1925139544123,
    "weth": 0.49031161506580256,
    "value_usd": 3502.51,
    "value_eth": 1.128073,
    "value_pln": 12628.5
  },
  "ETHPLN": 11194.76,
  "ETHUSD": 3104.86
}