{
  "USDC": 0.24874471,
  "WETH": 8.5095081e-05,
  "WETH_viaUSDC": 8.5019707e-05,
  "diff_pct": 0.000886,
  "prefer": "viaUSDC",
  "pool": {
    "address_usdc": "0xca71156bFe3bBecb281B78BF8bd9C083D1db222b",
    "address_weth": "0x4F4F6a4f5A28420B57A49Fe5cc935b441BB52456",
    "krs_usdc": 2330.655448389827,
    "usdc": 458.790963,
    "krs_weth": 3134.8139297572443,
    "weth": 0.5418911860143912,
    "value_usd": 3403.72,
    "value_eth": 1.163376,
    "value_pln": 12055.64
  },
  "ETHPLN": 10362.63,
  "ETHUSD": 2925.73
}