{
  "WETH": 0.00010409,
  "USDC": 0.25221022,
  "pool": {
    "krs_usdc": 1529.1778877316137,
    "usdc": 615.314179,
    "krs_weth": 1040.358900775726,
    "weth": 0.04997163881880005,
    "value_usd": 1001.1,
    "value_eth": 0.382852,
    "value_pln": 3765.06
  },
  "ETHPLN": 9834.25,
  "ETHUSD": 2614.84
}