{
  "USDC": 0.25400176,
  "WETH": 6.3731427e-05,
  "WETH_viaUSDC": 6.3759144e-05,
  "diff_pct": 0.000435,
  "prefer": "viaUSDC",
  "pool": {
    "address_usdc": "0xca71156bFe3bBecb281B78BF8bd9C083D1db222b",
    "address_weth": "0x4F4F6a4f5A28420B57A49Fe5cc935b441BB52456",
    "krs_usdc": 1197.4429635887932,
    "usdc": 715.073878,
    "krs_weth": 794.9885969510716,
    "weth": 0.10156670128263683,
    "value_usd": 1625.77,
    "value_eth": 0.408099,
    "value_pln": 5904.22
  },
  "ETHPLN": 14467.62,
  "ETHUSD": 3983.77
}