{
  "USDC": 0.24038239,
  "WETH": 0.000103210952,
  "WETH_viaUSDC": 0.00010334005,
  "diff_pct": 0.00125,
  "prefer": "viaUSDC",
  "pool": {
    "address_usdc": "0xca71156bFe3bBecb281B78BF8bd9C083D1db222b",
    "address_weth": "0x4F4F6a4f5A28420B57A49Fe5cc935b441BB52456",
    "krs_usdc": 4122.801180202664,
    "usdc": 24.390479,
    "krs_weth": 1342.6681979444072,
    "weth": 0.711325309225077,
    "value_usd": 2992.83,
    "value_eth": 1.286613,
    "value_pln": 11120.82
  },
  "ETHPLN": 8643.49,
  "ETHUSD": 2326.13
}