{
  "WETH": 0.00010089,
  "USDC": 0.25108847,
  "pool": {
    "krs_usdc": 1765.450778602784,
    "usdc": 559.381993,
    "krs_weth": 804.0860099045547,
    "weth": 0.07438945699347292,
    "value_usd": 1002.75,
    "value_eth": 0.394162,
    "value_pln": 3707.96
  },
  "ETHPLN": 9407.2,
  "ETHUSD": 2544.0
}