{
  "USDC": 0.25051938,
  "WETH": 6.1958062e-05,
  "WETH_viaUSDC": 6.2546657e-05,
  "diff_pct": 0.009455,
  "prefer": "viaUSDC",
  "pool": {
    "address_usdc": "0xca71156bFe3bBecb281B78BF8bd9C083D1db222b",
    "address_weth": "0x4F4F6a4f5A28420B57A49Fe5cc935b441BB52456",
    "krs_usdc": 1897.4975396054365,
    "usdc": 533.862333,
    "krs_weth": 451.9412958308772,
    "weth": 0.049370217240450785,
    "value_usd": 1320.19,
    "value_eth": 0.329608,
    "value_pln": 4814.32
  },
  "ETHPLN": 14606.19,
  "ETHUSD": 4005.32
}