{
  "USDC": 0.25422248,
  "WETH": 6.2736255e-05,
  "WETH_viaUSDC": 6.2372721e-05,
  "diff_pct": 0.005811,
  "prefer": "viaUSDC",
  "pool": {
    "address_usdc": "0xca71156bFe3bBecb281B78BF8bd9C083D1db222b",
    "address_weth": "0x4F4F6a4f5A28420B57A49Fe5cc935b441BB52456",
    "krs_usdc": 1151.1712667360339,
    "usdc": 725.909918,
    "krs_weth": 841.2602938038309,
    "weth": 0.09841007689830233,
    "value_usd": 1633.54,
    "value_eth": 0.400783,
    "value_pln": 5942.18
  },
  "ETHPLN": 14826.41,
  "ETHUSD": 4075.86
}