{
  "WETH": 0.00010351,
  "USDC": 0.25197816,
  "pool": {
    "krs_usdc": 1574.6007199082349,
    "usdc": 602.915555,
    "krs_weth": 994.9360685991056,
    "weth": 0.05398160379925224,
    "value_usd": 999.78,
    "value_eth": 0.384059,
    "value_pln": 3733.33
  },
  "ETHPLN": 9720.7,
  "ETHUSD": 2603.2
}