{
  "USDC": 0.25357398,
  "WETH": 6.5523619e-05,
  "WETH_viaUSDC": 6.6226672e-05,
  "diff_pct": 0.010673,
  "prefer": "viaUSDC",
  "pool": {
    "address_usdc": "0xca71156bFe3bBecb281B78BF8bd9C083D1db222b",
    "address_weth": "0x4F4F6a4f5A28420B57A49Fe5cc935b441BB52456",
    "krs_usdc": 1282.5176994114013,
    "usdc": 692.84544,
    "krs_weth": 709.9138611284636,
    "weth": 0.1069031147559112,
    "value_usd": 1607.39,
    "value_eth": 0.419808,
    "value_pln": 5866.25
  },
  "ETHPLN": 13973.65,
  "ETHUSD": 3828.88
}