{
  "USDC": 0.2504865,
  "WETH": 6.2207342e-05,
  "WETH_viaUSDC": 6.2544382e-05,
  "diff_pct": 0.005403,
  "prefer": "viaUSDC",
  "pool": {
    "address_usdc": "0xca71156bFe3bBecb281B78BF8bd9C083D1db222b",
    "address_weth": "0x4F4F6a4f5A28420B57A49Fe5cc935b441BB52456",
    "krs_usdc": 1904.0705684020859,
    "usdc": 532.118686,
    "krs_weth": 445.3682670342279,
    "weth": 0.04975397529040963,
    "value_usd": 1319.88,
    "value_eth": 0.329564,
    "value_pln": 4791.43
  },
  "ETHPLN": 14538.69,
  "ETHUSD": 4004.94
}