{
  "USDC": 0.24895303,
  "WETH": 8.46984e-05,
  "WETH_viaUSDC": 8.4723144e-05,
  "diff_pct": 0.000292,
  "prefer": "viaUSDC",
  "pool": {
    "address_usdc": "0xca71156bFe3bBecb281B78BF8bd9C083D1db222b",
    "address_weth": "0x4F4F6a4f5A28420B57A49Fe5cc935b441BB52456",
    "krs_usdc": 2286.1228291747616,
    "usdc": 469.259531,
    "krs_weth": 3179.34654897231,
    "weth": 0.5378991570921228,
    "value_usd": 3410.48,
    "value_eth": 1.160648,
    "value_pln": 12125.93
  },
  "ETHPLN": 10447.55,
  "ETHUSD": 2938.43
}