{
  "USDC": 0.25176124,
  "WETH": 6.568252e-05,
  "WETH_viaUSDC": 6.5748082e-05,
  "diff_pct": 0.000998,
  "prefer": "viaUSDC",
  "pool": {
    "address_usdc": "0xca71156bFe3bBecb281B78BF8bd9C083D1db222b",
    "address_weth": "0x4F4F6a4f5A28420B57A49Fe5cc935b441BB52456",
    "krs_usdc": 1647.2694811458177,
    "usdc": 598.906603,
    "krs_weth": 699.6693542904961,
    "weth": 0.10719005951913915,
    "value_usd": 1600.22,
    "value_eth": 0.417903,
    "value_pln": 5864.2
  },
  "ETHPLN": 14032.44,
  "ETHUSD": 3829.18
}