{
  "WETH": 0.00010041,
  "USDC": 0.25063756
}