{
  "USDC": 0.24865606,
  "WETH": 8.4615837e-05,
  "WETH_viaUSDC": 8.4226521e-05,
  "diff_pct": 0.004612,
  "prefer": "viaUSDC",
  "pool": {
    "address_usdc": "0xca71156bFe3bBecb281B78BF8bd9C083D1db222b",
    "address_weth": "0x4F4F6a4f5A28420B57A49Fe5cc935b441BB52456",
    "krs_usdc": 2312.209487188497,
    "usdc": 444.951346,
    "krs_weth": 3153.2598909585745,
    "weth": 0.5341732015123699,
    "value_usd": 3380.98,
    "value_eth": 1.145228,
    "value_pln": 12332.64
  },
  "ETHPLN": 10768.72,
  "ETHUSD": 2952.23
}