{
  "WETH": 0.0001016,
  "USDC": 0.25127337,
  "pool": {
    "krs_usdc": 1719.0817246799957,
    "usdc": 566.767526,
    "krs_weth": 850.4550638273446,
    "weth": 0.0681498143271893,
    "value_usd": 998.81,
    "value_eth": 0.393156,
    "value_pln": 3740.72
  },
  "ETHPLN": 9514.6,
  "ETHUSD": 2540.5
}