{
  "USDC": 0.25446379,
  "WETH": 6.1822126e-05,
  "WETH_viaUSDC": 6.1736534e-05,
  "diff_pct": 0.001385,
  "prefer": "viaUSDC",
  "pool": {
    "address_usdc": "0xca71156bFe3bBecb281B78BF8bd9C083D1db222b",
    "address_weth": "0x4F4F6a4f5A28420B57A49Fe5cc935b441BB52456",
    "krs_usdc": 1104.3061305698625,
    "usdc": 738.681267,
    "krs_weth": 888.1254299700022,
    "weth": 0.09570295598909437,
    "value_usd": 1640.15,
    "value_eth": 0.397923,
    "value_pln": 5947.06
  },
  "ETHPLN": 14945.25,
  "ETHUSD": 4121.77
}