{
  "WETH": 0.00010526,
  "USDC": 0.25261411,
  "pool": {
    "krs_usdc": 1444.203496673826,
    "usdc": 635.350617,
    "krs_weth": 1125.3332918335147,
    "weth": 0.04131520484391965,
    "value_usd": 1000.3,
    "value_eth": 0.373766,
    "value_pln": 3771.51
  },
  "ETHPLN": 10090.55,
  "ETHUSD": 2676.26
}