{
  "USDC": 0.25264145,
  "WETH": 7.9594647e-05,
  "WETH_viaUSDC": 7.9904562e-05,
  "diff_pct": 0.003886,
  "prefer": "viaUSDC",
  "pool": {
    "address_usdc": "0xca71156bFe3bBecb281B78BF8bd9C083D1db222b",
    "address_weth": "0x4F4F6a4f5A28420B57A49Fe5cc935b441BB52456",
    "krs_usdc": 1523.8286041091387,
    "usdc": 658.152444,
    "krs_weth": 3941.6407740379327,
    "weth": 0.47459580278805036,
    "value_usd": 3539.53,
    "value_eth": 1.11947,
    "value_pln": 12812.05
  },
  "ETHPLN": 11444.75,
  "ETHUSD": 3161.79
}