{
  "USDC": 0.24040048,
  "WETH": 0.000103155698,
  "WETH_viaUSDC": 0.000103322951,
  "diff_pct": 0.00162,
  "prefer": "viaUSDC",
  "pool": {
    "address_usdc": "0xca71156bFe3bBecb281B78BF8bd9C083D1db222b",
    "address_weth": "0x4F4F6a4f5A28420B57A49Fe5cc935b441BB52456",
    "krs_usdc": 4118.442727160347,
    "usdc": 25.261924,
    "krs_weth": 1347.0266509867242,
    "weth": 0.7107934338249631,
    "value_usd": 2992.96,
    "value_eth": 1.286359,
    "value_pln": 10694.91
  },
  "ETHPLN": 8314.09,
  "ETHUSD": 2326.69
}