{
  "WETH": 0.00010313,
  "USDC": 0.25193004,
  "pool": {
    "krs_usdc": 1594.193142833667,
    "usdc": 602.904631,
    "krs_weth": 975.3436456736716,
    "weth": 0.057773586446736795,
    "value_usd": 1004.63,
    "value_eth": 0.388164,
    "value_pln": 3716.27
  },
  "ETHPLN": 9573.98,
  "ETHUSD": 2588.16
}