{
  "USDC": 0.24864225,
  "WETH": 8.4906115e-05,
  "WETH_viaUSDC": 8.5405039e-05,
  "diff_pct": 0.005859,
  "prefer": "viaUSDC",
  "pool": {
    "address_usdc": "0xca71156bFe3bBecb281B78BF8bd9C083D1db222b",
    "address_weth": "0x4F4F6a4f5A28420B57A49Fe5cc935b441BB52456",
    "krs_usdc": 2330.4318712185177,
    "usdc": 448.091075,
    "krs_weth": 3135.0375069285537,
    "weth": 0.5382687518229619,
    "value_usd": 3374.12,
    "value_eth": 1.15896,
    "value_pln": 12114.87
  },
  "ETHPLN": 10453.22,
  "ETHUSD": 2911.33
}