{
  "WETH": 9.747e-05,
  "USDC": 0.24986626,
  "pool": {
    "krs_usdc": 2023.1844369690284,
    "usdc": 497.916853,
    "krs_weth": 546.3523515383093,
    "weth": 0.1016346841020159,
    "value_usd": 1003.5,
    "value_eth": 0.411038,
    "value_pln": 3638.29
  },
  "ETHPLN": 8851.47,
  "ETHUSD": 2441.37
}