{
  "USDC": 0.25339137,
  "WETH": 7.3924358e-05,
  "WETH_viaUSDC": 7.4044929e-05,
  "diff_pct": 0.00163,
  "prefer": "viaUSDC",
  "pool": {
    "address_usdc": "0xca71156bFe3bBecb281B78BF8bd9C083D1db222b",
    "address_weth": "0x4F4F6a4f5A28420B57A49Fe5cc935b441BB52456",
    "krs_usdc": 1324.5049894558342,
    "usdc": 684.772508,
    "krs_weth": 363.16657108403064,
    "weth": 0.13168174820421813,
    "value_usd": 1563.05,
    "value_eth": 0.456747,
    "value_pln": 5704.08
  },
  "ETHPLN": 12488.51,
  "ETHUSD": 3422.13
}