{
  "USDC": 0.25112617,
  "WETH": 5.8446415e-05,
  "WETH_viaUSDC": 5.8603001e-05,
  "diff_pct": 0.002676,
  "prefer": "viaUSDC",
  "pool": {
    "address_usdc": "0xca71156bFe3bBecb281B78BF8bd9C083D1db222b",
    "address_weth": "0x4F4F6a4f5A28420B57A49Fe5cc935b441BB52456",
    "krs_usdc": 1771.777500643571,
    "usdc": 564.850188,
    "krs_weth": 377.66133479274265,
    "weth": 0.03021527113234308,
    "value_usd": 1234.11,
    "value_eth": 0.287993,
    "value_pln": 4491.15
  },
  "ETHPLN": 15594.66,
  "ETHUSD": 4285.21
}