{
  "USDC": 0.25101971,
  "WETH": 8.1115621e-05,
  "WETH_viaUSDC": 8.1787756e-05,
  "diff_pct": 0.008252,
  "prefer": "viaUSDC",
  "pool": {
    "address_usdc": "0xca71156bFe3bBecb281B78BF8bd9C083D1db222b",
    "address_weth": "0x4F4F6a4f5A28420B57A49Fe5cc935b441BB52456",
    "krs_usdc": 1810.273468471015,
    "usdc": 563.587371,
    "krs_weth": 3655.0994343343937,
    "weth": 0.49034670420104165,
    "value_usd": 3440.46,
    "value_eth": 1.120976,
    "value_pln": 12505.88
  },
  "ETHPLN": 11156.24,
  "ETHUSD": 3069.16
}