{
  "USDC": 0.25061235,
  "WETH": 6.1201813e-05,
  "WETH_viaUSDC": 6.1950721e-05,
  "diff_pct": 0.012162,
  "prefer": "viaUSDC",
  "pool": {
    "address_usdc": "0xca71156bFe3bBecb281B78BF8bd9C083D1db222b",
    "address_weth": "0x4F4F6a4f5A28420B57A49Fe5cc935b441BB52456",
    "krs_usdc": 1878.1396007706142,
    "usdc": 538.596183,
    "krs_weth": 471.29923466569954,
    "weth": 0.04814915454055111,
    "value_usd": 1322.17,
    "value_eth": 0.326838,
    "value_pln": 4807.28
  },
  "ETHPLN": 14708.43,
  "ETHUSD": 4045.35
}