{
  "WETH": 0.0001842,
  "USDC": 0.24913542,
  "pool": {
    "krs_usdc": 2181.402431648528,
    "usdc": 461.905787,
    "krs_weth": 0.9318451088522263,
    "weth": 1.39e-16,
    "value_usd": 1005.37,
    "value_eth": 0.222224,
    "value_pln": 3688.06
  },
  "ETHPLN": 16596.19,
  "ETHUSD": 4524.14
}