{
  "WETH": 0.00010006,
  "USDC": 0.25079649,
  "pool": {
    "krs_usdc": 1827.0095126704202,
    "usdc": 544.753572,
    "krs_weth": 742.5272758369184,
    "weth": 0.08083856837602764,
    "value_usd": 1003.04,
    "value_eth": 0.398598,
    "value_pln": 3735.85
  },
  "ETHPLN": 9372.47,
  "ETHUSD": 2516.41
}