{
  "WETH": 0.00010394,
  "USDC": 0.25232499,
  "pool": {
    "krs_usdc": 1522.791476961513,
    "usdc": 625.472549,
    "krs_weth": 1045.7500044960666,
    "weth": 0.052777235557780855,
    "value_usd": 1009.82,
    "value_eth": 0.384327,
    "value_pln": 3661.78
  },
  "ETHPLN": 9527.78,
  "ETHUSD": 2627.5
}