{
  "WETH": 0.00010392,
  "USDC": 0.25215063,
  "pool": {
    "krs_usdc": 1541.5939456300084,
    "usdc": 612.321445,
    "krs_weth": 1027.9428428773313,
    "weth": 0.0512182125133581,
    "value_usd": 1001.14,
    "value_eth": 0.382174,
    "value_pln": 3747.47
  },
  "ETHPLN": 9805.66,
  "ETHUSD": 2619.6
}