{
  "USDC": 0.24956926,
  "WETH": 8.3532681e-05,
  "WETH_viaUSDC": 8.4024395e-05,
  "diff_pct": 0.005869,
  "prefer": "viaUSDC",
  "pool": {
    "address_usdc": "0xca71156bFe3bBecb281B78BF8bd9C083D1db222b",
    "address_weth": "0x4F4F6a4f5A28420B57A49Fe5cc935b441BB52456",
    "krs_usdc": 2145.1075258480755,
    "usdc": 497.768737,
    "krs_weth": 3320.361852298996,
    "weth": 0.5238587702161006,
    "value_usd": 3417.75,
    "value_eth": 1.150679,
    "value_pln": 12269.01
  },
  "ETHPLN": 10662.41,
  "ETHUSD": 2970.2
}