{
  "WETH": 0.0001005,
  "USDC": 0.25086703,
  "pool": {
    "krs_usdc": 1802.9529560285514,
    "usdc": 545.978262,
    "krs_weth": 766.5838324787885,
    "weth": 0.07655582500890835,
    "value_usd": 998.36,
    "value_eth": 0.395503,
    "value_pln": 3737.11
  },
  "ETHPLN": 9449.01,
  "ETHUSD": 2524.27
}