{
  "USDC": 0.24132212,
  "WETH": 0.000100833718,
  "WETH_viaUSDC": 9.9853161e-05,
  "diff_pct": 0.009772,
  "prefer": "viaUSDC",
  "pool": {
    "address_usdc": "0xca71156bFe3bBecb281B78BF8bd9C083D1db222b",
    "address_weth": "0x4F4F6a4f5A28420B57A49Fe5cc935b441BB52456",
    "krs_usdc": 3916.1301975670635,
    "usdc": 73.440272,
    "krs_weth": 1549.339180580008,
    "weth": 0.6899261308898107,
    "value_usd": 3059.77,
    "value_eth": 1.266058,
    "value_pln": 10852.03
  },
  "ETHPLN": 8571.51,
  "ETHUSD": 2416.77
}