{
  "USDC": 0.25005831,
  "WETH": 8.2589282e-05,
  "WETH_viaUSDC": 8.2459187e-05,
  "diff_pct": 0.001576,
  "prefer": "viaUSDC",
  "pool": {
    "address_usdc": "0xca71156bFe3bBecb281B78BF8bd9C083D1db222b",
    "address_weth": "0x4F4F6a4f5A28420B57A49Fe5cc935b441BB52456",
    "krs_usdc": 2023.2015971145174,
    "usdc": 517.792888,
    "krs_weth": 3442.267781032554,
    "weth": 0.5102839807957882,
    "value_usd": 3431.92,
    "value_eth": 1.131709,
    "value_pln": 12497.37
  },
  "ETHPLN": 11042.91,
  "ETHUSD": 3032.51
}