{
  "WETH": 0.00010666,
  "USDC": 0.25313503,
  "pool": {
    "krs_usdc": 1339.0717734705202,
    "usdc": 662.221334,
    "krs_weth": 1230.4650150368207,
    "weth": 0.03149907335184651,
    "value_usd": 1001.32,
    "value_eth": 0.372947,
    "value_pln": 3741.32
  },
  "ETHPLN": 10031.77,
  "ETHUSD": 2684.88
}