{
  "USDC": 0.25180323,
  "WETH": 8.0599771e-05,
  "WETH_viaUSDC": 8.0851282e-05,
  "diff_pct": 0.003116,
  "prefer": "viaUSDC",
  "pool": {
    "address_usdc": "0xca71156bFe3bBecb281B78BF8bd9C083D1db222b",
    "address_weth": "0x4F4F6a4f5A28420B57A49Fe5cc935b441BB52456",
    "krs_usdc": 1689.5032837195095,
    "usdc": 613.804872,
    "krs_weth": 3775.966094427562,
    "weth": 0.4870640883946221,
    "value_usd": 3506.94,
    "value_eth": 1.12604,
    "value_pln": 12641.71
  },
  "ETHPLN": 11226.69,
  "ETHUSD": 3114.4
}