{
  "WETH": 9.735e-05,
  "USDC": 0.24979198,
  "pool": {
    "krs_usdc": 2035.5165154837007,
    "usdc": 493.331383,
    "krs_weth": 534.0202730236376,
    "weth": 0.10227386924421847,
    "value_usd": 1001.84,
    "value_eth": 0.410538,
    "value_pln": 3710.61
  },
  "ETHPLN": 9038.42,
  "ETHUSD": 2440.31
}