{
  "USDC": 0.24040048,
  "WETH": 0.000103155698,
  "WETH_viaUSDC": 0.000103602586,
  "diff_pct": 0.004323,
  "prefer": "viaUSDC",
  "pool": {
    "address_usdc": "0xca71156bFe3bBecb281B78BF8bd9C083D1db222b",
    "address_weth": "0x4F4F6a4f5A28420B57A49Fe5cc935b441BB52456",
    "krs_usdc": 4118.442727160347,
    "usdc": 25.261924,
    "krs_weth": 1347.0266509867242,
    "weth": 0.7107934338249631,
    "value_usd": 2988.5,
    "value_eth": 1.287917,
    "value_pln": 10664.02
  },
  "ETHPLN": 8280.05,
  "ETHUSD": 2320.41
}