{
  "WETH": 9.888e-05,
  "USDC": 0.25040544,
  "pool": {
    "krs_usdc": 1912.943739783193,
    "usdc": 525.973509,
    "krs_weth": 656.5930487241445,
    "weth": 0.09060142060619635,
    "value_usd": 1005.05,
    "value_eth": 0.406796,
    "value_pln": 3632.32
  },
  "ETHPLN": 8929.11,
  "ETHUSD": 2470.65
}