{
  "USDC": 0.2507379,
  "WETH": 6.0251399e-05,
  "WETH_viaUSDC": 5.9739041e-05,
  "diff_pct": 0.00854,
  "prefer": "viaUSDC",
  "pool": {
    "address_usdc": "0xca71156bFe3bBecb281B78BF8bd9C083D1db222b",
    "address_weth": "0x4F4F6a4f5A28420B57A49Fe5cc935b441BB52456",
    "krs_usdc": 1852.663518587126,
    "usdc": 545.149972,
    "krs_weth": 496.7753168491877,
    "weth": 0.046643347485940366,
    "value_usd": 1330.02,
    "value_eth": 0.31688,
    "value_pln": 4841.76
  },
  "ETHPLN": 15279.47,
  "ETHUSD": 4197.22
}