{
  "USDC": 0.24160383,
  "WETH": 0.00010014791,
  "WETH_viaUSDC": 9.9777332e-05,
  "diff_pct": 0.003707,
  "prefer": "viaUSDC",
  "pool": {
    "address_usdc": "0xca71156bFe3bBecb281B78BF8bd9C083D1db222b",
    "address_weth": "0x4F4F6a4f5A28420B57A49Fe5cc935b441BB52456",
    "krs_usdc": 3854.781017432457,
    "usdc": 88.209383,
    "krs_weth": 1610.6883607146146,
    "weth": 0.6837425870991897,
    "value_usd": 3064.32,
    "value_eth": 1.265501,
    "value_pln": 10898.15
  },
  "ETHPLN": 8611.73,
  "ETHUSD": 2421.43
}