{
  "USDC": 0.24924715,
  "WETH": 8.3936997e-05,
  "WETH_viaUSDC": 8.342973e-05,
  "diff_pct": 0.006062,
  "prefer": "viaUSDC",
  "pool": {
    "address_usdc": "0xca71156bFe3bBecb281B78BF8bd9C083D1db222b",
    "address_weth": "0x4F4F6a4f5A28420B57A49Fe5cc935b441BB52456",
    "krs_usdc": 2208.6902729608814,
    "usdc": 480.343739,
    "krs_weth": 3256.77910518619,
    "weth": 0.5286572349343616,
    "value_usd": 3421.97,
    "value_eth": 1.145424,
    "value_pln": 12287.43
  },
  "ETHPLN": 10727.41,
  "ETHUSD": 2987.51
}