{
  "WETH": 0.00010206,
  "USDC": 0.25160879,
  "pool": {
    "krs_usdc": 1667.3303905524913,
    "usdc": 588.264866,
    "krs_weth": 902.2063979548464,
    "weth": 0.06640801295280967,
    "value_usd": 1007.87,
    "value_eth": 0.392376,
    "value_pln": 3641.62
  },
  "ETHPLN": 9280.96,
  "ETHUSD": 2568.64
}