{
  "USDC": 0.25411741,
  "WETH": 5.6306734e-05,
  "WETH_viaUSDC": 5.6268967e-05,
  "diff_pct": 0.000671,
  "prefer": "viaUSDC",
  "pool": {
    "address_usdc": "0xca71156bFe3bBecb281B78BF8bd9C083D1db222b",
    "address_weth": "0x4F4F6a4f5A28420B57A49Fe5cc935b441BB52456",
    "krs_usdc": 1168.3382581986234,
    "usdc": 719.521918,
    "krs_weth": 1178.6005772376905,
    "weth": 0.07793664018820104,
    "value_usd": 1667.89,
    "value_eth": 0.369319,
    "value_pln": 6101.27
  },
  "ETHPLN": 16520.3,
  "ETHUSD": 4516.12
}