{
  "USDC": 0.25417767,
  "WETH": 5.6077537e-05,
  "WETH_viaUSDC": 5.5707121e-05,
  "diff_pct": 0.006627,
  "prefer": "viaUSDC",
  "pool": {
    "address_usdc": "0xca71156bFe3bBecb281B78BF8bd9C083D1db222b",
    "address_weth": "0x4F4F6a4f5A28420B57A49Fe5cc935b441BB52456",
    "krs_usdc": 1155.661009959754,
    "usdc": 722.467837,
    "krs_weth": 1191.2778254765599,
    "weth": 0.07716367656972829,
    "value_usd": 1671.09,
    "value_eth": 0.366245,
    "value_pln": 6055.68
  },
  "ETHPLN": 16534.5,
  "ETHUSD": 4562.75
}