{
  "WETH": 9.747e-05,
  "USDC": 0.24986626,
  "pool": {
    "krs_usdc": 2023.1844369690284,
    "usdc": 497.916853,
    "krs_weth": 546.3523515383093,
    "weth": 0.1016346841020159,
    "value_usd": 1003.5,
    "value_eth": 0.409941,
    "value_pln": 3637.96
  },
  "ETHPLN": 8874.35,
  "ETHUSD": 2447.9
}