{
  "WETH": 0.00010289,
  "USDC": 0.25191813,
  "pool": {
    "krs_usdc": 1604.300929063078,
    "usdc": 604.210426,
    "krs_weth": 965.2358594442596,
    "weth": 0.06028716535002218,
    "value_usd": 1008.46,
    "value_eth": 0.389235,
    "value_pln": 3641.79
  },
  "ETHPLN": 9356.27,
  "ETHUSD": 2590.88
}