{
  "WETH": 9.361e-05,
  "USDC": 0.24838938,
  "pool": {
    "krs_usdc": 2328.046662871046,
    "usdc": 421.176141,
    "krs_weth": 241.49012563629225,
    "weth": 0.13322211036917458,
    "value_usd": 999.46,
    "value_eth": 0.426569,
    "value_pln": 3690.46
  },
  "ETHPLN": 8651.48,
  "ETHUSD": 2343.02
}