{
  "USDC": 0.24944882,
  "WETH": 8.3654609e-05,
  "WETH_viaUSDC": 8.3324865e-05,
  "diff_pct": 0.00395,
  "prefer": "viaUSDC",
  "pool": {
    "address_usdc": "0xca71156bFe3bBecb281B78BF8bd9C083D1db222b",
    "address_weth": "0x4F4F6a4f5A28420B57A49Fe5cc935b441BB52456",
    "krs_usdc": 2166.7113835035666,
    "usdc": 490.716425,
    "krs_weth": 3298.757994643505,
    "weth": 0.5251077388712656,
    "value_usd": 3426.08,
    "value_eth": 1.144434,
    "value_pln": 12308.25
  },
  "ETHPLN": 10754.88,
  "ETHUSD": 2993.69
}