{
  "USDC": 0.25272438,
  "WETH": 7.7489535e-05,
  "WETH_viaUSDC": 7.6742211e-05,
  "diff_pct": 0.009691,
  "prefer": "viaUSDC",
  "pool": {
    "address_usdc": "0xca71156bFe3bBecb281B78BF8bd9C083D1db222b",
    "address_weth": "0x4F4F6a4f5A28420B57A49Fe5cc935b441BB52456",
    "krs_usdc": 1457.869167787908,
    "usdc": 650.100441,
    "krs_weth": 229.80239275195672,
    "weth": 0.14150261430037842,
    "value_usd": 1542.61,
    "value_eth": 0.468428,
    "value_pln": 5721.92
  },
  "ETHPLN": 12215.17,
  "ETHUSD": 3293.16
}