{
  "USDC": 0.25190557,
  "WETH": 6.5028216e-05,
  "WETH_viaUSDC": 6.4774701e-05,
  "diff_pct": 0.003906,
  "prefer": "viaUSDC",
  "pool": {
    "address_usdc": "0xca71156bFe3bBecb281B78BF8bd9C083D1db222b",
    "address_weth": "0x4F4F6a4f5A28420B57A49Fe5cc935b441BB52456",
    "krs_usdc": 1617.491603922891,
    "usdc": 606.249346,
    "krs_weth": 729.4472315134227,
    "weth": 0.1052031252389211,
    "value_usd": 1606.59,
    "value_eth": 0.413116,
    "value_pln": 5894.85
  },
  "ETHPLN": 14269.24,
  "ETHUSD": 3888.95
}