{
  "USDC": 0.25350737,
  "WETH": 7.3274262e-05,
  "WETH_viaUSDC": 7.1354246e-05,
  "diff_pct": 0.026551,
  "prefer": "viaUSDC",
  "pool": {
    "address_usdc": "0xca71156bFe3bBecb281B78BF8bd9C083D1db222b",
    "address_weth": "0x4F4F6a4f5A28420B57A49Fe5cc935b441BB52456",
    "krs_usdc": 1300.2697194435714,
    "usdc": 690.519276,
    "krs_weth": 387.4018410962935,
    "weth": 0.12978445979344944,
    "value_usd": 1579.45,
    "value_eth": 0.444566,
    "value_pln": 5785.69
  },
  "ETHPLN": 13014.24,
  "ETHUSD": 3552.8
}