{
  "USDC": 0.25381735,
  "WETH": 7.1689103e-05,
  "WETH_viaUSDC": 7.0989123e-05,
  "diff_pct": 0.009812,
  "prefer": "viaUSDC",
  "pool": {
    "address_usdc": "0xca71156bFe3bBecb281B78BF8bd9C083D1db222b",
    "address_weth": "0x4F4F6a4f5A28420B57A49Fe5cc935b441BB52456",
    "krs_usdc": 1237.759621144171,
    "usdc": 706.423446,
    "krs_weth": 449.91193939569376,
    "weth": 0.12526748527872653,
    "value_usd": 1582.67,
    "value_eth": 0.44265,
    "value_pln": 5804.75
  },
  "ETHPLN": 13113.62,
  "ETHUSD": 3575.44
}