{
  "WETH": 0.00010373,
  "USDC": 0.25222922,
  "pool": {
    "krs_usdc": 1540.97343955614,
    "usdc": 620.22165,
    "krs_weth": 1028.5633489511977,
    "weth": 0.05417560718511315,
    "value_usd": 1009.01,
    "value_eth": 0.385241,
    "value_pln": 3643.17
  },
  "ETHPLN": 9456.88,
  "ETHUSD": 2619.16
}