{
  "USDC": 0.25413072,
  "WETH": 6.3054742e-05,
  "WETH_viaUSDC": 6.3872802e-05,
  "diff_pct": 0.01289,
  "prefer": "viaUSDC",
  "pool": {
    "address_usdc": "0xca71156bFe3bBecb281B78BF8bd9C083D1db222b",
    "address_weth": "0x4F4F6a4f5A28420B57A49Fe5cc935b441BB52456",
    "krs_usdc": 1168.1656226087946,
    "usdc": 720.837679,
    "krs_weth": 824.2659379310702,
    "weth": 0.09929112088122688,
    "value_usd": 1622.23,
    "value_eth": 0.407727,
    "value_pln": 5992.78
  },
  "ETHPLN": 14698.0,
  "ETHUSD": 3978.7
}