{
  "USDC": 0.25124711,
  "WETH": 5.7180722e-05,
  "WETH_viaUSDC": 5.6860605e-05,
  "diff_pct": 0.005614,
  "prefer": "viaUSDC",
  "pool": {
    "address_usdc": "0xca71156bFe3bBecb281B78BF8bd9C083D1db222b",
    "address_weth": "0x4F4F6a4f5A28420B57A49Fe5cc935b441BB52456",
    "krs_usdc": 1746.9076905210893,
    "usdc": 571.055846,
    "krs_weth": 402.53114491522444,
    "weth": 0.028768071678146007,
    "value_usd": 1238.21,
    "value_eth": 0.280224,
    "value_pln": 4499.19
  },
  "ETHPLN": 16055.69,
  "ETHUSD": 4418.65
}