{
  "USDC": 0.25343167,
  "WETH": 7.8533123e-05,
  "WETH_viaUSDC": 7.8494381e-05,
  "diff_pct": 0.000493,
  "prefer": "viaUSDC",
  "pool": {
    "address_usdc": "0xca71156bFe3bBecb281B78BF8bd9C083D1db222b",
    "address_weth": "0x4F4F6a4f5A28420B57A49Fe5cc935b441BB52456",
    "krs_usdc": 1357.2552700440503,
    "usdc": 697.064204,
    "krs_weth": 4108.214108103021,
    "weth": 0.4604202951833219,
    "value_usd": 3568.73,
    "value_eth": 1.105328,
    "value_pln": 12809.59
  },
  "ETHPLN": 11588.95,
  "ETHUSD": 3228.66
}