{
  "USDC": 0.25325308,
  "WETH": 7.4581243e-05,
  "WETH_viaUSDC": 7.4015549e-05,
  "diff_pct": 0.007614,
  "prefer": "viaUSDC",
  "pool": {
    "address_usdc": "0xca71156bFe3bBecb281B78BF8bd9C083D1db222b",
    "address_weth": "0x4F4F6a4f5A28420B57A49Fe5cc935b441BB52456",
    "krs_usdc": 1350.9691117133275,
    "usdc": 677.297959,
    "krs_weth": 336.7024488265373,
    "weth": 0.13342200246043334,
    "value_usd": 1561.23,
    "value_eth": 0.456283,
    "value_pln": 5787.41
  },
  "ETHPLN": 12683.84,
  "ETHUSD": 3421.62
}