{
  "WETH": 3.4025678654032517e+30,
  "USDC": 0.25561814,
  "pool": {
    "krs_usdc": 860.0314641665196,
    "usdc": 794.361268,
    "krs_weth": 1675.4499586400368,
    "weth": 0.002088853445085259,
    "value_usd": 5.700839296825404e+33,
    "value_eth": 1.2342417668330998e+30,
    "value_pln": 2.1036046401373305e+34
  },
  "ETHPLN": 17043.7,
  "ETHUSD": 4618.9
}