{
  "USDC": 0.24506676,
  "WETH": 9.2314358e-05,
  "WETH_viaUSDC": 9.2812145e-05,
  "diff_pct": 0.005378,
  "prefer": "viaUSDC",
  "pool": {
    "address_usdc": "0xca71156bFe3bBecb281B78BF8bd9C083D1db222b",
    "address_weth": "0x4F4F6a4f5A28420B57A49Fe5cc935b441BB52456",
    "krs_usdc": 3107.748062533174,
    "usdc": 268.696335,
    "krs_weth": 2357.7213156138973,
    "weth": 0.6113964449918787,
    "value_usd": 3222.47,
    "value_eth": 1.22042,
    "value_pln": 11441.03
  },
  "ETHPLN": 9374.67,
  "ETHUSD": 2640.46
}