{
  "WETH": 9.837e-05,
  "USDC": 0.25020692,
  "pool": {
    "krs_usdc": 1952.7782594625946,
    "usdc": 515.468156,
    "krs_weth": 616.7585290447432,
    "weth": 0.0944228169203859,
    "value_usd": 1004.13,
    "value_eth": 0.410081,
    "value_pln": 3643.89
  },
  "ETHPLN": 8885.78,
  "ETHUSD": 2448.61
}