{
  "WETH": 9.882e-05,
  "USDC": 0.25038678,
  "pool": {
    "krs_usdc": 1917.116055301893,
    "usdc": 525.093433,
    "krs_weth": 652.4207332054445,
    "weth": 0.09108992653944677,
    "value_usd": 1005.18,
    "value_eth": 0.409383,
    "value_pln": 3619.05
  },
  "ETHPLN": 8840.25,
  "ETHUSD": 2455.35
}