{
  "USDC": 0.25370837,
  "WETH": 6.4995473e-05,
  "WETH_viaUSDC": 6.4739524e-05,
  "diff_pct": 0.003946,
  "prefer": "viaUSDC",
  "pool": {
    "address_usdc": "0xca71156bFe3bBecb281B78BF8bd9C083D1db222b",
    "address_weth": "0x4F4F6a4f5A28420B57A49Fe5cc935b441BB52456",
    "krs_usdc": 1256.7755796171436,
    "usdc": 700.086325,
    "krs_weth": 735.655980922721,
    "weth": 0.1054041975551906,
    "value_usd": 1618.65,
    "value_eth": 0.413036,
    "value_pln": 5908.01
  },
  "ETHPLN": 14303.84,
  "ETHUSD": 3918.91
}