{
  "USDC": 0.24967049,
  "WETH": 8.2974755e-05,
  "WETH_viaUSDC": 8.2437047e-05,
  "diff_pct": 0.006501,
  "prefer": "viaUSDC",
  "pool": {
    "address_usdc": "0xca71156bFe3bBecb281B78BF8bd9C083D1db222b",
    "address_weth": "0x4F4F6a4f5A28420B57A49Fe5cc935b441BB52456",
    "krs_usdc": 2092.5227822747383,
    "usdc": 495.097598,
    "krs_weth": 3372.85012053067,
    "weth": 0.5142098582622348,
    "value_usd": 3416.99,
    "value_eth": 1.128232,
    "value_pln": 12510.33
  },
  "ETHPLN": 11088.44,
  "ETHUSD": 3028.62
}