{
  "USDC": 0.25324758,
  "WETH": 7.4618237e-05,
  "WETH_viaUSDC": 7.4403613e-05,
  "diff_pct": 0.00288,
  "prefer": "viaUSDC",
  "pool": {
    "address_usdc": "0xca71156bFe3bBecb281B78BF8bd9C083D1db222b",
    "address_weth": "0x4F4F6a4f5A28420B57A49Fe5cc935b441BB52456",
    "krs_usdc": 1352.2238483328078,
    "usdc": 677.051239,
    "krs_weth": 335.44771220705695,
    "weth": 0.13353647316191627,
    "value_usd": 1558.97,
    "value_eth": 0.458022,
    "value_pln": 5764.27
  },
  "ETHPLN": 12585.15,
  "ETHUSD": 3403.7
}