{
  "USDC": 0.25119334,
  "WETH": 5.7729874e-05,
  "WETH_viaUSDC": 5.7877583e-05,
  "diff_pct": 0.002555,
  "prefer": "viaUSDC",
  "pool": {
    "address_usdc": "0xca71156bFe3bBecb281B78BF8bd9C083D1db222b",
    "address_weth": "0x4F4F6a4f5A28420B57A49Fe5cc935b441BB52456",
    "krs_usdc": 1757.8801005855807,
    "usdc": 568.276434,
    "krs_weth": 391.55873485073295,
    "weth": 0.029393266845074772,
    "value_usd": 1235.77,
    "value_eth": 0.284734,
    "value_pln": 4509.25
  },
  "ETHPLN": 15836.68,
  "ETHUSD": 4340.08
}