{
  "USDC": 0.2501672,
  "WETH": 8.2713022e-05,
  "WETH_viaUSDC": 8.2913693e-05,
  "diff_pct": 0.002423,
  "prefer": "viaUSDC",
  "pool": {
    "address_usdc": "0xca71156bFe3bBecb281B78BF8bd9C083D1db222b",
    "address_weth": "0x4F4F6a4f5A28420B57A49Fe5cc935b441BB52456",
    "krs_usdc": 2021.4029968014927,
    "usdc": 528.585815,
    "krs_weth": 3444.066381345579,
    "weth": 0.5135452815158108,
    "value_usd": 3445.34,
    "value_eth": 1.141898,
    "value_pln": 12330.69
  },
  "ETHPLN": 10798.41,
  "ETHUSD": 3017.2
}