{
  "USDC": 0.25444015,
  "WETH": 6.1914001e-05,
  "WETH_viaUSDC": 6.1998541e-05,
  "diff_pct": 0.001365,
  "prefer": "viaUSDC",
  "pool": {
    "address_usdc": "0xca71156bFe3bBecb281B78BF8bd9C083D1db222b",
    "address_weth": "0x4F4F6a4f5A28420B57A49Fe5cc935b441BB52456",
    "krs_usdc": 1108.976154934668,
    "usdc": 737.45073,
    "krs_weth": 883.4554056051968,
    "weth": 0.09598163790047524,
    "value_usd": 1638.31,
    "value_eth": 0.399202,
    "value_pln": 5941.75
  },
  "ETHPLN": 14884.08,
  "ETHUSD": 4103.97
}