{
  "WETH": 0.00010143,
  "USDC": 0.25139033,
  "pool": {
    "krs_usdc": 1713.2997190496965,
    "usdc": 577.347295,
    "krs_weth": 855.2417624078829,
    "weth": 0.07127590283059643,
    "value_usd": 1008.14,
    "value_eth": 0.393251,
    "value_pln": 3648.05
  },
  "ETHPLN": 9276.65,
  "ETHUSD": 2563.61
}