{
  "USDC": 0.25405193,
  "WETH": 6.3408855e-05,
  "WETH_viaUSDC": 6.299938e-05,
  "diff_pct": 0.006479,
  "prefer": "viaUSDC",
  "pool": {
    "address_usdc": "0xca71156bFe3bBecb281B78BF8bd9C083D1db222b",
    "address_weth": "0x4F4F6a4f5A28420B57A49Fe5cc935b441BB52456",
    "krs_usdc": 1184.6566314261493,
    "usdc": 716.962602,
    "krs_weth": 807.7749291137154,
    "weth": 0.10041189512337273,
    "value_usd": 1628.07,
    "value_eth": 0.403725,
    "value_pln": 5938.12
  },
  "ETHPLN": 14708.32,
  "ETHUSD": 4032.61
}