{
  "USDC": 0.24800706,
  "WETH": 8.6441481e-05,
  "WETH_viaUSDC": 8.6656368e-05,
  "diff_pct": 0.002483,
  "prefer": "viaUSDC",
  "pool": {
    "address_usdc": "0xca71156bFe3bBecb281B78BF8bd9C083D1db222b",
    "address_weth": "0x4F4F6a4f5A28420B57A49Fe5cc935b441BB52456",
    "krs_usdc": 2484.0249631726347,
    "usdc": 420.505895,
    "krs_weth": 2981.4444149744368,
    "weth": 0.5549789882876338,
    "value_usd": 3364.31,
    "value_eth": 1.175526,
    "value_pln": 11954.39
  },
  "ETHPLN": 10169.4,
  "ETHUSD": 2861.96
}