{
  "USDC": 0.2527661,
  "WETH": 6.9343549e-05,
  "WETH_viaUSDC": 6.9071211e-05,
  "diff_pct": 0.003935,
  "prefer": "viaUSDC",
  "pool": {
    "address_usdc": "0xca71156bFe3bBecb281B78BF8bd9C083D1db222b",
    "address_weth": "0x4F4F6a4f5A28420B57A49Fe5cc935b441BB52456",
    "krs_usdc": 1448.17727579706,
    "usdc": 651.931907,
    "krs_weth": 544.2542847428047,
    "weth": 0.11833744203882074,
    "value_usd": 1588.61,
    "value_eth": 0.434105,
    "value_pln": 5862.19
  },
  "ETHPLN": 13504.08,
  "ETHUSD": 3659.5
}