{
  "USDC": 0.25269824,
  "WETH": 7.7782414e-05,
  "WETH_viaUSDC": 7.7441393e-05,
  "diff_pct": 0.004394,
  "prefer": "viaUSDC",
  "pool": {
    "address_usdc": "0xca71156bFe3bBecb281B78BF8bd9C083D1db222b",
    "address_weth": "0x4F4F6a4f5A28420B57A49Fe5cc935b441BB52456",
    "krs_usdc": 1465.7252921474337,
    "usdc": 649.403549,
    "krs_weth": 221.94626839243102,
    "weth": 0.1424995926416592,
    "value_usd": 1540.86,
    "value_eth": 0.47221,
    "value_pln": 5609.03
  },
  "ETHPLN": 11878.25,
  "ETHUSD": 3263.09
}