{
  "WETH": 9.226e-05,
  "USDC": 0.24787203,
  "pool": {
    "krs_usdc": 2435.8821299735814,
    "usdc": 394.33835,
    "krs_weth": 133.65465853375647,
    "weth": 0.1447911707623351,
    "value_usd": 998.14,
    "value_eth": 0.434421,
    "value_pln": 3683.57
  },
  "ETHPLN": 8479.27,
  "ETHUSD": 2297.63
}