{
  "USDC": 0.250807,
  "WETH": 8.1454892e-05,
  "WETH_viaUSDC": 8.0958759e-05,
  "diff_pct": 0.00611,
  "prefer": "viaUSDC",
  "pool": {
    "address_usdc": "0xca71156bFe3bBecb281B78BF8bd9C083D1db222b",
    "address_weth": "0x4F4F6a4f5A28420B57A49Fe5cc935b441BB52456",
    "krs_usdc": 1858.6210363442779,
    "usdc": 553.804851,
    "krs_weth": 3606.7518664611307,
    "weth": 0.4950381770902006,
    "value_usd": 3458.17,
    "value_eth": 1.116272,
    "value_pln": 12669.13
  },
  "ETHPLN": 11349.5,
  "ETHUSD": 3097.96
}