{
  "USDC": 0.24987353,
  "WETH": 8.3241323e-05,
  "WETH_viaUSDC": 8.3615326e-05,
  "diff_pct": 0.004483,
  "prefer": "viaUSDC",
  "pool": {
    "address_usdc": "0xca71156bFe3bBecb281B78BF8bd9C083D1db222b",
    "address_weth": "0x4F4F6a4f5A28420B57A49Fe5cc935b441BB52456",
    "krs_usdc": 2091.7378243770195,
    "usdc": 515.891235,
    "krs_weth": 3373.731553770052,
    "weth": 0.5209613276236413,
    "value_usd": 3438.39,
    "value_eth": 1.150591,
    "value_pln": 12392.94
  },
  "ETHPLN": 10770.93,
  "ETHUSD": 2988.37
}