{
  "WETH": 0.0001019,
  "USDC": 0.25125283,
  "pool": {
    "krs_usdc": 1720.8768970831961,
    "usdc": 565.100972,
    "krs_weth": 870.3374320233045,
    "weth": 0.06572203148362028,
    "value_usd": 997.56,
    "value_eth": 0.388616,
    "value_pln": 3719.76
  },
  "ETHPLN": 9571.83,
  "ETHUSD": 2566.97
}