{
  "USDC": 0.25465307,
  "WETH": 7.68912e-05,
  "WETH_viaUSDC": 7.6582321e-05,
  "diff_pct": 0.004025,
  "prefer": "viaUSDC",
  "pool": {
    "address_usdc": "0xca71156bFe3bBecb281B78BF8bd9C083D1db222b",
    "address_weth": "0x4F4F6a4f5A28420B57A49Fe5cc935b441BB52456",
    "krs_usdc": 1096.9192667182424,
    "usdc": 756.027226,
    "krs_weth": 4368.550111428829,
    "weth": 0.4379136968844963,
    "value_usd": 3603.99,
    "value_eth": 1.083834,
    "value_pln": 13097.57
  },
  "ETHPLN": 12084.48,
  "ETHUSD": 3325.22
}