{
  "USDC": 0.25394919,
  "WETH": 5.6899121e-05,
  "WETH_viaUSDC": 5.6989752e-05,
  "diff_pct": 0.001592,
  "prefer": "viaUSDC",
  "pool": {
    "address_usdc": "0xca71156bFe3bBecb281B78BF8bd9C083D1db222b",
    "address_weth": "0x4F4F6a4f5A28420B57A49Fe5cc935b441BB52456",
    "krs_usdc": 1202.1869487916379,
    "usdc": 710.89735,
    "krs_weth": 1144.751886644676,
    "weth": 0.07984680120495144,
    "value_usd": 1662.7,
    "value_eth": 0.373134,
    "value_pln": 6082.64
  },
  "ETHPLN": 16301.5,
  "ETHUSD": 4456.05
}