{
  "USDC": 0.25279523,
  "WETH": 7.9165636e-05,
  "WETH_viaUSDC": 7.9298605e-05,
  "diff_pct": 0.001678,
  "prefer": "viaUSDC",
  "pool": {
    "address_usdc": "0xca71156bFe3bBecb281B78BF8bd9C083D1db222b",
    "address_weth": "0x4F4F6a4f5A28420B57A49Fe5cc935b441BB52456",
    "krs_usdc": 1473.4709715396705,
    "usdc": 661.240623,
    "krs_weth": 3991.998406607401,
    "weth": 0.46752180633696566,
    "value_usd": 3533.29,
    "value_eth": 1.108349,
    "value_pln": 12714.84
  },
  "ETHPLN": 11471.88,
  "ETHUSD": 3187.89
}