{
  "USDC": 0.25278721,
  "WETH": 7.9175677e-05,
  "WETH_viaUSDC": 7.8947155e-05,
  "diff_pct": 0.00289,
  "prefer": "viaUSDC",
  "pool": {
    "address_usdc": "0xca71156bFe3bBecb281B78BF8bd9C083D1db222b",
    "address_weth": "0x4F4F6a4f5A28420B57A49Fe5cc935b441BB52456",
    "krs_usdc": 1475.101161233542,
    "usdc": 660.829762,
    "krs_weth": 3990.3682169135295,
    "weth": 0.4676512578794392,
    "value_usd": 3539.84,
    "value_eth": 1.105516,
    "value_pln": 12726.77
  },
  "ETHPLN": 11512.06,
  "ETHUSD": 3201.98
}