{
  "USDC": 0.24918693,
  "WETH": 8.4320324e-05,
  "WETH_viaUSDC": 8.4592015e-05,
  "diff_pct": 0.003217,
  "prefer": "viaUSDC",
  "pool": {
    "address_usdc": "0xca71156bFe3bBecb281B78BF8bd9C083D1db222b",
    "address_weth": "0x4F4F6a4f5A28420B57A49Fe5cc935b441BB52456",
    "krs_usdc": 2239.887423678631,
    "usdc": 481.927884,
    "krs_weth": 3225.5819544684405,
    "weth": 0.5343844829418385,
    "value_usd": 3418.01,
    "value_eth": 1.160321,
    "value_pln": 11997.74
  },
  "ETHPLN": 10340.02,
  "ETHUSD": 2945.75
}