{
  "USDC": 0.24038202,
  "WETH": 0.000103192876,
  "WETH_viaUSDC": 0.000108691947,
  "diff_pct": 0.051906,
  "prefer": "viaUSDC",
  "pool": {
    "address_usdc": "0xca71156bFe3bBecb281B78BF8bd9C083D1db222b",
    "address_weth": "0x4F4F6a4f5A28420B57A49Fe5cc935b441BB52456",
    "krs_usdc": 4122.063256283763,
    "usdc": 24.190043,
    "krs_weth": 1343.4061218633083,
    "weth": 0.7110808791290747,
    "value_usd": 2910.61,
    "value_eth": 1.316071,
    "value_pln": 10361.19
  },
  "ETHPLN": 7872.82,
  "ETHUSD": 2211.59
}