{
  "USDC": 0.25411741,
  "WETH": 5.6306734e-05,
  "WETH_viaUSDC": 5.7019059e-05,
  "diff_pct": 0.012571,
  "prefer": "viaUSDC",
  "pool": {
    "address_usdc": "0xca71156bFe3bBecb281B78BF8bd9C083D1db222b",
    "address_weth": "0x4F4F6a4f5A28420B57A49Fe5cc935b441BB52456",
    "krs_usdc": 1168.3382581986234,
    "usdc": 719.521918,
    "krs_weth": 1178.6005772376905,
    "weth": 0.07793664018820104,
    "value_usd": 1663.26,
    "value_eth": 0.373204,
    "value_pln": 6078.17
  },
  "ETHPLN": 16286.47,
  "ETHUSD": 4456.71
}