{
  "USDC": 0.25133119,
  "WETH": 8.1183911e-05,
  "WETH_viaUSDC": 8.1027269e-05,
  "diff_pct": 0.001931,
  "prefer": "viaUSDC",
  "pool": {
    "address_usdc": "0xca71156bFe3bBecb281B78BF8bd9C083D1db222b",
    "address_weth": "0x4F4F6a4f5A28420B57A49Fe5cc935b441BB52456",
    "krs_usdc": 1783.7501718923293,
    "usdc": 588.945879,
    "krs_weth": 3681.7192062547424,
    "weth": 0.49432359400350007,
    "value_usd": 3495.89,
    "value_eth": 1.127047,
    "value_pln": 12560.85
  },
  "ETHPLN": 11144.92,
  "ETHUSD": 3101.81
}