{
  "USDC": 0.25450588,
  "WETH": 6.1537639e-05,
  "WETH_viaUSDC": 6.1940603e-05,
  "diff_pct": 0.006527,
  "prefer": "viaUSDC",
  "pool": {
    "address_usdc": "0xca71156bFe3bBecb281B78BF8bd9C083D1db222b",
    "address_weth": "0x4F4F6a4f5A28420B57A49Fe5cc935b441BB52456",
    "krs_usdc": 1092.9422458614667,
    "usdc": 740.096377,
    "krs_weth": 899.4893146783979,
    "weth": 0.09463683564078791,
    "value_usd": 1636.03,
    "value_eth": 0.398171,
    "value_pln": 6008.21
  },
  "ETHPLN": 15089.52,
  "ETHUSD": 4108.87
}