{
  "USDC": 0.24099823,
  "WETH": 0.000101761837,
  "WETH_viaUSDC": 0.000101068662,
  "diff_pct": 0.006835,
  "prefer": "viaUSDC",
  "pool": {
    "address_usdc": "0xca71156bFe3bBecb281B78BF8bd9C083D1db222b",
    "address_weth": "0x4F4F6a4f5A28420B57A49Fe5cc935b441BB52456",
    "krs_usdc": 3992.492629761593,
    "usdc": 57.802888,
    "krs_weth": 1472.9767483854785,
    "weth": 0.6987643575344419,
    "value_usd": 3041.17,
    "value_eth": 1.275393,
    "value_pln": 11080.95
  },
  "ETHPLN": 8688.26,
  "ETHUSD": 2384.5
}