{
  "USDC": 0.24902578,
  "WETH": 8.4561006e-05,
  "WETH_viaUSDC": 8.401963e-05,
  "diff_pct": 0.006423,
  "prefer": "viaUSDC",
  "pool": {
    "address_usdc": "0xca71156bFe3bBecb281B78BF8bd9C083D1db222b",
    "address_weth": "0x4F4F6a4f5A28420B57A49Fe5cc935b441BB52456",
    "krs_usdc": 2270.605119688171,
    "usdc": 472.919464,
    "krs_weth": 3194.864258458901,
    "weth": 0.5365168814661392,
    "value_usd": 3424.14,
    "value_eth": 1.155283,
    "value_pln": 12243.22
  },
  "ETHPLN": 10597.59,
  "ETHUSD": 2963.9
}