{
  "USDC": 0.25157614,
  "WETH": 8.067907e-05,
  "WETH_viaUSDC": 8.1008824e-05,
  "diff_pct": 0.004079,
  "prefer": "viaUSDC",
  "pool": {
    "address_usdc": "0xca71156bFe3bBecb281B78BF8bd9C083D1db222b",
    "address_weth": "0x4F4F6a4f5A28420B57A49Fe5cc935b441BB52456",
    "krs_usdc": 1718.9762883927915,
    "usdc": 597.87675,
    "krs_weth": 3746.49308975428,
    "weth": 0.4866917849630253,
    "value_usd": 3484.3,
    "value_eth": 1.121962,
    "value_pln": 12662.96
  },
  "ETHPLN": 11286.44,
  "ETHUSD": 3105.54
}