{
  "WETH": 9.914e-05,
  "USDC": 0.2503856,
  "pool": {
    "krs_usdc": 1904.8720166864782,
    "usdc": 521.898599,
    "krs_weth": 664.6647718208609,
    "weth": 0.0873458554446793,
    "value_usd": 998.92,
    "value_eth": 0.401018,
    "value_pln": 3757.56
  },
  "ETHPLN": 9370.04,
  "ETHUSD": 2490.95
}