{
  "USDC": 0.24598835,
  "WETH": 8.9586153e-05,
  "WETH_viaUSDC": 8.893481e-05,
  "diff_pct": 0.007297,
  "prefer": "viaUSDC",
  "pool": {
    "address_usdc": "0xca71156bFe3bBecb281B78BF8bd9C083D1db222b",
    "address_weth": "0x4F4F6a4f5A28420B57A49Fe5cc935b441BB52456",
    "krs_usdc": 2868.070036215292,
    "usdc": 305.613165,
    "krs_weth": 2597.3993419317794,
    "weth": 0.5819165919827141,
    "value_usd": 3259.6,
    "value_eth": 1.178479,
    "value_pln": 11997.51
  },
  "ETHPLN": 10180.51,
  "ETHUSD": 2765.94
}