{
  "WETH": 0.00010119,
  "USDC": 0.2511942,
  "pool": {
    "krs_usdc": 1743.153958121022,
    "usdc": 564.670118,
    "krs_weth": 826.3828303863169,
    "weth": 0.07205970483032349,
    "value_usd": 1002.62,
    "value_eth": 0.392647,
    "value_pln": 3708.07
  },
  "ETHPLN": 9443.77,
  "ETHUSD": 2553.5
}