{
  "USDC": 0.2485474,
  "WETH": 8.4670562e-05,
  "WETH_viaUSDC": 8.5049941e-05,
  "diff_pct": 0.004471,
  "prefer": "viaUSDC",
  "pool": {
    "address_usdc": "0xca71156bFe3bBecb281B78BF8bd9C083D1db222b",
    "address_weth": "0x4F4F6a4f5A28420B57A49Fe5cc935b441BB52456",
    "krs_usdc": 2326.6421461419986,
    "usdc": 437.30241,
    "krs_weth": 3138.73075666341,
    "weth": 0.5339989256591008,
    "value_usd": 3356.25,
    "value_eth": 1.148468,
    "value_pln": 12282.37
  },
  "ETHPLN": 10694.57,
  "ETHUSD": 2922.37
}