{
  "USDC": 0.24712971,
  "WETH": 8.8096454e-05,
  "WETH_viaUSDC": 8.8095745e-05,
  "diff_pct": 8e-06,
  "prefer": "viaUSDC",
  "pool": {
    "address_usdc": "0xca71156bFe3bBecb281B78BF8bd9C083D1db222b",
    "address_weth": "0x4F4F6a4f5A28420B57A49Fe5cc935b441BB52456",
    "krs_usdc": 2667.5195538663793,
    "usdc": 374.941813,
    "krs_weth": 2797.949824280692,
    "weth": 0.5709436138423352,
    "value_usd": 3327.26,
    "value_eth": 1.186086,
    "value_pln": 11792.46
  },
  "ETHPLN": 9942.33,
  "ETHUSD": 2805.24
}