{
  "USDC": 0.2514308,
  "WETH": 5.5235328e-05,
  "WETH_viaUSDC": 5.5521504e-05,
  "diff_pct": 0.005168,
  "prefer": "viaUSDC",
  "pool": {
    "address_usdc": "0xca71156bFe3bBecb281B78BF8bd9C083D1db222b",
    "address_weth": "0x4F4F6a4f5A28420B57A49Fe5cc935b441BB52456",
    "krs_usdc": 1709.9797395315609,
    "usdc": 580.681243,
    "krs_weth": 639.4590959047529,
    "weth": 0.03834256959597138,
    "value_usd": 1345.04,
    "value_eth": 0.297014,
    "value_pln": 4882.65
  },
  "ETHPLN": 16439.11,
  "ETHUSD": 4528.53
}