{
  "WETH": 9.743e-05,
  "USDC": 0.24986711,
  "pool": {
    "krs_usdc": 2024.4610018815288,
    "usdc": 498.324135,
    "krs_weth": 545.0757866258089,
    "weth": 0.10206282745453796,
    "value_usd": 1004.22,
    "value_eth": 0.414783,
    "value_pln": 3622.02
  },
  "ETHPLN": 8732.33,
  "ETHUSD": 2421.08
}