{
  "USDC": 0.25279777,
  "WETH": 6.1268406e-05,
  "WETH_viaUSDC": 6.1708412e-05,
  "diff_pct": 0.007156,
  "prefer": "viaUSDC",
  "pool": {
    "address_usdc": "0xca71156bFe3bBecb281B78BF8bd9C083D1db222b",
    "address_weth": "0x4F4F6a4f5A28420B57A49Fe5cc935b441BB52456",
    "krs_usdc": 1435.627661882575,
    "usdc": 652.005261,
    "krs_weth": 911.3111735537387,
    "weth": 0.09368927301910963,
    "value_usd": 1629.12,
    "value_eth": 0.397671,
    "value_pln": 5984.81
  },
  "ETHPLN": 15049.66,
  "ETHUSD": 4096.65
}