{
  "USDC": 0.25334692,
  "WETH": 7.4109808e-05,
  "WETH_viaUSDC": 7.367006e-05,
  "diff_pct": 0.005951,
  "prefer": "viaUSDC",
  "pool": {
    "address_usdc": "0xca71156bFe3bBecb281B78BF8bd9C083D1db222b",
    "address_weth": "0x4F4F6a4f5A28420B57A49Fe5cc935b441BB52456",
    "krs_usdc": 1332.5395728923902,
    "usdc": 682.250534,
    "krs_weth": 355.13198764747455,
    "weth": 0.13213604071415327,
    "value_usd": 1564.22,
    "value_eth": 0.454857,
    "value_pln": 5736.14
  },
  "ETHPLN": 12610.88,
  "ETHUSD": 3438.94
}