{
  "WETH": 0.00010253,
  "USDC": 0.25170319,
  "pool": {
    "krs_usdc": 1639.808289452298,
    "usdc": 591.063011,
    "krs_weth": 929.7284990550409,
    "weth": 0.06207308634284473,
    "value_usd": 1003.9,
    "value_eth": 0.387083,
    "value_pln": 3716.23
  },
  "ETHPLN": 9600.61,
  "ETHUSD": 2593.51
}