{
  "WETH": 0.00010526,
  "USDC": 0.25261411,
  "pool": {
    "krs_usdc": 1444.203496673826,
    "usdc": 635.350617,
    "krs_weth": 1125.3332918335147,
    "weth": 0.04131520484391965,
    "value_usd": 1000.3,
    "value_eth": 0.373654,
    "value_pln": 3781.24
  },
  "ETHPLN": 10119.62,
  "ETHUSD": 2677.06
}