{
  "USDC": 0.2526773,
  "WETH": 7.7796016e-05,
  "WETH_viaUSDC": 7.6554262e-05,
  "diff_pct": 0.01609,
  "prefer": "viaUSDC",
  "pool": {
    "address_usdc": "0xca71156bFe3bBecb281B78BF8bd9C083D1db222b",
    "address_weth": "0x4F4F6a4f5A28420B57A49Fe5cc935b441BB52456",
    "krs_usdc": 1468.0930075315218,
    "usdc": 647.850702,
    "krs_weth": 219.578553008343,
    "weth": 0.1423978090858355,
    "value_usd": 1544.29,
    "value_eth": 0.467877,
    "value_pln": 5657.31
  },
  "ETHPLN": 12091.44,
  "ETHUSD": 3300.63
}