{
  "USDC": 0.25015325,
  "WETH": 8.2935307e-05,
  "WETH_viaUSDC": 8.3035667e-05,
  "diff_pct": 0.001209,
  "prefer": "viaUSDC",
  "pool": {
    "address_usdc": "0xca71156bFe3bBecb281B78BF8bd9C083D1db222b",
    "address_weth": "0x4F4F6a4f5A28420B57A49Fe5cc935b441BB52456",
    "krs_usdc": 2039.7305768031117,
    "usdc": 531.751047,
    "krs_weth": 3425.7388013439595,
    "weth": 0.517600104739892,
    "value_usd": 3458.28,
    "value_eth": 1.147938,
    "value_pln": 12173.39
  },
  "ETHPLN": 10604.57,
  "ETHUSD": 3012.6
}