{
  "USDC": 0.25198582,
  "WETH": 8.0381706e-05,
  "WETH_viaUSDC": 8.0299618e-05,
  "diff_pct": 0.001022,
  "prefer": "viaUSDC",
  "pool": {
    "address_usdc": "0xca71156bFe3bBecb281B78BF8bd9C083D1db222b",
    "address_weth": "0x4F4F6a4f5A28420B57A49Fe5cc935b441BB52456",
    "krs_usdc": 1653.5761893768736,
    "usdc": 623.528144,
    "krs_weth": 3811.893188770198,
    "weth": 0.4843881421735702,
    "value_usd": 3520.79,
    "value_eth": 1.121961,
    "value_pln": 12704.56
  },
  "ETHPLN": 11323.53,
  "ETHUSD": 3138.07
}