{
  "USDC": 0.25343331,
  "WETH": 7.368749e-05,
  "WETH_viaUSDC": 7.4150788e-05,
  "diff_pct": 0.006268,
  "prefer": "viaUSDC",
  "pool": {
    "address_usdc": "0xca71156bFe3bBecb281B78BF8bd9C083D1db222b",
    "address_weth": "0x4F4F6a4f5A28420B57A49Fe5cc935b441BB52456",
    "krs_usdc": 1315.7262376204023,
    "usdc": 686.846338,
    "krs_weth": 371.94532291946246,
    "weth": 0.130990293871394,
    "value_usd": 1562.26,
    "value_eth": 0.457093,
    "value_pln": 5712.11
  },
  "ETHPLN": 12496.6,
  "ETHUSD": 3417.81
}