{
  "USDC": 0.24040048,
  "WETH": 0.000103155698,
  "WETH_viaUSDC": 0.00010295259,
  "diff_pct": 0.001971,
  "prefer": "viaUSDC",
  "pool": {
    "address_usdc": "0xca71156bFe3bBecb281B78BF8bd9C083D1db222b",
    "address_weth": "0x4F4F6a4f5A28420B57A49Fe5cc935b441BB52456",
    "krs_usdc": 4118.442727160347,
    "usdc": 25.261924,
    "krs_weth": 1347.0266509867242,
    "weth": 0.7107934338249631,
    "value_usd": 2998.91,
    "value_eth": 1.284296,
    "value_pln": 10713.91
  },
  "ETHPLN": 8342.24,
  "ETHUSD": 2335.06
}