{
  "USDC": 0.25534858,
  "WETH": 7.6085619e-05,
  "WETH_viaUSDC": 7.6145946e-05,
  "diff_pct": 0.000793,
  "prefer": "viaUSDC",
  "pool": {
    "address_usdc": "0xca71156bFe3bBecb281B78BF8bd9C083D1db222b",
    "address_weth": "0x4F4F6a4f5A28420B57A49Fe5cc935b441BB52456",
    "krs_usdc": 958.2679197588229,
    "usdc": 791.744894,
    "krs_weth": 4507.201458388248,
    "weth": 0.4274164010363818,
    "value_usd": 3620.65,
    "value_eth": 1.079691,
    "value_pln": 13085.25
  },
  "ETHPLN": 12119.44,
  "ETHUSD": 3353.41
}