{
  "USDC": 0.25341873,
  "WETH": 7.3703172e-05,
  "WETH_viaUSDC": 7.3813072e-05,
  "diff_pct": 0.00149,
  "prefer": "viaUSDC",
  "pool": {
    "address_usdc": "0xca71156bFe3bBecb281B78BF8bd9C083D1db222b",
    "address_weth": "0x4F4F6a4f5A28420B57A49Fe5cc935b441BB52456",
    "krs_usdc": 1317.5012407485403,
    "usdc": 685.802086,
    "krs_weth": 370.17031979132446,
    "weth": 0.13094810815121352,
    "value_usd": 1563.07,
    "value_eth": 0.455273,
    "value_pln": 5788.94
  },
  "ETHPLN": 12715.3,
  "ETHUSD": 3433.25
}