{
  "WETH": 0.00010006,
  "USDC": 0.25080172,
  "pool": {
    "krs_usdc": 1826.5246790845836,
    "usdc": 545.171504,
    "krs_weth": 743.0121094227546,
    "weth": 0.08090815964534323,
    "value_usd": 1003.34,
    "value_eth": 0.40128,
    "value_pln": 3745.72
  },
  "ETHPLN": 9334.41,
  "ETHUSD": 2500.35
}