{
  "USDC": 0.24038204,
  "WETH": 0.000103236791,
  "WETH_viaUSDC": 0.000102850435,
  "diff_pct": 0.003749,
  "prefer": "viaUSDC",
  "pool": {
    "address_usdc": "0xca71156bFe3bBecb281B78BF8bd9C083D1db222b",
    "address_weth": "0x4F4F6a4f5A28420B57A49Fe5cc935b441BB52456",
    "krs_usdc": 4123.951609515738,
    "usdc": 24.630225,
    "krs_weth": 1341.5177686313336,
    "weth": 0.711639542969891,
    "value_usd": 3001.67,
    "value_eth": 1.284304,
    "value_pln": 10809.43
  },
  "ETHPLN": 8416.57,
  "ETHUSD": 2337.2
}