{
  "USDC": 0.25379411,
  "WETH": 5.7432139e-05,
  "WETH_viaUSDC": 5.7025849e-05,
  "diff_pct": 0.007099,
  "prefer": "viaUSDC",
  "pool": {
    "address_usdc": "0xca71156bFe3bBecb281B78BF8bd9C083D1db222b",
    "address_weth": "0x4F4F6a4f5A28420B57A49Fe5cc935b441BB52456",
    "krs_usdc": 1232.8079123013158,
    "usdc": 702.788978,
    "krs_weth": 1114.130923134998,
    "weth": 0.08152297102580083,
    "value_usd": 1661.25,
    "value_eth": 0.373271,
    "value_pln": 6037.72
  },
  "ETHPLN": 16175.16,
  "ETHUSD": 4450.51
}