{
  "USDC": 0.24886717,
  "WETH": 8.453904e-05,
  "WETH_viaUSDC": 8.4518755e-05,
  "diff_pct": 0.00024,
  "prefer": "viaUSDC",
  "pool": {
    "address_usdc": "0xca71156bFe3bBecb281B78BF8bd9C083D1db222b",
    "address_weth": "0x4F4F6a4f5A28420B57A49Fe5cc935b441BB52456",
    "krs_usdc": 2285.8042814245428,
    "usdc": 460.259618,
    "krs_weth": 3179.665096722529,
    "weth": 0.5348522604770162,
    "value_usd": 3395.32,
    "value_eth": 1.153098,
    "value_pln": 12177.44
  },
  "ETHPLN": 10560.63,
  "ETHUSD": 2944.52
}