{
  "USDC": 0.25290201,
  "WETH": 7.647175e-05,
  "WETH_viaUSDC": 7.6577567e-05,
  "diff_pct": 0.001383,
  "prefer": "viaUSDC",
  "pool": {
    "address_usdc": "0xca71156bFe3bBecb281B78BF8bd9C083D1db222b",
    "address_weth": "0x4F4F6a4f5A28420B57A49Fe5cc935b441BB52456",
    "krs_usdc": 1421.5358056504142,
    "usdc": 659.144926,
    "krs_weth": 266.13575488945054,
    "weth": 0.13866235998655985,
    "value_usd": 1543.9,
    "value_eth": 0.467486,
    "value_pln": 5722.03
  },
  "ETHPLN": 12239.99,
  "ETHUSD": 3302.56
}