{
  "WETH": 9.259e-05,
  "USDC": 0.24799218,
  "pool": {
    "krs_usdc": 2410.064067878526,
    "usdc": 400.38974,
    "krs_weth": 159.47272062881197,
    "weth": 0.1418442951053648,
    "value_usd": 998.08,
    "value_eth": 0.437153,
    "value_pln": 3693.51
  },
  "ETHPLN": 8449.0,
  "ETHUSD": 2283.14
}