{
  "WETH": 0.0001003,
  "USDC": 0.25082304,
  "pool": {
    "krs_usdc": 1815.1013346117845,
    "usdc": 544.494418,
    "krs_weth": 754.4354538955546,
    "weth": 0.07838281755697268,
    "value_usd": 999.84,
    "value_eth": 0.397307,
    "value_pln": 3759.09
  },
  "ETHPLN": 9461.42,
  "ETHUSD": 2516.54
}