{
  "USDC": 0.25407365,
  "WETH": 7.0419127e-05,
  "WETH_viaUSDC": 7.0903548e-05,
  "diff_pct": 0.006856,
  "prefer": "viaUSDC",
  "pool": {
    "address_usdc": "0xca71156bFe3bBecb281B78BF8bd9C083D1db222b",
    "address_weth": "0x4F4F6a4f5A28420B57A49Fe5cc935b441BB52456",
    "krs_usdc": 1186.163015874211,
    "usdc": 719.565597,
    "krs_weth": 501.5085446656538,
    "weth": 0.12161247856917244,
    "value_usd": 1584.14,
    "value_eth": 0.442081,
    "value_pln": 5801.02
  },
  "ETHPLN": 13122.06,
  "ETHUSD": 3583.37
}