{
  "USDC": 0.24865606,
  "WETH": 8.4615837e-05,
  "WETH_viaUSDC": 8.4477473e-05,
  "diff_pct": 0.001637,
  "prefer": "viaUSDC",
  "pool": {
    "address_usdc": "0xca71156bFe3bBecb281B78BF8bd9C083D1db222b",
    "address_weth": "0x4F4F6a4f5A28420B57A49Fe5cc935b441BB52456",
    "krs_usdc": 2312.209487188497,
    "usdc": 444.951346,
    "krs_weth": 3153.2598909585745,
    "weth": 0.5341732015123699,
    "value_usd": 3376.29,
    "value_eth": 1.147048,
    "value_pln": 12322.96
  },
  "ETHPLN": 10743.19,
  "ETHUSD": 2943.46
}