{
  "USDC": 0.25295284,
  "WETH": 7.6233188e-05,
  "WETH_viaUSDC": 7.6737718e-05,
  "diff_pct": 0.006596,
  "prefer": "viaUSDC",
  "pool": {
    "address_usdc": "0xca71156bFe3bBecb281B78BF8bd9C083D1db222b",
    "address_weth": "0x4F4F6a4f5A28420B57A49Fe5cc935b441BB52456",
    "krs_usdc": 1412.0366377114462,
    "usdc": 661.958029,
    "krs_weth": 275.63492282841855,
    "weth": 0.1380612111101054,
    "value_usd": 1543.95,
    "value_eth": 0.468386,
    "value_pln": 5688.88
  },
  "ETHPLN": 12145.72,
  "ETHUSD": 3296.33
}