{
  "USDC": 0.24038239,
  "WETH": 0.000103210952,
  "WETH_viaUSDC": 0.000103525638,
  "diff_pct": 0.003044,
  "prefer": "viaUSDC",
  "pool": {
    "address_usdc": "0xca71156bFe3bBecb281B78BF8bd9C083D1db222b",
    "address_weth": "0x4F4F6a4f5A28420B57A49Fe5cc935b441BB52456",
    "krs_usdc": 4122.801180202664,
    "usdc": 24.390479,
    "krs_weth": 1342.6681979444072,
    "weth": 0.711325309225077,
    "value_usd": 2989.86,
    "value_eth": 1.287646,
    "value_pln": 11087.8
  },
  "ETHPLN": 8610.91,
  "ETHUSD": 2321.96
}