{
  "WETH": 9.685e-05,
  "USDC": 0.24963648,
  "pool": {
    "krs_usdc": 2071.0876872957474,
    "usdc": 486.154543,
    "krs_weth": 498.4491012115901,
    "weth": 0.1066484267482848,
    "value_usd": 1003.22,
    "value_eth": 0.417597,
    "value_pln": 3637.72
  },
  "ETHPLN": 8711.09,
  "ETHUSD": 2402.37
}