{
  "WETH": 9.219e-05,
  "USDC": 0.24784075,
  "pool": {
    "krs_usdc": 2441.7634654960734,
    "usdc": 392.554515,
    "krs_weth": 127.77332301126465,
    "weth": 0.1452856360500655,
    "value_usd": 997.73,
    "value_eth": 0.440589,
    "value_pln": 3692.68
  },
  "ETHPLN": 8381.24,
  "ETHUSD": 2264.55
}