{
  "USDC": 0.25409668,
  "WETH": 6.3333996e-05,
  "WETH_viaUSDC": 6.3490044e-05,
  "diff_pct": 0.002461,
  "prefer": "viaUSDC",
  "pool": {
    "address_usdc": "0xca71156bFe3bBecb281B78BF8bd9C083D1db222b",
    "address_weth": "0x4F4F6a4f5A28420B57A49Fe5cc935b441BB52456",
    "krs_usdc": 1178.3463764796886,
    "usdc": 719.93995,
    "krs_weth": 814.0851840601761,
    "weth": 0.10035708900692855,
    "value_usd": 1627.85,
    "value_eth": 0.406745,
    "value_pln": 5928.41
  },
  "ETHPLN": 14575.24,
  "ETHUSD": 4002.15
}