{
  "USDC": 0.25230962,
  "WETH": 7.9949539e-05,
  "WETH_viaUSDC": 8.0041626e-05,
  "diff_pct": 0.001151,
  "prefer": "viaUSDC",
  "pool": {
    "address_usdc": "0xca71156bFe3bBecb281B78BF8bd9C083D1db222b",
    "address_weth": "0x4F4F6a4f5A28420B57A49Fe5cc935b441BB52456",
    "krs_usdc": 1586.1008066604818,
    "usdc": 639.789927,
    "krs_weth": 3879.3685714865896,
    "weth": 0.47873858174852785,
    "value_usd": 3527.87,
    "value_eth": 1.119168,
    "value_pln": 12714.14
  },
  "ETHPLN": 11360.35,
  "ETHUSD": 3152.23
}