{
  "USDC": 0.24598169,
  "WETH": 8.9589504e-05,
  "WETH_viaUSDC": 8.8977438e-05,
  "diff_pct": 0.006855,
  "prefer": "viaUSDC",
  "pool": {
    "address_usdc": "0xca71156bFe3bBecb281B78BF8bd9C083D1db222b",
    "address_weth": "0x4F4F6a4f5A28420B57A49Fe5cc935b441BB52456",
    "krs_usdc": 2868.9525843385336,
    "usdc": 305.137373,
    "krs_weth": 2596.516793808538,
    "weth": 0.5819013835301795,
    "value_usd": 3258.23,
    "value_eth": 1.17858,
    "value_pln": 11980.65
  },
  "ETHPLN": 10165.32,
  "ETHUSD": 2764.54
}