{
  "WETH": 9.963e-05,
  "USDC": 0.25056798,
  "pool": {
    "krs_usdc": 1867.2758843115846,
    "usdc": 531.287305,
    "krs_weth": 702.2609041957545,
    "weth": 0.08355145284880648,
    "value_usd": 999.24,
    "value_eth": 0.402621,
    "value_pln": 3758.72
  },
  "ETHPLN": 9335.62,
  "ETHUSD": 2481.83
}