{
  "USDC": 0.25539704,
  "WETH": 7.6018722e-05,
  "WETH_viaUSDC": 7.5765013e-05,
  "diff_pct": 0.003343,
  "prefer": "viaUSDC",
  "pool": {
    "address_usdc": "0xca71156bFe3bBecb281B78BF8bd9C083D1db222b",
    "address_weth": "0x4F4F6a4f5A28420B57A49Fe5cc935b441BB52456",
    "krs_usdc": 947.6463682816419,
    "usdc": 793.981308,
    "krs_weth": 4517.823009865429,
    "weth": 0.4264668885955298,
    "value_usd": 3627.43,
    "value_eth": 1.076097,
    "value_pln": 13191.28
  },
  "ETHPLN": 12258.44,
  "ETHUSD": 3370.91
}