{
  "USDC": 0.25281433,
  "WETH": 7.9334597e-05,
  "WETH_viaUSDC": 7.8746093e-05,
  "diff_pct": 0.007446,
  "prefer": "viaUSDC",
  "pool": {
    "address_usdc": "0xca71156bFe3bBecb281B78BF8bd9C083D1db222b",
    "address_weth": "0x4F4F6a4f5A28420B57A49Fe5cc935b441BB52456",
    "krs_usdc": 1485.2483995184764,
    "usdc": 666.141876,
    "krs_weth": 3980.2209786285953,
    "weth": 0.47098641112607104,
    "value_usd": 3559.99,
    "value_eth": 1.108859,
    "value_pln": 12871.04
  },
  "ETHPLN": 11607.46,
  "ETHUSD": 3210.5
}