{
  "WETH": 0.00010288,
  "USDC": 0.2517701,
  "pool": {
    "krs_usdc": 1619.7962606697567,
    "usdc": 592.90588,
    "krs_weth": 949.7405278375828,
    "weth": 0.05889154730973373,
    "value_usd": 1000.82,
    "value_eth": 0.385562,
    "value_pln": 3744.88
  },
  "ETHPLN": 9712.77,
  "ETHUSD": 2595.74
}