{
  "USDC": 0.24718505,
  "WETH": 8.7276087e-05,
  "WETH_viaUSDC": 8.7381283e-05,
  "diff_pct": 0.001205,
  "prefer": "viaUSDC",
  "pool": {
    "address_usdc": "0xca71156bFe3bBecb281B78BF8bd9C083D1db222b",
    "address_weth": "0x4F4F6a4f5A28420B57A49Fe5cc935b441BB52456",
    "krs_usdc": 2616.6246972019835,
    "usdc": 367.968808,
    "krs_weth": 2848.844680945088,
    "weth": 0.5598089074962224,
    "value_usd": 3302.54,
    "value_eth": 1.167468,
    "value_pln": 12308.02
  },
  "ETHPLN": 10542.49,
  "ETHUSD": 2828.81
}