{
  "WETH": 0.00010117,
  "USDC": 0.25118571,
  "pool": {
    "krs_usdc": 1744.5925582945858,
    "usdc": 564.157037,
    "krs_weth": 824.9442302127532,
    "weth": 0.07214219323644909,
    "value_usd": 1002.46,
    "value_eth": 0.392759,
    "value_pln": 3718.95
  },
  "ETHPLN": 9468.8,
  "ETHUSD": 2552.35
}