{
  "USDC": 0.25359771,
  "WETH": 6.5496313e-05,
  "WETH_viaUSDC": 6.5543859e-05,
  "diff_pct": 0.000726,
  "prefer": "viaUSDC",
  "pool": {
    "address_usdc": "0xca71156bFe3bBecb281B78BF8bd9C083D1db222b",
    "address_weth": "0x4F4F6a4f5A28420B57A49Fe5cc935b441BB52456",
    "krs_usdc": 1279.494766975341,
    "usdc": 694.511083,
    "krs_weth": 712.9367935645238,
    "weth": 0.10693530250126945,
    "value_usd": 1613.53,
    "value_eth": 0.417028,
    "value_pln": 5948.83
  },
  "ETHPLN": 14264.84,
  "ETHUSD": 3869.13
}