{
  "USDC": 0.25084374,
  "WETH": 5.9417495e-05,
  "WETH_viaUSDC": 5.9903268e-05,
  "diff_pct": 0.008142,
  "prefer": "viaUSDC",
  "pool": {
    "address_usdc": "0xca71156bFe3bBecb281B78BF8bd9C083D1db222b",
    "address_weth": "0x4F4F6a4f5A28420B57A49Fe5cc935b441BB52456",
    "krs_usdc": 1830.5147188559765,
    "usdc": 550.501252,
    "krs_weth": 518.9241165803371,
    "weth": 0.045268586966205566,
    "value_usd": 1329.4,
    "value_eth": 0.317471,
    "value_pln": 4826.98
  },
  "ETHPLN": 15204.47,
  "ETHUSD": 4187.48
}