{
  "WETH": 0.00010946,
  "USDC": 0.25436362,
  "pool": {
    "krs_usdc": 1111.0385600851464,
    "usdc": 730.164345,
    "krs_weth": 1457.502921372433,
    "weth": 0.014313557281463586,
    "value_usd": 1012.93,
    "value_eth": 0.365937,
    "value_pln": 3686.27
  },
  "ETHPLN": 10073.5,
  "ETHUSD": 2768.05
}