{
  "USDC": 0.2485474,
  "WETH": 8.4670562e-05,
  "WETH_viaUSDC": 8.5069154e-05,
  "diff_pct": 0.004696,
  "prefer": "viaUSDC",
  "pool": {
    "address_usdc": "0xca71156bFe3bBecb281B78BF8bd9C083D1db222b",
    "address_weth": "0x4F4F6a4f5A28420B57A49Fe5cc935b441BB52456",
    "krs_usdc": 2326.6421461419986,
    "usdc": 437.30241,
    "krs_weth": 3138.73075666341,
    "weth": 0.5339989256591008,
    "value_usd": 3355.9,
    "value_eth": 1.148607,
    "value_pln": 12311.53
  },
  "ETHPLN": 10718.66,
  "ETHUSD": 2921.71
}