{
  "USDC": 0.24038204,
  "WETH": 0.000103236791,
  "WETH_viaUSDC": 0.000102671643,
  "diff_pct": 0.005489,
  "prefer": "viaUSDC",
  "pool": {
    "address_usdc": "0xca71156bFe3bBecb281B78BF8bd9C083D1db222b",
    "address_weth": "0x4F4F6a4f5A28420B57A49Fe5cc935b441BB52456",
    "krs_usdc": 4123.951609515738,
    "usdc": 24.630225,
    "krs_weth": 1341.5177686313336,
    "weth": 0.711639542969891,
    "value_usd": 3004.57,
    "value_eth": 1.283308,
    "value_pln": 10816.43
  },
  "ETHPLN": 8428.55,
  "ETHUSD": 2341.27
}