{
  "USDC": 0.25082174,
  "WETH": 5.9614878e-05,
  "WETH_viaUSDC": 5.9470253e-05,
  "diff_pct": 0.002429,
  "prefer": "viaUSDC",
  "pool": {
    "address_usdc": "0xca71156bFe3bBecb281B78BF8bd9C083D1db222b",
    "address_weth": "0x4F4F6a4f5A28420B57A49Fe5cc935b441BB52456",
    "krs_usdc": 1835.4643712042714,
    "usdc": 549.47615,
    "krs_weth": 513.9744642320424,
    "weth": 0.045615655495312636,
    "value_usd": 1331.16,
    "value_eth": 0.315619,
    "value_pln": 4850.07
  },
  "ETHPLN": 15366.86,
  "ETHUSD": 4217.6
}