{
  "USDC": 0.25115269,
  "WETH": 8.1287664e-05,
  "WETH_viaUSDC": 8.1409074e-05,
  "diff_pct": 0.001492,
  "prefer": "viaUSDC",
  "pool": {
    "address_usdc": "0xca71156bFe3bBecb281B78BF8bd9C083D1db222b",
    "address_weth": "0x4F4F6a4f5A28420B57A49Fe5cc935b441BB52456",
    "krs_usdc": 1810.1521239042454,
    "usdc": 577.221148,
    "krs_weth": 3655.317254242826,
    "weth": 0.49478859255975915,
    "value_usd": 3476.35,
    "value_eth": 1.126829,
    "value_pln": 12532.37
  },
  "ETHPLN": 11121.8,
  "ETHUSD": 3085.07
}