{
  "WETH": 0.00010844,
  "USDC": 0.25385622,
  "pool": {
    "krs_usdc": 1200.186891940713,
    "usdc": 700.920561,
    "krs_weth": 1369.349896566626,
    "weth": 0.019895886680916165,
    "value_usd": 1005.74,
    "value_eth": 0.363894,
    "value_pln": 3711.4
  },
  "ETHPLN": 10199.13,
  "ETHUSD": 2763.84
}