{
  "USDC": 0.2517464,
  "WETH": 8.0221334e-05,
  "WETH_viaUSDC": 8.0534365e-05,
  "diff_pct": 0.003895,
  "prefer": "viaUSDC",
  "pool": {
    "address_usdc": "0xca71156bFe3bBecb281B78BF8bd9C083D1db222b",
    "address_weth": "0x4F4F6a4f5A28420B57A49Fe5cc935b441BB52456",
    "krs_usdc": 1665.1995902797555,
    "usdc": 601.908808,
    "krs_weth": 3800.173312525653,
    "weth": 0.47924117862017657,
    "value_usd": 3475.88,
    "value_eth": 1.111944,
    "value_pln": 12731.86
  },
  "ETHPLN": 11450.09,
  "ETHUSD": 3125.95
}