{
  "USDC": 0.25261811,
  "WETH": 7.9064917e-05,
  "WETH_viaUSDC": 7.9641014e-05,
  "diff_pct": 0.00726,
  "prefer": "viaUSDC",
  "pool": {
    "address_usdc": "0xca71156bFe3bBecb281B78BF8bd9C083D1db222b",
    "address_weth": "0x4F4F6a4f5A28420B57A49Fe5cc935b441BB52456",
    "krs_usdc": 1483.2122490025206,
    "usdc": 645.595775,
    "krs_weth": 3982.1606538028877,
    "weth": 0.46404212474354173,
    "value_usd": 3498.17,
    "value_eth": 1.102842,
    "value_pln": 12720.97
  },
  "ETHPLN": 11534.72,
  "ETHUSD": 3171.96
}