{
  "USDC": 0.24694614,
  "WETH": 8.849958e-05,
  "WETH_viaUSDC": 8.7748161e-05,
  "diff_pct": 0.008527,
  "prefer": "viaUSDC",
  "pool": {
    "address_usdc": "0xca71156bFe3bBecb281B78BF8bd9C083D1db222b",
    "address_weth": "0x4F4F6a4f5A28420B57A49Fe5cc935b441BB52456",
    "krs_usdc": 2708.731204014119,
    "usdc": 366.068318,
    "krs_weth": 2756.7381741329523,
    "weth": 0.5750406013148026,
    "value_usd": 3334.06,
    "value_eth": 1.184702,
    "value_pln": 11712.67
  },
  "ETHPLN": 9886.6,
  "ETHUSD": 2814.26
}