{
  "USDC": 0.25119334,
  "WETH": 5.7729874e-05,
  "WETH_viaUSDC": 5.7726619e-05,
  "diff_pct": 5.6e-05,
  "prefer": "viaUSDC",
  "pool": {
    "address_usdc": "0xca71156bFe3bBecb281B78BF8bd9C083D1db222b",
    "address_weth": "0x4F4F6a4f5A28420B57A49Fe5cc935b441BB52456",
    "krs_usdc": 1757.8801005855807,
    "usdc": 568.276434,
    "krs_weth": 391.55873485073295,
    "weth": 0.029393266845074772,
    "value_usd": 1236.1,
    "value_eth": 0.284068,
    "value_pln": 4516.08
  },
  "ETHPLN": 15897.85,
  "ETHUSD": 4351.43
}