{
  "WETH": 0.00010033,
  "USDC": 0.25090073,
  "pool": {
    "krs_usdc": 1806.1617416864274,
    "usdc": 550.264247,
    "krs_weth": 763.3750468209109,
    "weth": 0.07886968558950082,
    "value_usd": 1003.51,
    "value_eth": 0.401857,
    "value_pln": 3743.65
  },
  "ETHPLN": 9315.88,
  "ETHUSD": 2497.18
}