{
  "WETH": 9.978e-05,
  "USDC": 0.25069578,
  "pool": {
    "krs_usdc": 1848.3270699450595,
    "usdc": 539.720983,
    "krs_weth": 721.2097185622787,
    "weth": 0.08309673744113209,
    "value_usd": 1003.16,
    "value_eth": 0.399882,
    "value_pln": 3730.15
  },
  "ETHPLN": 9328.12,
  "ETHUSD": 2508.64
}