{
  "USDC": 0.24567493,
  "WETH": 9.0210877e-05,
  "WETH_viaUSDC": 9.0163547e-05,
  "diff_pct": 0.000525,
  "prefer": "viaUSDC",
  "pool": {
    "address_usdc": "0xca71156bFe3bBecb281B78BF8bd9C083D1db222b",
    "address_weth": "0x4F4F6a4f5A28420B57A49Fe5cc935b441BB52456",
    "krs_usdc": 2934.316173041491,
    "usdc": 289.278768,
    "krs_weth": 2531.1532051055806,
    "weth": 0.5878541192029749,
    "value_usd": 3233.77,
    "value_eth": 1.186807,
    "value_pln": 11910.75
  },
  "ETHPLN": 10035.97,
  "ETHUSD": 2724.77
}