{
  "WETH": 0.00010731,
  "USDC": 0.25344393,
  "pool": {
    "krs_usdc": 1283.5831510839882,
    "usdc": 679.830562,
    "krs_weth": 1285.9536374233508,
    "weth": 0.027649854216077456,
    "value_usd": 1005.28,
    "value_eth": 0.37163,
    "value_pln": 3697.82
  },
  "ETHPLN": 9950.27,
  "ETHUSD": 2705.07
}