{
  "USDC": 0.25114712,
  "WETH": 5.8250633e-05,
  "WETH_viaUSDC": 5.8210018e-05,
  "diff_pct": 0.000698,
  "prefer": "viaUSDC",
  "pool": {
    "address_usdc": "0xca71156bFe3bBecb281B78BF8bd9C083D1db222b",
    "address_weth": "0x4F4F6a4f5A28420B57A49Fe5cc935b441BB52456",
    "krs_usdc": 1767.7264577415935,
    "usdc": 565.990438,
    "krs_weth": 381.7123776947202,
    "weth": 0.030007271745062708,
    "value_usd": 1235.28,
    "value_eth": 0.286309,
    "value_pln": 4455.97
  },
  "ETHPLN": 15563.48,
  "ETHUSD": 4314.5
}