{
  "WETH": 9.207e-05,
  "USDC": 0.24779924,
  "pool": {
    "krs_usdc": 2450.8358658062284,
    "usdc": 390.499372,
    "krs_weth": 118.70092270110977,
    "weth": 0.14635528089618952,
    "value_usd": 997.83,
    "value_eth": 0.437451,
    "value_pln": 3703.03
  },
  "ETHPLN": 8465.02,
  "ETHUSD": 2281.0
}