{
  "USDC": 0.25256039,
  "WETH": 7.9154582e-05,
  "WETH_viaUSDC": 7.8978679e-05,
  "diff_pct": 0.002225,
  "prefer": "viaUSDC",
  "pool": {
    "address_usdc": "0xca71156bFe3bBecb281B78BF8bd9C083D1db222b",
    "address_weth": "0x4F4F6a4f5A28420B57A49Fe5cc935b441BB52456",
    "krs_usdc": 1496.3766229500363,
    "usdc": 642.992608,
    "krs_weth": 3968.996279855372,
    "weth": 0.4653122073252352,
    "value_usd": 3511.32,
    "value_eth": 1.098032,
    "value_pln": 12777.81
  },
  "ETHPLN": 11637.01,
  "ETHUSD": 3197.83
}