{
  "USDC": 0.24865606,
  "WETH": 8.4615837e-05,
  "WETH_viaUSDC": 8.4486945e-05,
  "diff_pct": 0.001524,
  "prefer": "viaUSDC",
  "pool": {
    "address_usdc": "0xca71156bFe3bBecb281B78BF8bd9C083D1db222b",
    "address_weth": "0x4F4F6a4f5A28420B57A49Fe5cc935b441BB52456",
    "krs_usdc": 2312.209487188497,
    "usdc": 444.951346,
    "krs_weth": 3153.2598909585745,
    "weth": 0.5341732015123699,
    "value_usd": 3376.11,
    "value_eth": 1.147117,
    "value_pln": 12334.32
  },
  "ETHPLN": 10752.45,
  "ETHUSD": 2943.13
}