{
  "USDC": 0.24913454,
  "WETH": 8.3934931e-05,
  "WETH_viaUSDC": 8.4591459e-05,
  "diff_pct": 0.007791,
  "prefer": "viaUSDC",
  "pool": {
    "address_usdc": "0xca71156bFe3bBecb281B78BF8bd9C083D1db222b",
    "address_weth": "0x4F4F6a4f5A28420B57A49Fe5cc935b441BB52456",
    "krs_usdc": 2220.215765743115,
    "usdc": 471.552024,
    "krs_weth": 3245.2536124039566,
    "weth": 0.5276656054699048,
    "value_usd": 3387.24,
    "value_eth": 1.150109,
    "value_pln": 12303.9
  },
  "ETHPLN": 10698.03,
  "ETHUSD": 2945.15
}