{
  "USDC": 0.25336237,
  "WETH": 7.4096971e-05,
  "WETH_viaUSDC": 7.5162531e-05,
  "diff_pct": 0.014278,
  "prefer": "viaUSDC",
  "pool": {
    "address_usdc": "0xca71156bFe3bBecb281B78BF8bd9C083D1db222b",
    "address_weth": "0x4F4F6a4f5A28420B57A49Fe5cc935b441BB52456",
    "krs_usdc": 1330.731921704994,
    "usdc": 683.377117,
    "krs_weth": 356.9396388348708,
    "weth": 0.13219556956303916,
    "value_usd": 1556.58,
    "value_eth": 0.461776,
    "value_pln": 5656.92
  },
  "ETHPLN": 12250.36,
  "ETHUSD": 3370.86
}