{
  "USDC": 0.24860007,
  "WETH": 8.471282e-05,
  "WETH_viaUSDC": 8.5404338e-05,
  "diff_pct": 0.00813,
  "prefer": "viaUSDC",
  "pool": {
    "address_usdc": "0xca71156bFe3bBecb281B78BF8bd9C083D1db222b",
    "address_weth": "0x4F4F6a4f5A28420B57A49Fe5cc935b441BB52456",
    "krs_usdc": 2323.653716019552,
    "usdc": 442.002188,
    "krs_weth": 3141.8156621275193,
    "weth": 0.5351067079049249,
    "value_usd": 3358.34,
    "value_eth": 1.153727,
    "value_pln": 12276.81
  },
  "ETHPLN": 10641.0,
  "ETHUSD": 2910.86
}