{
  "USDC": 0.25216652,
  "WETH": 7.9983531e-05,
  "WETH_viaUSDC": 7.9842736e-05,
  "diff_pct": 0.001762,
  "prefer": "viaUSDC",
  "pool": {
    "address_usdc": "0xca71156bFe3bBecb281B78BF8bd9C083D1db222b",
    "address_weth": "0x4F4F6a4f5A28420B57A49Fe5cc935b441BB52456",
    "krs_usdc": 1603.3958837270195,
    "usdc": 629.476319,
    "krs_weth": 3862.073494420052,
    "weth": 0.47818868163947226,
    "value_usd": 3517.94,
    "value_eth": 1.113876,
    "value_pln": 12639.05
  },
  "ETHPLN": 11346.91,
  "ETHUSD": 3158.29
}