{
  "USDC": 0.25427252,
  "WETH": 5.5749964e-05,
  "WETH_viaUSDC": 5.5867985e-05,
  "diff_pct": 0.002115,
  "prefer": "viaUSDC",
  "pool": {
    "address_usdc": "0xca71156bFe3bBecb281B78BF8bd9C083D1db222b",
    "address_weth": "0x4F4F6a4f5A28420B57A49Fe5cc935b441BB52456",
    "krs_usdc": 1136.596707409489,
    "usdc": 727.329045,
    "krs_weth": 1210.3421280268249,
    "weth": 0.07610092234274035,
    "value_usd": 1670.45,
    "value_eth": 0.367026,
    "value_pln": 6054.16
  },
  "ETHPLN": 16495.17,
  "ETHUSD": 4551.31
}