{
  "USDC": 0.25372486,
  "WETH": 7.8024397e-05,
  "WETH_viaUSDC": 7.853654e-05,
  "diff_pct": 0.006542,
  "prefer": "viaUSDC",
  "pool": {
    "address_usdc": "0xca71156bFe3bBecb281B78BF8bd9C083D1db222b",
    "address_weth": "0x4F4F6a4f5A28420B57A49Fe5cc935b441BB52456",
    "krs_usdc": 1285.5649501797946,
    "usdc": 708.975307,
    "krs_weth": 4179.904427967277,
    "weth": 0.4527987956954002,
    "value_usd": 3558.54,
    "value_eth": 1.10149,
    "value_pln": 12808.95
  },
  "ETHPLN": 11628.75,
  "ETHUSD": 3230.66
}