{
  "USDC": 0.24085501,
  "WETH": 0.000102008473,
  "WETH_viaUSDC": 0.000102521595,
  "diff_pct": 0.005018,
  "prefer": "viaUSDC",
  "pool": {
    "address_usdc": "0xca71156bFe3bBecb281B78BF8bd9C083D1db222b",
    "address_weth": "0x4F4F6a4f5A28420B57A49Fe5cc935b441BB52456",
    "krs_usdc": 4018.938252890963,
    "usdc": 49.133618,
    "krs_weth": 1446.5311252561085,
    "weth": 0.7005555031478776,
    "value_usd": 3011.34,
    "value_eth": 1.281798,
    "value_pln": 10772.08
  },
  "ETHPLN": 8403.88,
  "ETHUSD": 2349.31
}