{
  "WETH": 0.00010404,
  "USDC": 0.25217273,
  "pool": {
    "krs_usdc": 1534.9943202633515,
    "usdc": 612.929398,
    "krs_weth": 1034.542468243989,
    "weth": 0.050176534050408464,
    "value_usd": 1000.12,
    "value_eth": 0.380484,
    "value_pln": 3738.91
  },
  "ETHPLN": 9826.72,
  "ETHUSD": 2628.55
}