{
  "WETH": 0.000106,
  "USDC": 0.25289158,
  "pool": {
    "krs_usdc": 1388.5025091308555,
    "usdc": 649.752222,
    "krs_weth": 1181.0342793764853,
    "weth": 0.03616192508761334,
    "value_usd": 1001.02,
    "value_eth": 0.374471,
    "value_pln": 3737.56
  },
  "ETHPLN": 9980.91,
  "ETHUSD": 2673.15
}