{
  "USDC": 0.24102596,
  "WETH": 0.000101695414,
  "WETH_viaUSDC": 0.000101421411,
  "diff_pct": 0.002698,
  "prefer": "viaUSDC",
  "pool": {
    "address_usdc": "0xca71156bFe3bBecb281B78BF8bd9C083D1db222b",
    "address_weth": "0x4F4F6a4f5A28420B57A49Fe5cc935b441BB52456",
    "krs_usdc": 3986.54791922906,
    "usdc": 59.284931,
    "krs_weth": 1478.9214589180115,
    "weth": 0.6981803888716318,
    "value_usd": 3035.82,
    "value_eth": 1.277443,
    "value_pln": 10998.97
  },
  "ETHPLN": 8610.15,
  "ETHUSD": 2376.48
}