{
  "USDC": 0.24892225,
  "WETH": 8.4528448e-05,
  "WETH_viaUSDC": 8.4753338e-05,
  "diff_pct": 0.002657,
  "prefer": "viaUSDC",
  "pool": {
    "address_usdc": "0xca71156bFe3bBecb281B78BF8bd9C083D1db222b",
    "address_weth": "0x4F4F6a4f5A28420B57A49Fe5cc935b441BB52456",
    "krs_usdc": 2279.4663757024296,
    "usdc": 464.380859,
    "krs_weth": 3186.003002444642,
    "weth": 0.5351789532233706,
    "value_usd": 3396.69,
    "value_eth": 1.156509,
    "value_pln": 12198.47
  },
  "ETHPLN": 10547.67,
  "ETHUSD": 2937.02
}