{
  "WETH": 0.00010452,
  "USDC": 0.25233959,
  "pool": {
    "krs_usdc": 1499.952402722775,
    "usdc": 621.232957,
    "krs_weth": 1069.5843857845655,
    "weth": 0.046614305640545806,
    "value_usd": 999.84,
    "value_eth": 0.378697,
    "value_pln": 3752.52
  },
  "ETHPLN": 9909.05,
  "ETHUSD": 2640.22
}