{
  "WETH": 0.00010524,
  "USDC": 0.25263793,
  "pool": {
    "krs_usdc": 1442.5852816974996,
    "usdc": 637.385848,
    "krs_weth": 1126.9515068098403,
    "weth": 0.04177926849584096,
    "value_usd": 1001.96,
    "value_eth": 0.377248,
    "value_pln": 3749.82
  },
  "ETHPLN": 9939.94,
  "ETHUSD": 2655.96
}