{
  "USDC": 0.25300573,
  "WETH": 7.5920613e-05,
  "WETH_viaUSDC": 7.5958309e-05,
  "diff_pct": 0.000496,
  "prefer": "viaUSDC",
  "pool": {
    "address_usdc": "0xca71156bFe3bBecb281B78BF8bd9C083D1db222b",
    "address_weth": "0x4F4F6a4f5A28420B57A49Fe5cc935b441BB52456",
    "krs_usdc": 1400.951668886024,
    "usdc": 664.58013,
    "krs_weth": 286.7198916538407,
    "weth": 0.13716351552685885,
    "value_usd": 1548.44,
    "value_eth": 0.464879,
    "value_pln": 5743.43
  },
  "ETHPLN": 12354.67,
  "ETHUSD": 3330.85
}