{
  "USDC": 0.24984105,
  "WETH": 8.2743292e-05,
  "WETH_viaUSDC": 8.2159423e-05,
  "diff_pct": 0.007081,
  "prefer": "viaUSDC",
  "pool": {
    "address_usdc": "0xca71156bFe3bBecb281B78BF8bd9C083D1db222b",
    "address_weth": "0x4F4F6a4f5A28420B57A49Fe5cc935b441BB52456",
    "krs_usdc": 2057.3178560055762,
    "usdc": 503.916689,
    "krs_weth": 3408.0550467998323,
    "weth": 0.5113015664142952,
    "value_usd": 3424.22,
    "value_eth": 1.126045,
    "value_pln": 12535.65
  },
  "ETHPLN": 11132.46,
  "ETHUSD": 3040.93
}