{
  "USDC": 0.24829447,
  "WETH": 8.526727e-05,
  "WETH_viaUSDC": 8.4684334e-05,
  "diff_pct": 0.00686,
  "prefer": "viaUSDC",
  "pool": {
    "address_usdc": "0xca71156bFe3bBecb281B78BF8bd9C083D1db222b",
    "address_weth": "0x4F4F6a4f5A28420B57A49Fe5cc935b441BB52456",
    "krs_usdc": 2387.4222010020485,
    "usdc": 426.206616,
    "krs_weth": 3078.047177145023,
    "weth": 0.5405426733649913,
    "value_usd": 3368.12,
    "value_eth": 1.148746,
    "value_pln": 12319.5
  },
  "ETHPLN": 10724.3,
  "ETHUSD": 2932.0
}