{
  "USDC": 0.24901172,
  "WETH": 5.7177806e-05,
  "WETH_viaUSDC": 5.6607595e-05,
  "diff_pct": 0.010023,
  "prefer": "viaUSDC",
  "pool": {
    "address_usdc": "0xca71156bFe3bBecb281B78BF8bd9C083D1db222b",
    "address_weth": "0x4F4F6a4f5A28420B57A49Fe5cc935b441BB52456",
    "krs_usdc": 2207.2131046747822,
    "usdc": 455.543515,
    "krs_weth": 402.52752408966825,
    "weth": 0.028761178791497772,
    "value_usd": 1231.92,
    "value_eth": 0.280051,
    "value_pln": 4510.83
  },
  "ETHPLN": 16107.2,
  "ETHUSD": 4398.91
}