{
  "USDC": 0.24901428,
  "WETH": 8.4576817e-05,
  "WETH_viaUSDC": 8.5148225e-05,
  "diff_pct": 0.006733,
  "prefer": "viaUSDC",
  "pool": {
    "address_usdc": "0xca71156bFe3bBecb281B78BF8bd9C083D1db222b",
    "address_weth": "0x4F4F6a4f5A28420B57A49Fe5cc935b441BB52456",
    "krs_usdc": 2272.7163108927157,
    "usdc": 472.256142,
    "krs_weth": 3192.7530672543558,
    "weth": 0.536648566450236,
    "value_usd": 3402.65,
    "value_eth": 1.163507,
    "value_pln": 12199.84
  },
  "ETHPLN": 10485.4,
  "ETHUSD": 2924.48
}