{
  "USDC": 0.253127,
  "WETH": 7.5367851e-05,
  "WETH_viaUSDC": 7.6135289e-05,
  "diff_pct": 0.010131,
  "prefer": "viaUSDC",
  "pool": {
    "address_usdc": "0xca71156bFe3bBecb281B78BF8bd9C083D1db222b",
    "address_weth": "0x4F4F6a4f5A28420B57A49Fe5cc935b441BB52456",
    "krs_usdc": 1378.4566306618258,
    "usdc": 671.327348,
    "krs_weth": 309.2149298780391,
    "weth": 0.13577275474983555,
    "value_usd": 1549.93,
    "value_eth": 0.466185,
    "value_pln": 5629.05
  },
  "ETHPLN": 12074.71,
  "ETHUSD": 3324.7
}