{
  "WETH": 9.691e-05,
  "USDC": 0.2496494,
  "pool": {
    "krs_usdc": 2067.145526160797,
    "usdc": 486.503853,
    "krs_weth": 502.3912623465407,
    "weth": 0.10598024059725439,
    "value_usd": 1002.61,
    "value_eth": 0.412621,
    "value_pln": 3672.12
  },
  "ETHPLN": 8899.51,
  "ETHUSD": 2429.87
}