{
  "USDC": 0.25013355,
  "WETH": 8.2659245e-05,
  "WETH_viaUSDC": 8.318403e-05,
  "diff_pct": 0.006329,
  "prefer": "viaUSDC",
  "pool": {
    "address_usdc": "0xca71156bFe3bBecb281B78BF8bd9C083D1db222b",
    "address_weth": "0x4F4F6a4f5A28420B57A49Fe5cc935b441BB52456",
    "krs_usdc": 2020.776308177775,
    "usdc": 524.966545,
    "krs_weth": 3444.6930699692966,
    "weth": 0.512228162158338,
    "value_usd": 3432.33,
    "value_eth": 1.14145,
    "value_pln": 12315.95
  },
  "ETHPLN": 10789.74,
  "ETHUSD": 3006.99
}