{
  "USDC": 0.25137909,
  "WETH": 8.0695997e-05,
  "WETH_viaUSDC": 8.1026255e-05,
  "diff_pct": 0.004084,
  "prefer": "viaUSDC",
  "pool": {
    "address_usdc": "0xca71156bFe3bBecb281B78BF8bd9C083D1db222b",
    "address_weth": "0x4F4F6a4f5A28420B57A49Fe5cc935b441BB52456",
    "krs_usdc": 1740.4234102977575,
    "usdc": 583.042074,
    "krs_weth": 3724.949492507651,
    "weth": 0.485311772246789,
    "value_usd": 3462.57,
    "value_eth": 1.116081,
    "value_pln": 12688.34
  },
  "ETHPLN": 11368.66,
  "ETHUSD": 3102.44
}