{
  "WETH": 9.731e-05,
  "USDC": 0.24979851,
  "pool": {
    "krs_usdc": 2036.2692573603188,
    "usdc": 494.191264,
    "krs_weth": 533.2675311470193,
    "weth": 0.10279120436593903,
    "value_usd": 1002.9,
    "value_eth": 0.414533,
    "value_pln": 3675.72
  },
  "ETHPLN": 8867.14,
  "ETHUSD": 2419.35
}