{
  "USDC": 0.25317516,
  "WETH": 7.5000035e-05,
  "WETH_viaUSDC": 7.4689769e-05,
  "diff_pct": 0.004145,
  "prefer": "viaUSDC",
  "pool": {
    "address_usdc": "0xca71156bFe3bBecb281B78BF8bd9C083D1db222b",
    "address_weth": "0x4F4F6a4f5A28420B57A49Fe5cc935b441BB52456",
    "krs_usdc": 1366.7240703774248,
    "usdc": 673.296576,
    "krs_weth": 320.94749016244,
    "weth": 0.13459678630574684,
    "value_usd": 1556.81,
    "value_eth": 0.459279,
    "value_pln": 5772.47
  },
  "ETHPLN": 12568.54,
  "ETHUSD": 3389.69
}