{
  "WETH": 0.00010861,
  "USDC": 0.25390397,
  "pool": {
    "krs_usdc": 1189.3012585779306,
    "usdc": 703.047174,
    "krs_weth": 1380.2355299294086,
    "weth": 0.01866241459062548,
    "value_usd": 1005.17,
    "value_eth": 0.361196,
    "value_pln": 3741.64
  },
  "ETHPLN": 10359.04,
  "ETHUSD": 2782.88
}