{
  "USDC": 0.25361822,
  "WETH": 6.5312566e-05,
  "WETH_viaUSDC": 6.5108276e-05,
  "diff_pct": 0.003133,
  "prefer": "viaUSDC",
  "pool": {
    "address_usdc": "0xca71156bFe3bBecb281B78BF8bd9C083D1db222b",
    "address_weth": "0x4F4F6a4f5A28420B57A49Fe5cc935b441BB52456",
    "krs_usdc": 1273.2029205908882,
    "usdc": 695.016581,
    "krs_weth": 719.2286399489766,
    "weth": 0.10624500480898934,
    "value_usd": 1614.19,
    "value_eth": 0.414392,
    "value_pln": 5885.15
  },
  "ETHPLN": 14201.89,
  "ETHUSD": 3895.33
}