{
  "WETH": 0.00010106,
  "USDC": 0.25115015,
  "pool": {
    "krs_usdc": 1752.3583628951328,
    "usdc": 562.446587,
    "krs_weth": 817.1784256122061,
    "weth": 0.07300462558771381,
    "value_usd": 1002.63,
    "value_eth": 0.395097,
    "value_pln": 3707.21
  },
  "ETHPLN": 9383.04,
  "ETHUSD": 2537.69
}