{
  "WETH": 0.00010081,
  "USDC": 0.25105856,
  "pool": {
    "krs_usdc": 1771.3483736030216,
    "usdc": 557.783306,
    "krs_weth": 798.1884149043171,
    "weth": 0.0749276048808651,
    "value_usd": 1002.58,
    "value_eth": 0.393457,
    "value_pln": 3706.8
  },
  "ETHPLN": 9421.11,
  "ETHUSD": 2548.12
}