{
  "USDC": 0.25380395,
  "WETH": 6.4544329e-05,
  "WETH_viaUSDC": 6.5173189e-05,
  "diff_pct": 0.009696,
  "prefer": "viaUSDC",
  "pool": {
    "address_usdc": "0xca71156bFe3bBecb281B78BF8bd9C083D1db222b",
    "address_weth": "0x4F4F6a4f5A28420B57A49Fe5cc935b441BB52456",
    "krs_usdc": 1236.6152076539245,
    "usdc": 704.761484,
    "krs_weth": 755.8163528859403,
    "weth": 0.1039878951506208,
    "value_usd": 1615.41,
    "value_eth": 0.414814,
    "value_pln": 5901.82
  },
  "ETHPLN": 14227.65,
  "ETHUSD": 3894.3
}