{
  "WETH": 0.00010779,
  "USDC": 0.25360738,
  "pool": {
    "krs_usdc": 1249.3924150920134,
    "usdc": 687.912901,
    "krs_weth": 1320.1443734153258,
    "weth": 0.024257956755017056,
    "value_usd": 1004.91,
    "value_eth": 0.366371,
    "value_pln": 3745.01
  },
  "ETHPLN": 10221.91,
  "ETHUSD": 2742.88
}