{
  "USDC": 0.25102627,
  "WETH": 5.8066081e-05,
  "WETH_viaUSDC": 5.8361236e-05,
  "diff_pct": 0.00507,
  "prefer": "viaUSDC",
  "pool": {
    "address_usdc": "0xca71156bFe3bBecb281B78BF8bd9C083D1db222b",
    "address_weth": "0x4F4F6a4f5A28420B57A49Fe5cc935b441BB52456",
    "krs_usdc": 1792.992716344116,
    "usdc": 559.888588,
    "krs_weth": 556.4461190921979,
    "weth": 0.043057991487642486,
    "value_usd": 1334.86,
    "value_eth": 0.310343,
    "value_pln": 4855.46
  },
  "ETHPLN": 15645.47,
  "ETHUSD": 4301.25
}