{
  "USDC": 0.253865,
  "WETH": 7.1456557e-05,
  "WETH_viaUSDC": 7.1671367e-05,
  "diff_pct": 0.003002,
  "prefer": "viaUSDC",
  "pool": {
    "address_usdc": "0xca71156bFe3bBecb281B78BF8bd9C083D1db222b",
    "address_weth": "0x4F4F6a4f5A28420B57A49Fe5cc935b441BB52456",
    "krs_usdc": 1228.2879549208858,
    "usdc": 708.899252,
    "krs_weth": 459.3836056189789,
    "weth": 0.12460964243601738,
    "value_usd": 1578.72,
    "value_eth": 0.445704,
    "value_pln": 5779.89
  },
  "ETHPLN": 12967.98,
  "ETHUSD": 3542.07
}