{
  "WETH": 0.00010707,
  "USDC": 0.25333844,
  "pool": {
    "krs_usdc": 1303.3709983637839,
    "usdc": 674.029634,
    "krs_weth": 1266.1657901435551,
    "weth": 0.029208873387851112,
    "value_usd": 1004.36,
    "value_eth": 0.369727,
    "value_pln": 3744.29
  },
  "ETHPLN": 10127.19,
  "ETHUSD": 2716.49
}