{
  "USDC": 0.25131277,
  "WETH": 5.6532292e-05,
  "WETH_viaUSDC": 5.6285054e-05,
  "diff_pct": 0.004383,
  "prefer": "viaUSDC",
  "pool": {
    "address_usdc": "0xca71156bFe3bBecb281B78BF8bd9C083D1db222b",
    "address_weth": "0x4F4F6a4f5A28420B57A49Fe5cc935b441BB52456",
    "krs_usdc": 1733.630083197567,
    "usdc": 574.478154,
    "krs_weth": 415.80875223874676,
    "weth": 0.028032702393751815,
    "value_usd": 1239.83,
    "value_eth": 0.277677,
    "value_pln": 4522.87
  },
  "ETHPLN": 16288.26,
  "ETHUSD": 4465.0
}