{
  "USDC": 0.25344836,
  "WETH": 6.6083176e-05,
  "WETH_viaUSDC": 6.6713615e-05,
  "diff_pct": 0.009495,
  "prefer": "viaUSDC",
  "pool": {
    "address_usdc": "0xca71156bFe3bBecb281B78BF8bd9C083D1db222b",
    "address_weth": "0x4F4F6a4f5A28420B57A49Fe5cc935b441BB52456",
    "krs_usdc": 1307.9484922501256,
    "usdc": 686.417792,
    "krs_weth": 684.4830682897392,
    "weth": 0.10858156755474867,
    "value_usd": 1603.9,
    "value_eth": 0.422185,
    "value_pln": 5849.01
  },
  "ETHPLN": 13854.12,
  "ETHUSD": 3799.05
}