{
  "USDC": 0.24886633,
  "WETH": 8.4603565e-05,
  "WETH_viaUSDC": 8.4268059e-05,
  "diff_pct": 0.003974,
  "prefer": "viaUSDC",
  "pool": {
    "address_usdc": "0xca71156bFe3bBecb281B78BF8bd9C083D1db222b",
    "address_weth": "0x4F4F6a4f5A28420B57A49Fe5cc935b441BB52456",
    "krs_usdc": 2289.634929254114,
    "usdc": 461.127197,
    "krs_weth": 3175.8344488929574,
    "weth": 0.5357940730460465,
    "value_usd": 3403.64,
    "value_eth": 1.1525,
    "value_pln": 12182.88
  },
  "ETHPLN": 10570.83,
  "ETHUSD": 2953.27
}