{
  "USDC": 0.25411741,
  "WETH": 5.6306734e-05,
  "WETH_viaUSDC": 5.6290281e-05,
  "diff_pct": 0.000292,
  "prefer": "viaUSDC",
  "pool": {
    "address_usdc": "0xca71156bFe3bBecb281B78BF8bd9C083D1db222b",
    "address_weth": "0x4F4F6a4f5A28420B57A49Fe5cc935b441BB52456",
    "krs_usdc": 1168.3382581986234,
    "usdc": 719.521918,
    "krs_weth": 1178.6005772376905,
    "weth": 0.07793664018820104,
    "value_usd": 1667.76,
    "value_eth": 0.36943,
    "value_pln": 6109.17
  },
  "ETHPLN": 16536.74,
  "ETHUSD": 4514.41
}