{
  "USDC": 0.2532502,
  "WETH": 7.4624981e-05,
  "WETH_viaUSDC": 7.3933028e-05,
  "diff_pct": 0.009316,
  "prefer": "viaUSDC",
  "pool": {
    "address_usdc": "0xca71156bFe3bBecb281B78BF8bd9C083D1db222b",
    "address_weth": "0x4F4F6a4f5A28420B57A49Fe5cc935b441BB52456",
    "krs_usdc": 1352.0861236455598,
    "usdc": 677.284522,
    "krs_weth": 335.58543689430485,
    "weth": 0.13358529720006354,
    "value_usd": 1562.27,
    "value_eth": 0.456084,
    "value_pln": 5725.99
  },
  "ETHPLN": 12554.67,
  "ETHUSD": 3425.4
}