{
  "USDC": 0.25295284,
  "WETH": 7.6233188e-05,
  "WETH_viaUSDC": 7.6467002e-05,
  "diff_pct": 0.003062,
  "prefer": "viaUSDC",
  "pool": {
    "address_usdc": "0xca71156bFe3bBecb281B78BF8bd9C083D1db222b",
    "address_weth": "0x4F4F6a4f5A28420B57A49Fe5cc935b441BB52456",
    "krs_usdc": 1412.0366377114462,
    "usdc": 661.958029,
    "krs_weth": 275.63492282841855,
    "weth": 0.1380612111101054,
    "value_usd": 1545.57,
    "value_eth": 0.467221,
    "value_pln": 5689.68
  },
  "ETHPLN": 12177.72,
  "ETHUSD": 3308.0
}