{
  "USDC": 0.25411794,
  "WETH": 7.0112472e-05,
  "WETH_viaUSDC": 7.0059369e-05,
  "diff_pct": 0.000758,
  "prefer": "viaUSDC",
  "pool": {
    "address_usdc": "0xca71156bFe3bBecb281B78BF8bd9C083D1db222b",
    "address_weth": "0x4F4F6a4f5A28420B57A49Fe5cc935b441BB52456",
    "krs_usdc": 1175.3766741157701,
    "usdc": 721.361329,
    "krs_weth": 512.2948864240948,
    "weth": 0.12058358714673004,
    "value_usd": 1587.61,
    "value_eth": 0.437697,
    "value_pln": 5867.14
  },
  "ETHPLN": 13404.56,
  "ETHUSD": 3627.18
}