{
  "WETH": 0.00010813,
  "USDC": 0.25374265,
  "pool": {
    "krs_usdc": 1223.0705724779375,
    "usdc": 695.095219,
    "krs_weth": 1346.4662160294017,
    "weth": 0.022002775247345247,
    "value_usd": 1005.59,
    "value_eth": 0.36424,
    "value_pln": 3705.33
  },
  "ETHPLN": 10172.78,
  "ETHUSD": 2760.78
}