{
  "WETH": 0.00011098,
  "USDC": 0.2549178,
  "pool": {
    "krs_usdc": 999.9298491173865,
    "usdc": 758.542264,
    "krs_weth": 1568.611632340193,
    "weth": 0.004262994950796552,
    "value_usd": 1013.62,
    "value_eth": 0.343031,
    "value_pln": 3688.8
  },
  "ETHPLN": 10753.55,
  "ETHUSD": 2954.88
}