{
  "USDC": 0.25293481,
  "WETH": 7.6336163e-05,
  "WETH_viaUSDC": 7.6763687e-05,
  "diff_pct": 0.005585,
  "prefer": "viaUSDC",
  "pool": {
    "address_usdc": "0xca71156bFe3bBecb281B78BF8bd9C083D1db222b",
    "address_weth": "0x4F4F6a4f5A28420B57A49Fe5cc935b441BB52456",
    "krs_usdc": 1415.7424694494562,
    "usdc": 661.045529,
    "krs_weth": 271.9290910904086,
    "weth": 0.13835139957441817,
    "value_usd": 1543.78,
    "value_eth": 0.468525,
    "value_pln": 5679.42
  },
  "ETHPLN": 12121.91,
  "ETHUSD": 3294.98
}