{
  "USDC": 0.25476023,
  "WETH": 6.0638792e-05,
  "WETH_viaUSDC": 6.0226009e-05,
  "diff_pct": 0.006831,
  "prefer": "viaUSDC",
  "pool": {
    "address_usdc": "0xca71156bFe3bBecb281B78BF8bd9C083D1db222b",
    "address_weth": "0x4F4F6a4f5A28420B57A49Fe5cc935b441BB52456",
    "krs_usdc": 1044.53504810365,
    "usdc": 753.778661,
    "krs_weth": 947.8965124362147,
    "weth": 0.0920141536751105,
    "value_usd": 1650.6,
    "value_eth": 0.390206,
    "value_pln": 6031.71
  },
  "ETHPLN": 15457.76,
  "ETHUSD": 4230.07
}