{
  "USDC": 0.25128257,
  "WETH": 8.111985e-05,
  "WETH_viaUSDC": 8.0873665e-05,
  "diff_pct": 0.003039,
  "prefer": "viaUSDC",
  "pool": {
    "address_usdc": "0xca71156bFe3bBecb281B78BF8bd9C083D1db222b",
    "address_weth": "0x4F4F6a4f5A28420B57A49Fe5cc935b441BB52456",
    "krs_usdc": 1783.7111236374897,
    "usdc": 583.950037,
    "krs_weth": 3681.758254509582,
    "weth": 0.49266944472770546,
    "value_usd": 3488.1,
    "value_eth": 1.122623,
    "value_pln": 12535.14
  },
  "ETHPLN": 11165.94,
  "ETHUSD": 3107.1
}