{
  "USDC": 0.25484568,
  "WETH": 7.6663511e-05,
  "WETH_viaUSDC": 7.6820677e-05,
  "diff_pct": 0.002048,
  "prefer": "viaUSDC",
  "pool": {
    "address_usdc": "0xca71156bFe3bBecb281B78BF8bd9C083D1db222b",
    "address_weth": "0x4F4F6a4f5A28420B57A49Fe5cc935b441BB52456",
    "krs_usdc": 1058.209640034955,
    "usdc": 765.858894,
    "krs_weth": 4407.259738112117,
    "weth": 0.4349327344886743,
    "value_usd": 3601.56,
    "value_eth": 1.085654,
    "value_pln": 13096.63
  },
  "ETHPLN": 12063.35,
  "ETHUSD": 3317.41
}