{
  "USDC": 0.24867189,
  "WETH": 8.4949794e-05,
  "WETH_viaUSDC": 8.4458747e-05,
  "diff_pct": 0.005797,
  "prefer": "viaUSDC",
  "pool": {
    "address_usdc": "0xca71156bFe3bBecb281B78BF8bd9C083D1db222b",
    "address_weth": "0x4F4F6a4f5A28420B57A49Fe5cc935b441BB52456",
    "krs_usdc": 2329.8667992376736,
    "usdc": 451.018666,
    "krs_weth": 3135.602578909398,
    "weth": 0.5391707768473002,
    "value_usd": 3397.61,
    "value_eth": 1.153961,
    "value_pln": 12173.47
  },
  "ETHPLN": 10549.29,
  "ETHUSD": 2944.3
}