{
  "USDC": 0.25104729,
  "WETH": 8.1129319e-05,
  "WETH_viaUSDC": 8.1544867e-05,
  "diff_pct": 0.005109,
  "prefer": "viaUSDC",
  "pool": {
    "address_usdc": "0xca71156bFe3bBecb281B78BF8bd9C083D1db222b",
    "address_weth": "0x4F4F6a4f5A28420B57A49Fe5cc935b441BB52456",
    "krs_usdc": 1808.5181947215665,
    "usdc": 565.98709,
    "krs_weth": 3656.854708083842,
    "weth": 0.4908380613909869,
    "value_usd": 3449.17,
    "value_eth": 1.120354,
    "value_pln": 12621.21
  },
  "ETHPLN": 11265.37,
  "ETHUSD": 3078.64
}