{
  "USDC": 0.24055563,
  "WETH": 0.000102798043,
  "WETH_viaUSDC": 0.000102516347,
  "diff_pct": 0.002744,
  "prefer": "viaUSDC",
  "pool": {
    "address_usdc": "0xca71156bFe3bBecb281B78BF8bd9C083D1db222b",
    "address_weth": "0x4F4F6a4f5A28420B57A49Fe5cc935b441BB52456",
    "krs_usdc": 4086.0246529794535,
    "usdc": 33.77792,
    "krs_weth": 1379.4447251676181,
    "weth": 0.7077441361235305,
    "value_usd": 3009.26,
    "value_eth": 1.282439,
    "value_pln": 10828.4
  },
  "ETHPLN": 8443.6,
  "ETHUSD": 2346.51
}