{
  "USDC": 0.25001221,
  "WETH": 8.2512236e-05,
  "WETH_viaUSDC": 8.1960467e-05,
  "diff_pct": 0.00671,
  "prefer": "viaUSDC",
  "pool": {
    "address_usdc": "0xca71156bFe3bBecb281B78BF8bd9C083D1db222b",
    "address_weth": "0x4F4F6a4f5A28420B57A49Fe5cc935b441BB52456",
    "krs_usdc": 2022.0271087943297,
    "usdc": 512.763326,
    "krs_weth": 3443.345794011079,
    "weth": 0.5083943217133019,
    "value_usd": 3429.98,
    "value_eth": 1.124436,
    "value_pln": 12556.88
  },
  "ETHPLN": 11167.27,
  "ETHUSD": 3050.4
}