{
  "WETH": 0.00010113,
  "USDC": 0.25106991,
  "pool": {
    "krs_usdc": 1758.4272976465622,
    "usdc": 555.698057,
    "krs_weth": 812.150715324157,
    "weth": 0.07147110901124755,
    "value_usd": 997.27,
    "value_eth": 0.390726,
    "value_pln": 3713.57
  },
  "ETHPLN": 9504.28,
  "ETHUSD": 2552.35
}