{
  "WETH": 0.00010243,
  "USDC": 0.25160347,
  "pool": {
    "krs_usdc": 1653.8965663886802,
    "usdc": 584.349032,
    "krs_weth": 915.6402221186594,
    "weth": 0.06222336586863544,
    "value_usd": 1000.57,
    "value_eth": 0.389917,
    "value_pln": 3744.95
  },
  "ETHPLN": 9604.49,
  "ETHUSD": 2566.11
}