{
  "USDC": 0.25379411,
  "WETH": 5.7432139e-05,
  "WETH_viaUSDC": 5.6865749e-05,
  "diff_pct": 0.009911,
  "prefer": "viaUSDC",
  "pool": {
    "address_usdc": "0xca71156bFe3bBecb281B78BF8bd9C083D1db222b",
    "address_weth": "0x4F4F6a4f5A28420B57A49Fe5cc935b441BB52456",
    "krs_usdc": 1232.8079123013158,
    "usdc": 702.788978,
    "krs_weth": 1114.130923134998,
    "weth": 0.08152297102580083,
    "value_usd": 1662.27,
    "value_eth": 0.372452,
    "value_pln": 6039.28
  },
  "ETHPLN": 16214.91,
  "ETHUSD": 4463.04
}