{
  "USDC": 0.25137824,
  "WETH": 5.5905401e-05,
  "WETH_viaUSDC": 5.5922352e-05,
  "diff_pct": 0.000303,
  "prefer": "viaUSDC",
  "pool": {
    "address_usdc": "0xca71156bFe3bBecb281B78BF8bd9C083D1db222b",
    "address_weth": "0x4F4F6a4f5A28420B57A49Fe5cc935b441BB52456",
    "krs_usdc": 1720.4833059628636,
    "usdc": 577.912872,
    "krs_weth": 428.95552947345027,
    "weth": 0.027323110728316717,
    "value_usd": 1241.06,
    "value_eth": 0.276089,
    "value_pln": 4501.57
  },
  "ETHPLN": 16304.79,
  "ETHUSD": 4495.13
}