{
  "USDC": 0.25162764,
  "WETH": 8.0340219e-05,
  "WETH_viaUSDC": 7.8859372e-05,
  "diff_pct": 0.018604,
  "prefer": "viaUSDC",
  "pool": {
    "address_usdc": "0xca71156bFe3bBecb281B78BF8bd9C083D1db222b",
    "address_weth": "0x4F4F6a4f5A28420B57A49Fe5cc935b441BB52456",
    "krs_usdc": 1686.799159055762,
    "usdc": 595.132323,
    "krs_weth": 3778.573743749647,
    "weth": 0.4805431829166856,
    "value_usd": 3503.71,
    "value_eth": 1.098052,
    "value_pln": 12771.42
  },
  "ETHPLN": 11630.98,
  "ETHUSD": 3190.84
}