{
  "WETH": 0.00010091,
  "USDC": 0.25109183,
  "pool": {
    "krs_usdc": 1764.1098710131992,
    "usdc": 559.39135,
    "krs_weth": 805.4269174941397,
    "weth": 0.0741273115885232,
    "value_usd": 1002.43,
    "value_eth": 0.395196,
    "value_pln": 3711.59
  },
  "ETHPLN": 9391.77,
  "ETHUSD": 2536.53
}