{
  "USDC": 0.25389158,
  "WETH": 5.7082544e-05,
  "WETH_viaUSDC": 5.652788e-05,
  "diff_pct": 0.009764,
  "prefer": "viaUSDC",
  "pool": {
    "address_usdc": "0xca71156bFe3bBecb281B78BF8bd9C083D1db222b",
    "address_weth": "0x4F4F6a4f5A28420B57A49Fe5cc935b441BB52456",
    "krs_usdc": 1213.173925590167,
    "usdc": 707.787922,
    "krs_weth": 1133.7649098461466,
    "weth": 0.08040215893336305,
    "value_usd": 1664.78,
    "value_eth": 0.370656,
    "value_pln": 6051.41
  },
  "ETHPLN": 16326.24,
  "ETHUSD": 4491.44
}