{
  "USDC": 0.25452415,
  "WETH": 7.7275419e-05,
  "WETH_viaUSDC": 7.6591693e-05,
  "diff_pct": 0.008887,
  "prefer": "viaUSDC",
  "pool": {
    "address_usdc": "0xca71156bFe3bBecb281B78BF8bd9C083D1db222b",
    "address_weth": "0x4F4F6a4f5A28420B57A49Fe5cc935b441BB52456",
    "krs_usdc": 1142.3809915716367,
    "usdc": 754.353415,
    "krs_weth": 4323.088386575435,
    "weth": 0.44451792513613164,
    "value_usd": 3622.64,
    "value_eth": 1.090128,
    "value_pln": 13175.63
  },
  "ETHPLN": 12086.31,
  "ETHUSD": 3323.13
}