{
  "WETH": 0.00010872,
  "USDC": 0.25408837,
  "pool": {
    "krs_usdc": 1166.2352343849093,
    "usdc": 716.026087,
    "krs_weth": 1402.3062470726702,
    "weth": 0.019335334171126897,
    "value_usd": 1012.51,
    "value_eth": 0.364361,
    "value_pln": 3661.89
  },
  "ETHPLN": 10050.17,
  "ETHUSD": 2778.85
}