{
  "USDC": 0.25119542,
  "WETH": 5.7747518e-05,
  "WETH_viaUSDC": 5.7755899e-05,
  "diff_pct": 0.000145,
  "prefer": "viaUSDC",
  "pool": {
    "address_usdc": "0xca71156bFe3bBecb281B78BF8bd9C083D1db222b",
    "address_weth": "0x4F4F6a4f5A28420B57A49Fe5cc935b441BB52456",
    "krs_usdc": 1757.8412865456949,
    "usdc": 568.480781,
    "krs_weth": 391.59754889061884,
    "weth": 0.02943566632101573,
    "value_usd": 1236.43,
    "value_eth": 0.284286,
    "value_pln": 4470.89
  },
  "ETHPLN": 15726.74,
  "ETHUSD": 4349.26
}