{
  "USDC": 0.25155466,
  "WETH": 5.4215398e-05,
  "WETH_viaUSDC": 5.4730532e-05,
  "diff_pct": 0.009457,
  "prefer": "viaUSDC",
  "pool": {
    "address_usdc": "0xca71156bFe3bBecb281B78BF8bd9C083D1db222b",
    "address_weth": "0x4F4F6a4f5A28420B57A49Fe5cc935b441BB52456",
    "krs_usdc": 1684.5098292056696,
    "usdc": 587.021404,
    "krs_weth": 464.9290062306443,
    "weth": 0.025356176911895775,
    "value_usd": 1244.27,
    "value_eth": 0.270714,
    "value_pln": 4509.16
  },
  "ETHPLN": 16656.55,
  "ETHUSD": 4596.24
}