{
  "USDC": 0.25131277,
  "WETH": 5.6532292e-05,
  "WETH_viaUSDC": 5.6292997e-05,
  "diff_pct": 0.004242,
  "prefer": "viaUSDC",
  "pool": {
    "address_usdc": "0xca71156bFe3bBecb281B78BF8bd9C083D1db222b",
    "address_weth": "0x4F4F6a4f5A28420B57A49Fe5cc935b441BB52456",
    "krs_usdc": 1733.630083197567,
    "usdc": 574.478154,
    "krs_weth": 415.80875223874676,
    "weth": 0.028032702393751815,
    "value_usd": 1239.81,
    "value_eth": 0.277712,
    "value_pln": 4525.94
  },
  "ETHPLN": 16297.27,
  "ETHUSD": 4464.37
}