{
  "USDC": 0.25359771,
  "WETH": 6.5496313e-05,
  "WETH_viaUSDC": 6.496026e-05,
  "diff_pct": 0.008218,
  "prefer": "viaUSDC",
  "pool": {
    "address_usdc": "0xca71156bFe3bBecb281B78BF8bd9C083D1db222b",
    "address_weth": "0x4F4F6a4f5A28420B57A49Fe5cc935b441BB52456",
    "krs_usdc": 1279.494766975341,
    "usdc": 694.511083,
    "krs_weth": 712.9367935645238,
    "weth": 0.10693530250126945,
    "value_usd": 1617.25,
    "value_eth": 0.414266,
    "value_pln": 5962.4
  },
  "ETHPLN": 14392.67,
  "ETHUSD": 3903.89
}