{
  "WETH": 0.00010126,
  "USDC": 0.25132274,
  "pool": {
    "krs_usdc": 1726.801297780753,
    "usdc": 573.784273,
    "krs_weth": 841.7401836768265,
    "weth": 0.07254189078939108,
    "value_usd": 1007.85,
    "value_eth": 0.395637,
    "value_pln": 3632.0
  },
  "ETHPLN": 9180.12,
  "ETHUSD": 2547.42
}