{
  "WETH": 0.00010148,
  "USDC": 0.25123714,
  "pool": {
    "krs_usdc": 1727.3993213027925,
    "usdc": 565.127497,
    "krs_weth": 842.1374672045473,
    "weth": 0.06914627453692893,
    "value_usd": 999.2,
    "value_eth": 0.39349,
    "value_pln": 3717.0
  },
  "ETHPLN": 9446.25,
  "ETHUSD": 2539.33
}