{
  "USDC": 0.25126078,
  "WETH": 5.7066281e-05,
  "WETH_viaUSDC": 5.6262071e-05,
  "diff_pct": 0.014193,
  "prefer": "viaUSDC",
  "pool": {
    "address_usdc": "0xca71156bFe3bBecb281B78BF8bd9C083D1db222b",
    "address_weth": "0x4F4F6a4f5A28420B57A49Fe5cc935b441BB52456",
    "krs_usdc": 1744.3588447785844,
    "usdc": 571.822831,
    "krs_weth": 405.0799906577294,
    "weth": 0.028651333646327534,
    "value_usd": 1239.85,
    "value_eth": 0.277625,
    "value_pln": 4485.2
  },
  "ETHPLN": 16155.6,
  "ETHUSD": 4465.9
}