{
  "USDC": 0.25333068,
  "WETH": 7.4172662e-05,
  "WETH_viaUSDC": 7.4741823e-05,
  "diff_pct": 0.007644,
  "prefer": "viaUSDC",
  "pool": {
    "address_usdc": "0xca71156bFe3bBecb281B78BF8bd9C083D1db222b",
    "address_weth": "0x4F4F6a4f5A28420B57A49Fe5cc935b441BB52456",
    "krs_usdc": 1335.378266001562,
    "usdc": 681.305241,
    "krs_weth": 352.2932945383027,
    "weth": 0.1322794731079684,
    "value_usd": 1557.19,
    "value_eth": 0.459429,
    "value_pln": 5750.1
  },
  "ETHPLN": 12515.76,
  "ETHUSD": 3389.41
}