{
  "WETH": 9.684e-05,
  "USDC": 0.24951692,
  "pool": {
    "krs_usdc": 2083.7926152560954,
    "usdc": 476.958272,
    "krs_weth": 485.74417325124386,
    "weth": 0.10551767692837029,
    "value_usd": 996.95,
    "value_eth": 0.411458,
    "value_pln": 3732.73
  },
  "ETHPLN": 9071.96,
  "ETHUSD": 2422.96
}