{
  "USDC": 0.25414033,
  "WETH": 6.3035711e-05,
  "WETH_viaUSDC": 6.3808341e-05,
  "diff_pct": 0.012182,
  "prefer": "viaUSDC",
  "pool": {
    "address_usdc": "0xca71156bFe3bBecb281B78BF8bd9C083D1db222b",
    "address_weth": "0x4F4F6a4f5A28420B57A49Fe5cc935b441BB52456",
    "krs_usdc": 1166.7359803324377,
    "usdc": 721.458253,
    "krs_weth": 825.6955802074269,
    "weth": 0.09926445049968925,
    "value_usd": 1623.17,
    "value_eth": 0.407538,
    "value_pln": 5935.63
  },
  "ETHPLN": 14564.59,
  "ETHUSD": 3982.87
}