{
  "USDC": 0.25521046,
  "WETH": 7.6246438e-05,
  "WETH_viaUSDC": 7.669828e-05,
  "diff_pct": 0.005909,
  "prefer": "viaUSDC",
  "pool": {
    "address_usdc": "0xca71156bFe3bBecb281B78BF8bd9C083D1db222b",
    "address_weth": "0x4F4F6a4f5A28420B57A49Fe5cc935b441BB52456",
    "krs_usdc": 985.9387912305866,
    "usdc": 784.702279,
    "krs_weth": 4479.530586916485,
    "weth": 0.42953032200657204,
    "value_usd": 3608.79,
    "value_eth": 1.084549,
    "value_pln": 13014.24
  },
  "ETHPLN": 11999.68,
  "ETHUSD": 3327.46
}