{
  "WETH": 0.00010748,
  "USDC": 0.25343479,
  "pool": {
    "krs_usdc": 1278.306152144467,
    "usdc": 677.566172,
    "krs_weth": 1291.2306363628738,
    "weth": 0.025806697054047333,
    "value_usd": 1001.67,
    "value_eth": 0.369253,
    "value_pln": 3748.98
  },
  "ETHPLN": 10152.87,
  "ETHUSD": 2712.7
}