{
  "USDC": 0.25372486,
  "WETH": 7.8024397e-05,
  "WETH_viaUSDC": 7.7961959e-05,
  "diff_pct": 0.000801,
  "prefer": "viaUSDC",
  "pool": {
    "address_usdc": "0xca71156bFe3bBecb281B78BF8bd9C083D1db222b",
    "address_weth": "0x4F4F6a4f5A28420B57A49Fe5cc935b441BB52456",
    "krs_usdc": 1285.5649501797946,
    "usdc": 708.975307,
    "krs_weth": 4179.904427967277,
    "weth": 0.4527987956954002,
    "value_usd": 3569.32,
    "value_eth": 1.096744,
    "value_pln": 12845.14
  },
  "ETHPLN": 11712.07,
  "ETHUSD": 3254.47
}