{
  "USDC": 0.25126395,
  "WETH": 5.7027425e-05,
  "WETH_viaUSDC": 5.7380479e-05,
  "diff_pct": 0.006172,
  "prefer": "viaUSDC",
  "pool": {
    "address_usdc": "0xca71156bFe3bBecb281B78BF8bd9C083D1db222b",
    "address_weth": "0x4F4F6a4f5A28420B57A49Fe5cc935b441BB52456",
    "krs_usdc": 1743.6433236488767,
    "usdc": 571.969492,
    "krs_weth": 405.7955117874371,
    "weth": 0.028602958132948098,
    "value_usd": 1237.3,
    "value_eth": 0.282558,
    "value_pln": 4522.89
  },
  "ETHPLN": 16006.96,
  "ETHUSD": 4378.91
}