{
  "USDC": 0.2539079,
  "WETH": 6.4014732e-05,
  "WETH_viaUSDC": 6.4074146e-05,
  "diff_pct": 0.000928,
  "prefer": "viaUSDC",
  "pool": {
    "address_usdc": "0xca71156bFe3bBecb281B78BF8bd9C083D1db222b",
    "address_weth": "0x4F4F6a4f5A28420B57A49Fe5cc935b441BB52456",
    "krs_usdc": 1213.6466374708384,
    "usdc": 709.577567,
    "krs_weth": 778.7849230690264,
    "weth": 0.10225333856851376,
    "value_usd": 1620.67,
    "value_eth": 0.40898,
    "value_pln": 5916.44
  },
  "ETHPLN": 14466.33,
  "ETHUSD": 3962.72
}