{
  "USDC": 0.25066608,
  "WETH": 8.1857142e-05,
  "WETH_viaUSDC": 8.1543944e-05,
  "diff_pct": 0.003833,
  "prefer": "viaUSDC",
  "pool": {
    "address_usdc": "0xca71156bFe3bBecb281B78BF8bd9C083D1db222b",
    "address_weth": "0x4F4F6a4f5A28420B57A49Fe5cc935b441BB52456",
    "krs_usdc": 1904.3704206834655,
    "usdc": 550.719006,
    "krs_weth": 3561.098957463606,
    "weth": 0.5015638752046986,
    "value_usd": 3462.53,
    "value_eth": 1.126394,
    "value_pln": 12581.45
  },
  "ETHPLN": 11169.67,
  "ETHUSD": 3074.0
}