{
  "USDC": 0.25144697,
  "WETH": 6.7117554e-05,
  "WETH_viaUSDC": 6.7213299e-05,
  "diff_pct": 0.001426,
  "prefer": "viaUSDC",
  "pool": {
    "address_usdc": "0xca71156bFe3bBecb281B78BF8bd9C083D1db222b",
    "address_weth": "0x4F4F6a4f5A28420B57A49Fe5cc935b441BB52456",
    "krs_usdc": 1711.615873286187,
    "usdc": 582.76536,
    "krs_weth": 635.3229621501267,
    "weth": 0.11147526850641508,
    "value_usd": 1589.93,
    "value_eth": 0.424997,
    "value_pln": 5826.8
  },
  "ETHPLN": 13710.2,
  "ETHUSD": 3741.03
}