{
  "USDC": 0.25355775,
  "WETH": 7.3038809e-05,
  "WETH_viaUSDC": 7.2685973e-05,
  "diff_pct": 0.004842,
  "prefer": "viaUSDC",
  "pool": {
    "address_usdc": "0xca71156bFe3bBecb281B78BF8bd9C083D1db222b",
    "address_weth": "0x4F4F6a4f5A28420B57A49Fe5cc935b441BB52456",
    "krs_usdc": 1290.6069455478346,
    "usdc": 693.233127,
    "krs_weth": 397.06461499203016,
    "weth": 0.1291530099394356,
    "value_usd": 1571.69,
    "value_eth": 0.450548,
    "value_pln": 5747.32
  },
  "ETHPLN": 12756.29,
  "ETHUSD": 3488.4
}