{
  "USDC": 0.25231211,
  "WETH": 7.9685734e-05,
  "WETH_viaUSDC": 7.924699e-05,
  "diff_pct": 0.005521,
  "prefer": "viaUSDC",
  "pool": {
    "address_usdc": "0xca71156bFe3bBecb281B78BF8bd9C083D1db222b",
    "address_weth": "0x4F4F6a4f5A28420B57A49Fe5cc935b441BB52456",
    "krs_usdc": 1564.6589144771092,
    "usdc": 634.663938,
    "krs_weth": 3900.8104636699622,
    "weth": 0.4736465449293745,
    "value_usd": 3521.7,
    "value_eth": 1.106106,
    "value_pln": 12744.97
  },
  "ETHPLN": 11522.38,
  "ETHUSD": 3183.87
}