{
  "USDC": 0.24039999,
  "WETH": 0.000103147075,
  "WETH_viaUSDC": 0.000104534005,
  "diff_pct": 0.013356,
  "prefer": "viaUSDC",
  "pool": {
    "address_usdc": "0xca71156bFe3bBecb281B78BF8bd9C083D1db222b",
    "address_weth": "0x4F4F6a4f5A28420B57A49Fe5cc935b441BB52456",
    "krs_usdc": 4118.124739368893,
    "usdc": 25.133986,
    "krs_weth": 1347.3446387781787,
    "weth": 0.7106733197682762,
    "value_usd": 2973.39,
    "value_eth": 1.29293,
    "value_pln": 10579.77
  },
  "ETHPLN": 8182.79,
  "ETHUSD": 2299.73
}