{
  "USDC": 0.24987499,
  "WETH": 8.3314157e-05,
  "WETH_viaUSDC": 8.3384497e-05,
  "diff_pct": 0.000844,
  "prefer": "viaUSDC",
  "pool": {
    "address_usdc": "0xca71156bFe3bBecb281B78BF8bd9C083D1db222b",
    "address_weth": "0x4F4F6a4f5A28420B57A49Fe5cc935b441BB52456",
    "krs_usdc": 2097.076679120713,
    "usdc": 517.370572,
    "krs_weth": 3368.3926990263585,
    "weth": 0.5223526711606816,
    "value_usd": 3448.37,
    "value_eth": 1.150737,
    "value_pln": 12150.25
  },
  "ETHPLN": 10558.67,
  "ETHUSD": 2996.66
}