{
  "USDC": 0.25355775,
  "WETH": 7.3038809e-05,
  "WETH_viaUSDC": 7.2506391e-05,
  "diff_pct": 0.007316,
  "prefer": "viaUSDC",
  "pool": {
    "address_usdc": "0xca71156bFe3bBecb281B78BF8bd9C083D1db222b",
    "address_weth": "0x4F4F6a4f5A28420B57A49Fe5cc935b441BB52456",
    "krs_usdc": 1290.6069455478346,
    "usdc": 693.233127,
    "krs_weth": 397.06461499203016,
    "weth": 0.1291530099394356,
    "value_usd": 1572.81,
    "value_eth": 0.449754,
    "value_pln": 5752.67
  },
  "ETHPLN": 12790.69,
  "ETHUSD": 3497.04
}