{
  "WETH": 0.0001842,
  "USDC": 0.24913542,
  "pool": {
    "krs_usdc": 2181.402431648528,
    "usdc": 461.905787,
    "krs_weth": 389.5608776268437,
    "weth": 0.016641774749443998,
    "value_usd": 1005.44,
    "value_eth": 0.219828,
    "value_pln": 3688.16
  },
  "ETHPLN": 16777.48,
  "ETHUSD": 4573.77
}