{
  "WETH": 0.00010212,
  "USDC": 0.25147295,
  "pool": {
    "krs_usdc": 1679.1907674123145,
    "usdc": 577.281422,
    "krs_weth": 890.3460210950254,
    "weth": 0.06442484190998009,
    "value_usd": 999.64,
    "value_eth": 0.38733,
    "value_pln": 3717.31
  },
  "ETHPLN": 9597.28,
  "ETHUSD": 2580.86
}