{
  "WETH": 0.00010834,
  "USDC": 0.25394981,
  "pool": {
    "krs_usdc": 1194.1171440903836,
    "usdc": 708.922238,
    "krs_weth": 1374.424337367196,
    "weth": 0.021896762336025447,
    "value_usd": 1012.32,
    "value_eth": 0.365592,
    "value_pln": 3662.65
  },
  "ETHPLN": 10018.41,
  "ETHUSD": 2768.98
}