{
  "WETH": 0.00010035,
  "USDC": 0.25090447,
  "pool": {
    "krs_usdc": 1804.8665170288473,
    "usdc": 550.324867,
    "krs_weth": 764.6702714784913,
    "weth": 0.0786354539513089,
    "value_usd": 1003.25,
    "value_eth": 0.396904,
    "value_pln": 3731.01
  },
  "ETHPLN": 9400.27,
  "ETHUSD": 2527.69
}